Scenario ID,Health Signal,Subsystem,Current Task,Condition,Anomaly,Recommended Procedure,Expected Outcome,Operator Approval Required,Priority
SCN-00001,Green,Thermal,Orbit Correction,Temperature < 45°C,None,Continue Operation,Subsystem remains stable,No,Low
SCN-00002,Yellow,Thermal,Downlink,Temperature 45-65°C,Potential Thermal Anomaly,Reduce CPU Load,Prevent overheating,Yes,Medium
SCN-00003,Yellow,Thermal,Calibration,Temperature 45-65°C,Potential Thermal Anomaly,Reduce CPU Load,Prevent overheating,Yes,Medium
SCN-00004,Green,Storage,Idle,Storage < 70%,None,Continue Capturing Images,Store additional payload data,No,Low
SCN-00005,Red,Thermal,Downlink,Temperature > 70°C,Thermal Failure,Shutdown Payload,Prevent hardware damage,Yes,Critical
SCN-00006,Green,Payload,Downlink,Camera Operational,None,Capture Earth Images,Mission objective achieved,No,Low
SCN-00007,Green,Payload,Orbit Correction,Camera Operational,None,Capture Earth Images,Mission objective achieved,No,Low
SCN-00008,Green,Power,Capturing Earth Images,Battery > 70%,None,Continue Mission,Nominal power operation,No,Low
SCN-00009,Green,Payload,Idle,Camera Operational,None,Capture Earth Images,Mission objective achieved,No,Low
SCN-00010,Green,Thermal,Orbit Correction,Temperature < 45°C,None,Continue Operation,Subsystem remains stable,No,Low
SCN-00011,Yellow,Payload,Downlink,Camera Temperature Rising,Potential Payload Anomaly,Reduce Image Capture Rate,Prevent camera shutdown,Yes,Medium
SCN-00012,Yellow,Storage,Calibration,Storage 70-90%,Potential Storage Anomaly,Schedule Downlink,Avoid storage overflow,Yes,Medium
SCN-00013,Green,Payload,Calibration,Camera Operational,None,Capture Earth Images,Mission objective achieved,No,Low
SCN-00014,Green,Payload,Idle,Camera Operational,None,Capture Earth Images,Mission objective achieved,No,Low
SCN-00015,Green,Thermal,Idle,Temperature < 45°C,None,Continue Operation,Subsystem remains stable,No,Low
SCN-00016,Green,Storage,Downlink,Storage < 70%,None,Continue Capturing Images,Store additional payload data,No,Low
SCN-00017,Red,Payload,Idle,Camera Failure,Payload Failure,Restart Camera Module,Restore payload functionality,Yes,Critical
SCN-00018,Yellow,Thermal,Capturing Earth Images,Temperature 45-65°C,Potential Thermal Anomaly,Reduce CPU Load,Prevent overheating,Yes,Medium
SCN-00019,Green,Payload,Idle,Camera Operational,None,Capture Earth Images,Mission objective achieved,No,Low
SCN-00020,Yellow,Thermal,Idle,Temperature 45-65°C,Potential Thermal Anomaly,Reduce CPU Load,Prevent overheating,Yes,Medium
SCN-00021,Yellow,Thermal,Downlink,Temperature 45-65°C,Potential Thermal Anomaly,Reduce CPU Load,Prevent overheating,Yes,Medium
SCN-00022,Green,Storage,Calibration,Storage < 70%,None,Continue Capturing Images,Store additional payload data,No,Low
SCN-00023,Green,Thermal,Idle,Temperature < 45°C,None,Continue Operation,Subsystem remains stable,No,Low
SCN-00024,Green,Payload,Orbit Correction,Camera Operational,None,Capture Earth Images,Mission objective achieved,No,Low
SCN-00025,Green,Storage,Idle,Storage < 70%,None,Continue Capturing Images,Store additional payload data,No,Low
SCN-00026,Green,Power,Orbit Correction,Battery > 70%,None,Continue Mission,Nominal power operation,No,Low
SCN-00027,Red,Power,Idle,Solar Panel Failure,Power Failure,Disable Payload,Reduce power consumption,Yes,Critical
SCN-00028,Yellow,Thermal,Calibration,Temperature 45-65°C,Potential Thermal Anomaly,Reduce CPU Load,Prevent overheating,Yes,Medium
SCN-00029,Green,Payload,Calibration,Camera Operational,None,Capture Earth Images,Mission objective achieved,No,Low
SCN-00030,Green,Communication,Orbit Correction,Signal Stable,None,Continue Downlink,Telemetry transmitted successfully,No,Low
SCN-00031,Green,Payload,Downlink,Camera Operational,None,Capture Earth Images,Mission objective achieved,No,Low
SCN-00032,Green,Communication,Calibration,Signal Stable,None,Continue Downlink,Telemetry transmitted successfully,No,Low
SCN-00033,Yellow,Payload,Orbit Correction,Camera Temperature Rising,Potential Payload Anomaly,Reduce Image Capture Rate,Prevent camera shutdown,Yes,Medium
SCN-00034,Red,Power,Orbit Correction,Battery < 20%,Power Failure,Enter Safe Mode,Prevent complete battery depletion,Yes,Critical
SCN-00035,Red,Power,Calibration,Battery < 20%,Power Failure,Enter Safe Mode,Prevent complete battery depletion,Yes,Critical
SCN-00036,Green,Power,Calibration,Battery > 70%,None,Continue Mission,Nominal power operation,No,Low
SCN-00037,Green,Storage,Orbit Correction,Storage < 70%,None,Continue Capturing Images,Store additional payload data,No,Low
SCN-00038,Yellow,Storage,Capturing Earth Images,Storage 70-90%,Potential Storage Anomaly,Schedule Downlink,Avoid storage overflow,Yes,Medium
SCN-00039,Green,Payload,Idle,Camera Operational,None,Capture Earth Images,Mission objective achieved,No,Low
SCN-00040,Green,Communication,Capturing Earth Images,Signal Stable,None,Continue Downlink,Telemetry transmitted successfully,No,Low
SCN-00041,Green,Power,Downlink,Solar Output Normal,None,Continue Charging,Battery remains healthy,No,Low
SCN-00042,Green,Storage,Calibration,Storage < 70%,None,Continue Capturing Images,Store additional payload data,No,Low
SCN-00043,Yellow,Communication,Orbit Correction,Weak Signal,Potential Communication Anomaly,Prepare Next Ground Pass,Avoid communication failure,Yes,Medium
SCN-00044,Green,Thermal,Orbit Correction,Temperature < 45°C,None,Continue Operation,Subsystem remains stable,No,Low
SCN-00045,Green,Thermal,Orbit Correction,Temperature < 45°C,None,Continue Operation,Subsystem remains stable,No,Low
SCN-00046,Red,Power,Calibration,Battery < 20%,Power Failure,Enter Safe Mode,Prevent complete battery depletion,Yes,Critical
SCN-00047,Yellow,Communication,Capturing Earth Images,Weak Signal,Potential Communication Anomaly,Prepare Next Ground Pass,Avoid communication failure,Yes,Medium
SCN-00048,Green,Communication,Idle,Signal Stable,None,Continue Downlink,Telemetry transmitted successfully,No,Low
SCN-00049,Green,Storage,Calibration,Storage < 70%,None,Continue Capturing Images,Store additional payload data,No,Low
SCN-00050,Green,Thermal,Idle,Temperature < 45°C,None,Continue Operation,Subsystem remains stable,No,Low
SCN-00051,Green,Thermal,Calibration,Temperature < 45°C,None,Continue Operation,Subsystem remains stable,No,Low
SCN-00052,Green,Power,Orbit Correction,Battery > 70%,None,Continue Mission,Nominal power operation,No,Low
SCN-00053,Green,Thermal,Downlink,Temperature < 45°C,None,Continue Operation,Subsystem remains stable,No,Low
SCN-00054,Green,Storage,Orbit Correction,Storage < 70%,None,Continue Capturing Images,Store additional payload data,No,Low
SCN-00055,Yellow,Communication,Capturing Earth Images,Weak Signal,Potential Communication Anomaly,Prepare Next Ground Pass,Avoid communication failure,Yes,Medium
SCN-00056,Red,Storage,Idle,Storage > 95%,Storage Failure,Stop Image Capture and Downlink,Free storage space,Yes,Critical
SCN-00057,Green,Communication,Capturing Earth Images,Signal Stable,None,Continue Downlink,Telemetry transmitted successfully,No,Low
SCN-00058,Yellow,Payload,Calibration,Camera Temperature Rising,Potential Payload Anomaly,Reduce Image Capture Rate,Prevent camera shutdown,Yes,Medium
SCN-00059,Green,Communication,Idle,Signal Stable,None,Continue Downlink,Telemetry transmitted successfully,No,Low
SCN-00060,Green,Payload,Idle,Camera Operational,None,Capture Earth Images,Mission objective achieved,No,Low
SCN-00061,Yellow,Payload,Capturing Earth Images,Camera Temperature Rising,Potential Payload Anomaly,Reduce Image Capture Rate,Prevent camera shutdown,Yes,Medium
SCN-00062,Yellow,Payload,Capturing Earth Images,Camera Temperature Rising,Potential Payload Anomaly,Reduce Image Capture Rate,Prevent camera shutdown,Yes,Medium
SCN-00063,Yellow,Storage,Downlink,Storage 70-90%,Potential Storage Anomaly,Schedule Downlink,Avoid storage overflow,Yes,Medium
SCN-00064,Yellow,Communication,Capturing Earth Images,Weak Signal,Potential Communication Anomaly,Prepare Next Ground Pass,Avoid communication failure,Yes,Medium
SCN-00065,Red,Thermal,Calibration,Temperature > 70°C,Thermal Failure,Shutdown Payload,Prevent hardware damage,Yes,Critical
SCN-00066,Green,Thermal,Idle,Temperature < 45°C,None,Continue Operation,Subsystem remains stable,No,Low
SCN-00067,Yellow,Storage,Capturing Earth Images,Storage 70-90%,Potential Storage Anomaly,Schedule Downlink,Avoid storage overflow,Yes,Medium
SCN-00068,Green,Payload,Calibration,Camera Operational,None,Capture Earth Images,Mission objective achieved,No,Low
SCN-00069,Yellow,Storage,Idle,Storage 70-90%,Potential Storage Anomaly,Schedule Downlink,Avoid storage overflow,Yes,Medium
SCN-00070,Yellow,Payload,Capturing Earth Images,Camera Temperature Rising,Potential Payload Anomaly,Reduce Image Capture Rate,Prevent camera shutdown,Yes,Medium
SCN-00071,Yellow,Payload,Calibration,Camera Temperature Rising,Potential Payload Anomaly,Reduce Image Capture Rate,Prevent camera shutdown,Yes,Medium
SCN-00072,Green,Payload,Calibration,Camera Operational,None,Capture Earth Images,Mission objective achieved,No,Low
SCN-00073,Green,Payload,Idle,Camera Operational,None,Capture Earth Images,Mission objective achieved,No,Low
SCN-00074,Green,Power,Downlink,Solar Output Normal,None,Continue Charging,Battery remains healthy,No,Low
SCN-00075,Green,Power,Capturing Earth Images,Solar Output Normal,None,Continue Charging,Battery remains healthy,No,Low
SCN-00076,Yellow,Power,Orbit Correction,Solar Output Low,Potential Power Anomaly,Rotate Solar Panels,Increase charging efficiency,Yes,Medium
SCN-00077,Yellow,Thermal,Calibration,Temperature 45-65°C,Potential Thermal Anomaly,Reduce CPU Load,Prevent overheating,Yes,Medium
SCN-00078,Red,Thermal,Downlink,Temperature > 70°C,Thermal Failure,Shutdown Payload,Prevent hardware damage,Yes,Critical
SCN-00079,Green,Thermal,Calibration,Temperature < 45°C,None,Continue Operation,Subsystem remains stable,No,Low
SCN-00080,Red,Communication,Capturing Earth Images,Communication Lost,Communication Failure,Queue Commands,Resume during next communication window,Yes,Critical
SCN-00081,Green,Storage,Idle,Storage < 70%,None,Continue Capturing Images,Store additional payload data,No,Low
SCN-00082,Yellow,Payload,Orbit Correction,Camera Temperature Rising,Potential Payload Anomaly,Reduce Image Capture Rate,Prevent camera shutdown,Yes,Medium
SCN-00083,Yellow,Thermal,Downlink,Temperature 45-65°C,Potential Thermal Anomaly,Reduce CPU Load,Prevent overheating,Yes,Medium
SCN-00084,Red,Thermal,Capturing Earth Images,Temperature > 70°C,Thermal Failure,Shutdown Payload,Prevent hardware damage,Yes,Critical
SCN-00085,Green,Communication,Downlink,Signal Stable,None,Continue Downlink,Telemetry transmitted successfully,No,Low
SCN-00086,Green,Storage,Orbit Correction,Storage < 70%,None,Continue Capturing Images,Store additional payload data,No,Low
SCN-00087,Green,Power,Idle,Solar Output Normal,None,Continue Charging,Battery remains healthy,No,Low
SCN-00088,Red,Storage,Idle,Storage > 95%,Storage Failure,Stop Image Capture and Downlink,Free storage space,Yes,Critical
SCN-00089,Yellow,Power,Calibration,Solar Output Low,Potential Power Anomaly,Rotate Solar Panels,Increase charging efficiency,Yes,Medium
SCN-00090,Green,Power,Calibration,Battery > 70%,None,Continue Mission,Nominal power operation,No,Low
SCN-00091,Green,Thermal,Downlink,Temperature < 45°C,None,Continue Operation,Subsystem remains stable,No,Low
SCN-00092,Green,Communication,Downlink,Signal Stable,None,Continue Downlink,Telemetry transmitted successfully,No,Low
SCN-00093,Green,Payload,Downlink,Camera Operational,None,Capture Earth Images,Mission objective achieved,No,Low
SCN-00094,Green,Payload,Downlink,Camera Operational,None,Capture Earth Images,Mission objective achieved,No,Low
SCN-00095,Green,Thermal,Idle,Temperature < 45°C,None,Continue Operation,Subsystem remains stable,No,Low
SCN-00096,Green,Storage,Capturing Earth Images,Storage < 70%,None,Continue Capturing Images,Store additional payload data,No,Low
SCN-00097,Green,Communication,Idle,Signal Stable,None,Continue Downlink,Telemetry transmitted successfully,No,Low
SCN-00098,Green,Power,Capturing Earth Images,Solar Output Normal,None,Continue Charging,Battery remains healthy,No,Low
SCN-00099,Green,Storage,Orbit Correction,Storage < 70%,None,Continue Capturing Images,Store additional payload data,No,Low
SCN-00100,Green,Payload,Downlink,Camera Operational,None,Capture Earth Images,Mission objective achieved,No,Low
SCN-00101,Green,Payload,Capturing Earth Images,Camera Operational,None,Capture Earth Images,Mission objective achieved,No,Low
SCN-00102,Green,Payload,Calibration,Camera Operational,None,Capture Earth Images,Mission objective achieved,No,Low
SCN-00103,Green,Communication,Idle,Signal Stable,None,Continue Downlink,Telemetry transmitted successfully,No,Low
SCN-00104,Yellow,Thermal,Idle,Temperature 45-65°C,Potential Thermal Anomaly,Reduce CPU Load,Prevent overheating,Yes,Medium
SCN-00105,Green,Payload,Capturing Earth Images,Camera Operational,None,Capture Earth Images,Mission objective achieved,No,Low
SCN-00106,Green,Thermal,Capturing Earth Images,Temperature < 45°C,None,Continue Operation,Subsystem remains stable,No,Low
SCN-00107,Green,Power,Downlink,Battery > 70%,None,Continue Mission,Nominal power operation,No,Low
SCN-00108,Green,Payload,Idle,Camera Operational,None,Capture Earth Images,Mission objective achieved,No,Low
SCN-00109,Green,Thermal,Calibration,Temperature < 45°C,None,Continue Operation,Subsystem remains stable,No,Low
SCN-00110,Green,Storage,Calibration,Storage < 70%,None,Continue Capturing Images,Store additional payload data,No,Low
SCN-00111,Green,Communication,Idle,Signal Stable,None,Continue Downlink,Telemetry transmitted successfully,No,Low
SCN-00112,Yellow,Payload,Capturing Earth Images,Camera Temperature Rising,Potential Payload Anomaly,Reduce Image Capture Rate,Prevent camera shutdown,Yes,Medium
SCN-00113,Yellow,Storage,Idle,Storage 70-90%,Potential Storage Anomaly,Schedule Downlink,Avoid storage overflow,Yes,Medium
SCN-00114,Green,Storage,Capturing Earth Images,Storage < 70%,None,Continue Capturing Images,Store additional payload data,No,Low
SCN-00115,Green,Thermal,Orbit Correction,Temperature < 45°C,None,Continue Operation,Subsystem remains stable,No,Low
SCN-00116,Yellow,Storage,Downlink,Storage 70-90%,Potential Storage Anomaly,Schedule Downlink,Avoid storage overflow,Yes,Medium
SCN-00117,Green,Communication,Orbit Correction,Signal Stable,None,Continue Downlink,Telemetry transmitted successfully,No,Low
SCN-00118,Green,Payload,Idle,Camera Operational,None,Capture Earth Images,Mission objective achieved,No,Low
SCN-00119,Green,Storage,Idle,Storage < 70%,None,Continue Capturing Images,Store additional payload data,No,Low
SCN-00120,Green,Thermal,Capturing Earth Images,Temperature < 45°C,None,Continue Operation,Subsystem remains stable,No,Low
SCN-00121,Red,Thermal,Orbit Correction,Temperature > 70°C,Thermal Failure,Shutdown Payload,Prevent hardware damage,Yes,Critical
SCN-00122,Green,Thermal,Idle,Temperature < 45°C,None,Continue Operation,Subsystem remains stable,No,Low
SCN-00123,Green,Power,Calibration,Solar Output Normal,None,Continue Charging,Battery remains healthy,No,Low
SCN-00124,Red,Communication,Calibration,Communication Lost,Communication Failure,Queue Commands,Resume during next communication window,Yes,Critical
SCN-00125,Green,Payload,Capturing Earth Images,Camera Operational,None,Capture Earth Images,Mission objective achieved,No,Low
SCN-00126,Red,Power,Capturing Earth Images,Solar Panel Failure,Power Failure,Disable Payload,Reduce power consumption,Yes,Critical
SCN-00127,Red,Communication,Idle,Communication Lost,Communication Failure,Queue Commands,Resume during next communication window,Yes,Critical
SCN-00128,Green,Payload,Calibration,Camera Operational,None,Capture Earth Images,Mission objective achieved,No,Low
SCN-00129,Green,Storage,Capturing Earth Images,Storage < 70%,None,Continue Capturing Images,Store additional payload data,No,Low
SCN-00130,Green,Storage,Idle,Storage < 70%,None,Continue Capturing Images,Store additional payload data,No,Low
SCN-00131,Red,Thermal,Calibration,Temperature > 70°C,Thermal Failure,Shutdown Payload,Prevent hardware damage,Yes,Critical
SCN-00132,Green,Storage,Calibration,Storage < 70%,None,Continue Capturing Images,Store additional payload data,No,Low
SCN-00133,Yellow,Power,Idle,Solar Output Low,Potential Power Anomaly,Rotate Solar Panels,Increase charging efficiency,Yes,Medium
SCN-00134,Green,Communication,Idle,Signal Stable,None,Continue Downlink,Telemetry transmitted successfully,No,Low
SCN-00135,Yellow,Communication,Calibration,Weak Signal,Potential Communication Anomaly,Prepare Next Ground Pass,Avoid communication failure,Yes,Medium
SCN-00136,Green,Thermal,Orbit Correction,Temperature < 45°C,None,Continue Operation,Subsystem remains stable,No,Low
SCN-00137,Green,Thermal,Calibration,Temperature < 45°C,None,Continue Operation,Subsystem remains stable,No,Low
SCN-00138,Yellow,Storage,Capturing Earth Images,Storage 70-90%,Potential Storage Anomaly,Schedule Downlink,Avoid storage overflow,Yes,Medium
SCN-00139,Green,Storage,Downlink,Storage < 70%,None,Continue Capturing Images,Store additional payload data,No,Low
SCN-00140,Green,Communication,Calibration,Signal Stable,None,Continue Downlink,Telemetry transmitted successfully,No,Low
SCN-00141,Green,Communication,Idle,Signal Stable,None,Continue Downlink,Telemetry transmitted successfully,No,Low
SCN-00142,Green,Power,Calibration,Battery > 70%,None,Continue Mission,Nominal power operation,No,Low
SCN-00143,Green,Power,Capturing Earth Images,Solar Output Normal,None,Continue Charging,Battery remains healthy,No,Low
SCN-00144,Yellow,Storage,Calibration,Storage 70-90%,Potential Storage Anomaly,Schedule Downlink,Avoid storage overflow,Yes,Medium
SCN-00145,Red,Storage,Downlink,Storage > 95%,Storage Failure,Stop Image Capture and Downlink,Free storage space,Yes,Critical
SCN-00146,Green,Thermal,Capturing Earth Images,Temperature < 45°C,None,Continue Operation,Subsystem remains stable,No,Low
SCN-00147,Green,Thermal,Downlink,Temperature < 45°C,None,Continue Operation,Subsystem remains stable,No,Low
SCN-00148,Green,Communication,Idle,Signal Stable,None,Continue Downlink,Telemetry transmitted successfully,No,Low
SCN-00149,Yellow,Communication,Idle,Weak Signal,Potential Communication Anomaly,Prepare Next Ground Pass,Avoid communication failure,Yes,Medium
SCN-00150,Green,Power,Orbit Correction,Solar Output Normal,None,Continue Charging,Battery remains healthy,No,Low
SCN-00151,Green,Thermal,Calibration,Temperature < 45°C,None,Continue Operation,Subsystem remains stable,No,Low
SCN-00152,Green,Power,Orbit Correction,Solar Output Normal,None,Continue Charging,Battery remains healthy,No,Low
SCN-00153,Green,Communication,Orbit Correction,Signal Stable,None,Continue Downlink,Telemetry transmitted successfully,No,Low
SCN-00154,Green,Power,Orbit Correction,Solar Output Normal,None,Continue Charging,Battery remains healthy,No,Low
SCN-00155,Green,Thermal,Calibration,Temperature < 45°C,None,Continue Operation,Subsystem remains stable,No,Low
SCN-00156,Green,Storage,Downlink,Storage < 70%,None,Continue Capturing Images,Store additional payload data,No,Low
SCN-00157,Yellow,Communication,Downlink,Weak Signal,Potential Communication Anomaly,Prepare Next Ground Pass,Avoid communication failure,Yes,Medium
SCN-00158,Green,Storage,Calibration,Storage < 70%,None,Continue Capturing Images,Store additional payload data,No,Low
SCN-00159,Green,Storage,Capturing Earth Images,Storage < 70%,None,Continue Capturing Images,Store additional payload data,No,Low
SCN-00160,Green,Communication,Calibration,Signal Stable,None,Continue Downlink,Telemetry transmitted successfully,No,Low
SCN-00161,Red,Storage,Calibration,Storage > 95%,Storage Failure,Stop Image Capture and Downlink,Free storage space,Yes,Critical
SCN-00162,Green,Storage,Idle,Storage < 70%,None,Continue Capturing Images,Store additional payload data,No,Low
SCN-00163,Green,Storage,Orbit Correction,Storage < 70%,None,Continue Capturing Images,Store additional payload data,No,Low
SCN-00164,Green,Payload,Orbit Correction,Camera Operational,None,Capture Earth Images,Mission objective achieved,No,Low
SCN-00165,Green,Payload,Orbit Correction,Camera Operational,None,Capture Earth Images,Mission objective achieved,No,Low
SCN-00166,Green,Storage,Downlink,Storage < 70%,None,Continue Capturing Images,Store additional payload data,No,Low
SCN-00167,Green,Thermal,Calibration,Temperature < 45°C,None,Continue Operation,Subsystem remains stable,No,Low
SCN-00168,Green,Thermal,Capturing Earth Images,Temperature < 45°C,None,Continue Operation,Subsystem remains stable,No,Low
SCN-00169,Green,Power,Capturing Earth Images,Battery > 70%,None,Continue Mission,Nominal power operation,No,Low
SCN-00170,Green,Communication,Orbit Correction,Signal Stable,None,Continue Downlink,Telemetry transmitted successfully,No,Low
SCN-00171,Green,Power,Orbit Correction,Battery > 70%,None,Continue Mission,Nominal power operation,No,Low
SCN-00172,Green,Power,Idle,Battery > 70%,None,Continue Mission,Nominal power operation,No,Low
SCN-00173,Green,Communication,Capturing Earth Images,Signal Stable,None,Continue Downlink,Telemetry transmitted successfully,No,Low
SCN-00174,Green,Payload,Idle,Camera Operational,None,Capture Earth Images,Mission objective achieved,No,Low
SCN-00175,Yellow,Power,Downlink,Solar Output Low,Potential Power Anomaly,Rotate Solar Panels,Increase charging efficiency,Yes,Medium
SCN-00176,Yellow,Storage,Orbit Correction,Storage 70-90%,Potential Storage Anomaly,Schedule Downlink,Avoid storage overflow,Yes,Medium
SCN-00177,Green,Power,Orbit Correction,Battery > 70%,None,Continue Mission,Nominal power operation,No,Low
SCN-00178,Green,Payload,Calibration,Camera Operational,None,Capture Earth Images,Mission objective achieved,No,Low
SCN-00179,Green,Storage,Calibration,Storage < 70%,None,Continue Capturing Images,Store additional payload data,No,Low
SCN-00180,Green,Communication,Downlink,Signal Stable,None,Continue Downlink,Telemetry transmitted successfully,No,Low
SCN-00181,Green,Thermal,Orbit Correction,Temperature < 45°C,None,Continue Operation,Subsystem remains stable,No,Low
SCN-00182,Green,Payload,Idle,Camera Operational,None,Capture Earth Images,Mission objective achieved,No,Low
SCN-00183,Yellow,Communication,Downlink,Weak Signal,Potential Communication Anomaly,Prepare Next Ground Pass,Avoid communication failure,Yes,Medium
SCN-00184,Green,Payload,Capturing Earth Images,Camera Operational,None,Capture Earth Images,Mission objective achieved,No,Low
SCN-00185,Green,Storage,Capturing Earth Images,Storage < 70%,None,Continue Capturing Images,Store additional payload data,No,Low
SCN-00186,Red,Storage,Downlink,Storage > 95%,Storage Failure,Stop Image Capture and Downlink,Free storage space,Yes,Critical
SCN-00187,Green,Communication,Orbit Correction,Signal Stable,None,Continue Downlink,Telemetry transmitted successfully,No,Low
SCN-00188,Green,Communication,Downlink,Signal Stable,None,Continue Downlink,Telemetry transmitted successfully,No,Low
SCN-00189,Green,Thermal,Downlink,Temperature < 45°C,None,Continue Operation,Subsystem remains stable,No,Low
SCN-00190,Red,Storage,Calibration,Storage > 95%,Storage Failure,Stop Image Capture and Downlink,Free storage space,Yes,Critical
SCN-00191,Yellow,Payload,Downlink,Camera Temperature Rising,Potential Payload Anomaly,Reduce Image Capture Rate,Prevent camera shutdown,Yes,Medium
SCN-00192,Green,Storage,Orbit Correction,Storage < 70%,None,Continue Capturing Images,Store additional payload data,No,Low
SCN-00193,Yellow,Communication,Idle,Weak Signal,Potential Communication Anomaly,Prepare Next Ground Pass,Avoid communication failure,Yes,Medium
SCN-00194,Green,Communication,Capturing Earth Images,Signal Stable,None,Continue Downlink,Telemetry transmitted successfully,No,Low
SCN-00195,Yellow,Storage,Orbit Correction,Storage 70-90%,Potential Storage Anomaly,Schedule Downlink,Avoid storage overflow,Yes,Medium
SCN-00196,Red,Storage,Downlink,Storage > 95%,Storage Failure,Stop Image Capture and Downlink,Free storage space,Yes,Critical
SCN-00197,Green,Payload,Downlink,Camera Operational,None,Capture Earth Images,Mission objective achieved,No,Low
SCN-00198,Green,Power,Downlink,Solar Output Normal,None,Continue Charging,Battery remains healthy,No,Low
SCN-00199,Green,Power,Calibration,Solar Output Normal,None,Continue Charging,Battery remains healthy,No,Low
SCN-00200,Green,Storage,Calibration,Storage < 70%,None,Continue Capturing Images,Store additional payload data,No,Low
SCN-00201,Green,Communication,Idle,Signal Stable,None,Continue Downlink,Telemetry transmitted successfully,No,Low
SCN-00202,Green,Communication,Downlink,Signal Stable,None,Continue Downlink,Telemetry transmitted successfully,No,Low
SCN-00203,Yellow,Communication,Downlink,Weak Signal,Potential Communication Anomaly,Prepare Next Ground Pass,Avoid communication failure,Yes,Medium
SCN-00204,Red,Storage,Orbit Correction,Storage > 95%,Storage Failure,Stop Image Capture and Downlink,Free storage space,Yes,Critical
SCN-00205,Yellow,Communication,Calibration,Weak Signal,Potential Communication Anomaly,Prepare Next Ground Pass,Avoid communication failure,Yes,Medium
SCN-00206,Green,Storage,Calibration,Storage < 70%,None,Continue Capturing Images,Store additional payload data,No,Low
SCN-00207,Green,Thermal,Orbit Correction,Temperature < 45°C,None,Continue Operation,Subsystem remains stable,No,Low
SCN-00208,Red,Thermal,Orbit Correction,Temperature > 70°C,Thermal Failure,Shutdown Payload,Prevent hardware damage,Yes,Critical
SCN-00209,Green,Storage,Calibration,Storage < 70%,None,Continue Capturing Images,Store additional payload data,No,Low
SCN-00210,Green,Thermal,Orbit Correction,Temperature < 45°C,None,Continue Operation,Subsystem remains stable,No,Low
SCN-00211,Green,Communication,Orbit Correction,Signal Stable,None,Continue Downlink,Telemetry transmitted successfully,No,Low
SCN-00212,Red,Power,Calibration,Solar Panel Failure,Power Failure,Disable Payload,Reduce power consumption,Yes,Critical
SCN-00213,Yellow,Thermal,Idle,Temperature 45-65°C,Potential Thermal Anomaly,Reduce CPU Load,Prevent overheating,Yes,Medium
SCN-00214,Yellow,Thermal,Idle,Temperature 45-65°C,Potential Thermal Anomaly,Reduce CPU Load,Prevent overheating,Yes,Medium
SCN-00215,Yellow,Power,Idle,Solar Output Low,Potential Power Anomaly,Rotate Solar Panels,Increase charging efficiency,Yes,Medium
SCN-00216,Yellow,Power,Idle,Battery 30-70%,Potential Power Anomaly,Reduce Payload Power,Battery drain reduced,Yes,Medium
SCN-00217,Green,Thermal,Idle,Temperature < 45°C,None,Continue Operation,Subsystem remains stable,No,Low
SCN-00218,Green,Communication,Orbit Correction,Signal Stable,None,Continue Downlink,Telemetry transmitted successfully,No,Low
SCN-00219,Green,Power,Downlink,Battery > 70%,None,Continue Mission,Nominal power operation,No,Low
SCN-00220,Green,Power,Orbit Correction,Solar Output Normal,None,Continue Charging,Battery remains healthy,No,Low
SCN-00221,Green,Payload,Capturing Earth Images,Camera Operational,None,Capture Earth Images,Mission objective achieved,No,Low
SCN-00222,Yellow,Payload,Downlink,Camera Temperature Rising,Potential Payload Anomaly,Reduce Image Capture Rate,Prevent camera shutdown,Yes,Medium
SCN-00223,Green,Thermal,Downlink,Temperature < 45°C,None,Continue Operation,Subsystem remains stable,No,Low
SCN-00224,Green,Payload,Calibration,Camera Operational,None,Capture Earth Images,Mission objective achieved,No,Low
SCN-00225,Yellow,Thermal,Orbit Correction,Temperature 45-65°C,Potential Thermal Anomaly,Reduce CPU Load,Prevent overheating,Yes,Medium
SCN-00226,Green,Communication,Downlink,Signal Stable,None,Continue Downlink,Telemetry transmitted successfully,No,Low
SCN-00227,Green,Power,Capturing Earth Images,Battery > 70%,None,Continue Mission,Nominal power operation,No,Low
SCN-00228,Yellow,Power,Idle,Solar Output Low,Potential Power Anomaly,Rotate Solar Panels,Increase charging efficiency,Yes,Medium
SCN-00229,Green,Payload,Idle,Camera Operational,None,Capture Earth Images,Mission objective achieved,No,Low
SCN-00230,Green,Payload,Calibration,Camera Operational,None,Capture Earth Images,Mission objective achieved,No,Low
SCN-00231,Yellow,Communication,Capturing Earth Images,Weak Signal,Potential Communication Anomaly,Prepare Next Ground Pass,Avoid communication failure,Yes,Medium
SCN-00232,Green,Storage,Capturing Earth Images,Storage < 70%,None,Continue Capturing Images,Store additional payload data,No,Low
SCN-00233,Green,Communication,Downlink,Signal Stable,None,Continue Downlink,Telemetry transmitted successfully,No,Low
SCN-00234,Green,Payload,Capturing Earth Images,Camera Operational,None,Capture Earth Images,Mission objective achieved,No,Low
SCN-00235,Green,Storage,Downlink,Storage < 70%,None,Continue Capturing Images,Store additional payload data,No,Low
SCN-00236,Red,Communication,Orbit Correction,Communication Lost,Communication Failure,Queue Commands,Resume during next communication window,Yes,Critical
SCN-00237,Green,Power,Orbit Correction,Solar Output Normal,None,Continue Charging,Battery remains healthy,No,Low
SCN-00238,Green,Thermal,Idle,Temperature < 45°C,None,Continue Operation,Subsystem remains stable,No,Low
SCN-00239,Green,Storage,Capturing Earth Images,Storage < 70%,None,Continue Capturing Images,Store additional payload data,No,Low
SCN-00240,Yellow,Storage,Downlink,Storage 70-90%,Potential Storage Anomaly,Schedule Downlink,Avoid storage overflow,Yes,Medium
SCN-00241,Yellow,Thermal,Downlink,Temperature 45-65°C,Potential Thermal Anomaly,Reduce CPU Load,Prevent overheating,Yes,Medium
SCN-00242,Green,Power,Orbit Correction,Solar Output Normal,None,Continue Charging,Battery remains healthy,No,Low
SCN-00243,Yellow,Storage,Orbit Correction,Storage 70-90%,Potential Storage Anomaly,Schedule Downlink,Avoid storage overflow,Yes,Medium
SCN-00244,Green,Storage,Orbit Correction,Storage < 70%,None,Continue Capturing Images,Store additional payload data,No,Low
SCN-00245,Green,Thermal,Calibration,Temperature < 45°C,None,Continue Operation,Subsystem remains stable,No,Low
SCN-00246,Green,Storage,Calibration,Storage < 70%,None,Continue Capturing Images,Store additional payload data,No,Low
SCN-00247,Yellow,Storage,Idle,Storage 70-90%,Potential Storage Anomaly,Schedule Downlink,Avoid storage overflow,Yes,Medium
SCN-00248,Green,Payload,Orbit Correction,Camera Operational,None,Capture Earth Images,Mission objective achieved,No,Low
SCN-00249,Red,Thermal,Orbit Correction,Temperature > 70°C,Thermal Failure,Shutdown Payload,Prevent hardware damage,Yes,Critical
SCN-00250,Yellow,Power,Calibration,Battery 30-70%,Potential Power Anomaly,Reduce Payload Power,Battery drain reduced,Yes,Medium
SCN-00251,Red,Power,Downlink,Battery < 20%,Power Failure,Enter Safe Mode,Prevent complete battery depletion,Yes,Critical
SCN-00252,Red,Payload,Idle,Camera Failure,Payload Failure,Restart Camera Module,Restore payload functionality,Yes,Critical
SCN-00253,Green,Payload,Downlink,Camera Operational,None,Capture Earth Images,Mission objective achieved,No,Low
SCN-00254,Green,Thermal,Idle,Temperature < 45°C,None,Continue Operation,Subsystem remains stable,No,Low
SCN-00255,Green,Payload,Calibration,Camera Operational,None,Capture Earth Images,Mission objective achieved,No,Low
SCN-00256,Yellow,Payload,Capturing Earth Images,Camera Temperature Rising,Potential Payload Anomaly,Reduce Image Capture Rate,Prevent camera shutdown,Yes,Medium
SCN-00257,Green,Payload,Calibration,Camera Operational,None,Capture Earth Images,Mission objective achieved,No,Low
SCN-00258,Red,Thermal,Downlink,Temperature > 70°C,Thermal Failure,Shutdown Payload,Prevent hardware damage,Yes,Critical
SCN-00259,Red,Storage,Downlink,Storage > 95%,Storage Failure,Stop Image Capture and Downlink,Free storage space,Yes,Critical
SCN-00260,Green,Storage,Orbit Correction,Storage < 70%,None,Continue Capturing Images,Store additional payload data,No,Low
SCN-00261,Green,Thermal,Orbit Correction,Temperature < 45°C,None,Continue Operation,Subsystem remains stable,No,Low
SCN-00262,Green,Thermal,Downlink,Temperature < 45°C,None,Continue Operation,Subsystem remains stable,No,Low
SCN-00263,Red,Storage,Capturing Earth Images,Storage > 95%,Storage Failure,Stop Image Capture and Downlink,Free storage space,Yes,Critical
SCN-00264,Green,Power,Calibration,Solar Output Normal,None,Continue Charging,Battery remains healthy,No,Low
SCN-00265,Green,Thermal,Idle,Temperature < 45°C,None,Continue Operation,Subsystem remains stable,No,Low
SCN-00266,Green,Payload,Downlink,Camera Operational,None,Capture Earth Images,Mission objective achieved,No,Low
SCN-00267,Yellow,Communication,Capturing Earth Images,Weak Signal,Potential Communication Anomaly,Prepare Next Ground Pass,Avoid communication failure,Yes,Medium
SCN-00268,Green,Power,Idle,Solar Output Normal,None,Continue Charging,Battery remains healthy,No,Low
SCN-00269,Green,Power,Orbit Correction,Solar Output Normal,None,Continue Charging,Battery remains healthy,No,Low
SCN-00270,Green,Payload,Downlink,Camera Operational,None,Capture Earth Images,Mission objective achieved,No,Low
SCN-00271,Green,Power,Orbit Correction,Solar Output Normal,None,Continue Charging,Battery remains healthy,No,Low
SCN-00272,Green,Payload,Orbit Correction,Camera Operational,None,Capture Earth Images,Mission objective achieved,No,Low
SCN-00273,Yellow,Communication,Capturing Earth Images,Weak Signal,Potential Communication Anomaly,Prepare Next Ground Pass,Avoid communication failure,Yes,Medium
SCN-00274,Green,Communication,Capturing Earth Images,Signal Stable,None,Continue Downlink,Telemetry transmitted successfully,No,Low
SCN-00275,Green,Thermal,Calibration,Temperature < 45°C,None,Continue Operation,Subsystem remains stable,No,Low
SCN-00276,Green,Thermal,Orbit Correction,Temperature < 45°C,None,Continue Operation,Subsystem remains stable,No,Low
SCN-00277,Red,Payload,Idle,Camera Failure,Payload Failure,Restart Camera Module,Restore payload functionality,Yes,Critical
SCN-00278,Yellow,Communication,Orbit Correction,Weak Signal,Potential Communication Anomaly,Prepare Next Ground Pass,Avoid communication failure,Yes,Medium
SCN-00279,Green,Thermal,Downlink,Temperature < 45°C,None,Continue Operation,Subsystem remains stable,No,Low
SCN-00280,Green,Storage,Orbit Correction,Storage < 70%,None,Continue Capturing Images,Store additional payload data,No,Low
SCN-00281,Red,Communication,Orbit Correction,Communication Lost,Communication Failure,Queue Commands,Resume during next communication window,Yes,Critical
SCN-00282,Green,Payload,Idle,Camera Operational,None,Capture Earth Images,Mission objective achieved,No,Low
SCN-00283,Green,Thermal,Idle,Temperature < 45°C,None,Continue Operation,Subsystem remains stable,No,Low
SCN-00284,Green,Thermal,Capturing Earth Images,Temperature < 45°C,None,Continue Operation,Subsystem remains stable,No,Low
SCN-00285,Red,Storage,Idle,Storage > 95%,Storage Failure,Stop Image Capture and Downlink,Free storage space,Yes,Critical
SCN-00286,Green,Power,Orbit Correction,Solar Output Normal,None,Continue Charging,Battery remains healthy,No,Low
SCN-00287,Green,Thermal,Capturing Earth Images,Temperature < 45°C,None,Continue Operation,Subsystem remains stable,No,Low
SCN-00288,Green,Storage,Calibration,Storage < 70%,None,Continue Capturing Images,Store additional payload data,No,Low
SCN-00289,Green,Communication,Idle,Signal Stable,None,Continue Downlink,Telemetry transmitted successfully,No,Low
SCN-00290,Green,Thermal,Idle,Temperature < 45°C,None,Continue Operation,Subsystem remains stable,No,Low
SCN-00291,Green,Payload,Idle,Camera Operational,None,Capture Earth Images,Mission objective achieved,No,Low
SCN-00292,Green,Storage,Orbit Correction,Storage < 70%,None,Continue Capturing Images,Store additional payload data,No,Low
SCN-00293,Yellow,Storage,Downlink,Storage 70-90%,Potential Storage Anomaly,Schedule Downlink,Avoid storage overflow,Yes,Medium
SCN-00294,Green,Power,Downlink,Solar Output Normal,None,Continue Charging,Battery remains healthy,No,Low
SCN-00295,Red,Payload,Idle,Camera Failure,Payload Failure,Restart Camera Module,Restore payload functionality,Yes,Critical
SCN-00296,Yellow,Power,Downlink,Battery 30-70%,Potential Power Anomaly,Reduce Payload Power,Battery drain reduced,Yes,Medium
SCN-00297,Green,Storage,Idle,Storage < 70%,None,Continue Capturing Images,Store additional payload data,No,Low
SCN-00298,Green,Power,Capturing Earth Images,Solar Output Normal,None,Continue Charging,Battery remains healthy,No,Low
SCN-00299,Red,Communication,Orbit Correction,Communication Lost,Communication Failure,Queue Commands,Resume during next communication window,Yes,Critical
SCN-00300,Green,Power,Downlink,Solar Output Normal,None,Continue Charging,Battery remains healthy,No,Low
SCN-00301,Green,Power,Orbit Correction,Solar Output Normal,None,Continue Charging,Battery remains healthy,No,Low
SCN-00302,Green,Payload,Idle,Camera Operational,None,Capture Earth Images,Mission objective achieved,No,Low
SCN-00303,Green,Communication,Downlink,Signal Stable,None,Continue Downlink,Telemetry transmitted successfully,No,Low
SCN-00304,Red,Power,Calibration,Solar Panel Failure,Power Failure,Disable Payload,Reduce power consumption,Yes,Critical
SCN-00305,Yellow,Thermal,Calibration,Temperature 45-65°C,Potential Thermal Anomaly,Reduce CPU Load,Prevent overheating,Yes,Medium
SCN-00306,Green,Communication,Idle,Signal Stable,None,Continue Downlink,Telemetry transmitted successfully,No,Low
SCN-00307,Red,Power,Calibration,Battery < 20%,Power Failure,Enter Safe Mode,Prevent complete battery depletion,Yes,Critical
SCN-00308,Green,Storage,Capturing Earth Images,Storage < 70%,None,Continue Capturing Images,Store additional payload data,No,Low
SCN-00309,Yellow,Payload,Downlink,Camera Temperature Rising,Potential Payload Anomaly,Reduce Image Capture Rate,Prevent camera shutdown,Yes,Medium
SCN-00310,Red,Storage,Capturing Earth Images,Storage > 95%,Storage Failure,Stop Image Capture and Downlink,Free storage space,Yes,Critical
SCN-00311,Green,Power,Calibration,Battery > 70%,None,Continue Mission,Nominal power operation,No,Low
SCN-00312,Green,Thermal,Idle,Temperature < 45°C,None,Continue Operation,Subsystem remains stable,No,Low
SCN-00313,Green,Communication,Downlink,Signal Stable,None,Continue Downlink,Telemetry transmitted successfully,No,Low
SCN-00314,Green,Storage,Capturing Earth Images,Storage < 70%,None,Continue Capturing Images,Store additional payload data,No,Low
SCN-00315,Yellow,Communication,Orbit Correction,Weak Signal,Potential Communication Anomaly,Prepare Next Ground Pass,Avoid communication failure,Yes,Medium
SCN-00316,Green,Storage,Downlink,Storage < 70%,None,Continue Capturing Images,Store additional payload data,No,Low
SCN-00317,Yellow,Communication,Idle,Weak Signal,Potential Communication Anomaly,Prepare Next Ground Pass,Avoid communication failure,Yes,Medium
SCN-00318,Yellow,Power,Calibration,Solar Output Low,Potential Power Anomaly,Rotate Solar Panels,Increase charging efficiency,Yes,Medium
SCN-00319,Green,Storage,Capturing Earth Images,Storage < 70%,None,Continue Capturing Images,Store additional payload data,No,Low
SCN-00320,Red,Communication,Calibration,Communication Lost,Communication Failure,Queue Commands,Resume during next communication window,Yes,Critical
SCN-00321,Green,Communication,Calibration,Signal Stable,None,Continue Downlink,Telemetry transmitted successfully,No,Low
SCN-00322,Red,Payload,Calibration,Camera Failure,Payload Failure,Restart Camera Module,Restore payload functionality,Yes,Critical
SCN-00323,Green,Communication,Downlink,Signal Stable,None,Continue Downlink,Telemetry transmitted successfully,No,Low
SCN-00324,Green,Storage,Idle,Storage < 70%,None,Continue Capturing Images,Store additional payload data,No,Low
SCN-00325,Green,Storage,Capturing Earth Images,Storage < 70%,None,Continue Capturing Images,Store additional payload data,No,Low
SCN-00326,Yellow,Payload,Orbit Correction,Camera Temperature Rising,Potential Payload Anomaly,Reduce Image Capture Rate,Prevent camera shutdown,Yes,Medium
SCN-00327,Green,Power,Downlink,Battery > 70%,None,Continue Mission,Nominal power operation,No,Low
SCN-00328,Green,Storage,Idle,Storage < 70%,None,Continue Capturing Images,Store additional payload data,No,Low
SCN-00329,Red,Storage,Capturing Earth Images,Storage > 95%,Storage Failure,Stop Image Capture and Downlink,Free storage space,Yes,Critical
SCN-00330,Green,Communication,Idle,Signal Stable,None,Continue Downlink,Telemetry transmitted successfully,No,Low
SCN-00331,Yellow,Thermal,Idle,Temperature 45-65°C,Potential Thermal Anomaly,Reduce CPU Load,Prevent overheating,Yes,Medium
SCN-00332,Green,Payload,Idle,Camera Operational,None,Capture Earth Images,Mission objective achieved,No,Low
SCN-00333,Red,Payload,Idle,Camera Failure,Payload Failure,Restart Camera Module,Restore payload functionality,Yes,Critical
SCN-00334,Green,Storage,Downlink,Storage < 70%,None,Continue Capturing Images,Store additional payload data,No,Low
SCN-00335,Red,Payload,Orbit Correction,Camera Failure,Payload Failure,Restart Camera Module,Restore payload functionality,Yes,Critical
SCN-00336,Green,Payload,Idle,Camera Operational,None,Capture Earth Images,Mission objective achieved,No,Low
SCN-00337,Yellow,Thermal,Downlink,Temperature 45-65°C,Potential Thermal Anomaly,Reduce CPU Load,Prevent overheating,Yes,Medium
SCN-00338,Green,Payload,Downlink,Camera Operational,None,Capture Earth Images,Mission objective achieved,No,Low
SCN-00339,Red,Power,Downlink,Battery < 20%,Power Failure,Enter Safe Mode,Prevent complete battery depletion,Yes,Critical
SCN-00340,Red,Communication,Calibration,Communication Lost,Communication Failure,Queue Commands,Resume during next communication window,Yes,Critical
SCN-00341,Green,Storage,Orbit Correction,Storage < 70%,None,Continue Capturing Images,Store additional payload data,No,Low
SCN-00342,Green,Payload,Downlink,Camera Operational,None,Capture Earth Images,Mission objective achieved,No,Low
SCN-00343,Green,Communication,Idle,Signal Stable,None,Continue Downlink,Telemetry transmitted successfully,No,Low
SCN-00344,Yellow,Thermal,Downlink,Temperature 45-65°C,Potential Thermal Anomaly,Reduce CPU Load,Prevent overheating,Yes,Medium
SCN-00345,Green,Communication,Idle,Signal Stable,None,Continue Downlink,Telemetry transmitted successfully,No,Low
SCN-00346,Yellow,Power,Calibration,Battery 30-70%,Potential Power Anomaly,Reduce Payload Power,Battery drain reduced,Yes,Medium
SCN-00347,Yellow,Thermal,Orbit Correction,Temperature 45-65°C,Potential Thermal Anomaly,Reduce CPU Load,Prevent overheating,Yes,Medium
SCN-00348,Green,Storage,Capturing Earth Images,Storage < 70%,None,Continue Capturing Images,Store additional payload data,No,Low
SCN-00349,Green,Storage,Downlink,Storage < 70%,None,Continue Capturing Images,Store additional payload data,No,Low
SCN-00350,Red,Thermal,Downlink,Temperature > 70°C,Thermal Failure,Shutdown Payload,Prevent hardware damage,Yes,Critical
SCN-00351,Red,Thermal,Capturing Earth Images,Temperature > 70°C,Thermal Failure,Shutdown Payload,Prevent hardware damage,Yes,Critical
SCN-00352,Green,Power,Orbit Correction,Battery > 70%,None,Continue Mission,Nominal power operation,No,Low
SCN-00353,Green,Power,Capturing Earth Images,Solar Output Normal,None,Continue Charging,Battery remains healthy,No,Low
SCN-00354,Yellow,Payload,Downlink,Camera Temperature Rising,Potential Payload Anomaly,Reduce Image Capture Rate,Prevent camera shutdown,Yes,Medium
SCN-00355,Yellow,Storage,Orbit Correction,Storage 70-90%,Potential Storage Anomaly,Schedule Downlink,Avoid storage overflow,Yes,Medium
SCN-00356,Green,Payload,Downlink,Camera Operational,None,Capture Earth Images,Mission objective achieved,No,Low
SCN-00357,Green,Payload,Calibration,Camera Operational,None,Capture Earth Images,Mission objective achieved,No,Low
SCN-00358,Green,Payload,Orbit Correction,Camera Operational,None,Capture Earth Images,Mission objective achieved,No,Low
SCN-00359,Yellow,Power,Idle,Battery 30-70%,Potential Power Anomaly,Reduce Payload Power,Battery drain reduced,Yes,Medium
SCN-00360,Green,Payload,Capturing Earth Images,Camera Operational,None,Capture Earth Images,Mission objective achieved,No,Low
SCN-00361,Green,Thermal,Capturing Earth Images,Temperature < 45°C,None,Continue Operation,Subsystem remains stable,No,Low
SCN-00362,Yellow,Payload,Orbit Correction,Camera Temperature Rising,Potential Payload Anomaly,Reduce Image Capture Rate,Prevent camera shutdown,Yes,Medium
SCN-00363,Green,Power,Downlink,Battery > 70%,None,Continue Mission,Nominal power operation,No,Low
SCN-00364,Green,Thermal,Downlink,Temperature < 45°C,None,Continue Operation,Subsystem remains stable,No,Low
SCN-00365,Yellow,Power,Capturing Earth Images,Battery 30-70%,Potential Power Anomaly,Reduce Payload Power,Battery drain reduced,Yes,Medium
SCN-00366,Green,Communication,Downlink,Signal Stable,None,Continue Downlink,Telemetry transmitted successfully,No,Low
SCN-00367,Yellow,Storage,Idle,Storage 70-90%,Potential Storage Anomaly,Schedule Downlink,Avoid storage overflow,Yes,Medium
SCN-00368,Red,Storage,Capturing Earth Images,Storage > 95%,Storage Failure,Stop Image Capture and Downlink,Free storage space,Yes,Critical
SCN-00369,Green,Storage,Capturing Earth Images,Storage < 70%,None,Continue Capturing Images,Store additional payload data,No,Low
SCN-00370,Green,Thermal,Orbit Correction,Temperature < 45°C,None,Continue Operation,Subsystem remains stable,No,Low
SCN-00371,Green,Communication,Orbit Correction,Signal Stable,None,Continue Downlink,Telemetry transmitted successfully,No,Low
SCN-00372,Green,Storage,Orbit Correction,Storage < 70%,None,Continue Capturing Images,Store additional payload data,No,Low
SCN-00373,Yellow,Payload,Calibration,Camera Temperature Rising,Potential Payload Anomaly,Reduce Image Capture Rate,Prevent camera shutdown,Yes,Medium
SCN-00374,Yellow,Storage,Downlink,Storage 70-90%,Potential Storage Anomaly,Schedule Downlink,Avoid storage overflow,Yes,Medium
SCN-00375,Green,Payload,Capturing Earth Images,Camera Operational,None,Capture Earth Images,Mission objective achieved,No,Low
SCN-00376,Yellow,Payload,Orbit Correction,Camera Temperature Rising,Potential Payload Anomaly,Reduce Image Capture Rate,Prevent camera shutdown,Yes,Medium
SCN-00377,Yellow,Power,Idle,Battery 30-70%,Potential Power Anomaly,Reduce Payload Power,Battery drain reduced,Yes,Medium
SCN-00378,Yellow,Thermal,Downlink,Temperature 45-65°C,Potential Thermal Anomaly,Reduce CPU Load,Prevent overheating,Yes,Medium
SCN-00379,Yellow,Payload,Idle,Camera Temperature Rising,Potential Payload Anomaly,Reduce Image Capture Rate,Prevent camera shutdown,Yes,Medium
SCN-00380,Green,Thermal,Orbit Correction,Temperature < 45°C,None,Continue Operation,Subsystem remains stable,No,Low
SCN-00381,Yellow,Communication,Capturing Earth Images,Weak Signal,Potential Communication Anomaly,Prepare Next Ground Pass,Avoid communication failure,Yes,Medium
SCN-00382,Yellow,Storage,Downlink,Storage 70-90%,Potential Storage Anomaly,Schedule Downlink,Avoid storage overflow,Yes,Medium
SCN-00383,Yellow,Payload,Capturing Earth Images,Camera Temperature Rising,Potential Payload Anomaly,Reduce Image Capture Rate,Prevent camera shutdown,Yes,Medium
SCN-00384,Green,Payload,Idle,Camera Operational,None,Capture Earth Images,Mission objective achieved,No,Low
SCN-00385,Green,Thermal,Downlink,Temperature < 45°C,None,Continue Operation,Subsystem remains stable,No,Low
SCN-00386,Yellow,Storage,Calibration,Storage 70-90%,Potential Storage Anomaly,Schedule Downlink,Avoid storage overflow,Yes,Medium
SCN-00387,Yellow,Storage,Downlink,Storage 70-90%,Potential Storage Anomaly,Schedule Downlink,Avoid storage overflow,Yes,Medium
SCN-00388,Green,Communication,Calibration,Signal Stable,None,Continue Downlink,Telemetry transmitted successfully,No,Low
SCN-00389,Red,Thermal,Capturing Earth Images,Temperature > 70°C,Thermal Failure,Shutdown Payload,Prevent hardware damage,Yes,Critical
SCN-00390,Green,Payload,Idle,Camera Operational,None,Capture Earth Images,Mission objective achieved,No,Low
SCN-00391,Red,Payload,Downlink,Camera Failure,Payload Failure,Restart Camera Module,Restore payload functionality,Yes,Critical
SCN-00392,Green,Storage,Capturing Earth Images,Storage < 70%,None,Continue Capturing Images,Store additional payload data,No,Low
SCN-00393,Green,Payload,Downlink,Camera Operational,None,Capture Earth Images,Mission objective achieved,No,Low
SCN-00394,Green,Power,Orbit Correction,Solar Output Normal,None,Continue Charging,Battery remains healthy,No,Low
SCN-00395,Green,Storage,Orbit Correction,Storage < 70%,None,Continue Capturing Images,Store additional payload data,No,Low
SCN-00396,Red,Payload,Orbit Correction,Camera Failure,Payload Failure,Restart Camera Module,Restore payload functionality,Yes,Critical
SCN-00397,Green,Power,Orbit Correction,Solar Output Normal,None,Continue Charging,Battery remains healthy,No,Low
SCN-00398,Red,Communication,Idle,Communication Lost,Communication Failure,Queue Commands,Resume during next communication window,Yes,Critical
SCN-00399,Green,Power,Calibration,Solar Output Normal,None,Continue Charging,Battery remains healthy,No,Low
SCN-00400,Green,Thermal,Orbit Correction,Temperature < 45°C,None,Continue Operation,Subsystem remains stable,No,Low
SCN-00401,Yellow,Thermal,Idle,Temperature 45-65°C,Potential Thermal Anomaly,Reduce CPU Load,Prevent overheating,Yes,Medium
SCN-00402,Yellow,Storage,Capturing Earth Images,Storage 70-90%,Potential Storage Anomaly,Schedule Downlink,Avoid storage overflow,Yes,Medium
SCN-00403,Green,Payload,Capturing Earth Images,Camera Operational,None,Capture Earth Images,Mission objective achieved,No,Low
SCN-00404,Green,Storage,Capturing Earth Images,Storage < 70%,None,Continue Capturing Images,Store additional payload data,No,Low
SCN-00405,Green,Power,Capturing Earth Images,Solar Output Normal,None,Continue Charging,Battery remains healthy,No,Low
SCN-00406,Red,Thermal,Idle,Temperature > 70°C,Thermal Failure,Shutdown Payload,Prevent hardware damage,Yes,Critical
SCN-00407,Green,Power,Calibration,Solar Output Normal,None,Continue Charging,Battery remains healthy,No,Low
SCN-00408,Green,Power,Orbit Correction,Solar Output Normal,None,Continue Charging,Battery remains healthy,No,Low
SCN-00409,Green,Storage,Capturing Earth Images,Storage < 70%,None,Continue Capturing Images,Store additional payload data,No,Low
SCN-00410,Red,Power,Idle,Battery < 20%,Power Failure,Enter Safe Mode,Prevent complete battery depletion,Yes,Critical
SCN-00411,Green,Power,Orbit Correction,Solar Output Normal,None,Continue Charging,Battery remains healthy,No,Low
SCN-00412,Green,Payload,Downlink,Camera Operational,None,Capture Earth Images,Mission objective achieved,No,Low
SCN-00413,Yellow,Payload,Idle,Camera Temperature Rising,Potential Payload Anomaly,Reduce Image Capture Rate,Prevent camera shutdown,Yes,Medium
SCN-00414,Green,Payload,Calibration,Camera Operational,None,Capture Earth Images,Mission objective achieved,No,Low
SCN-00415,Red,Storage,Capturing Earth Images,Storage > 95%,Storage Failure,Stop Image Capture and Downlink,Free storage space,Yes,Critical
SCN-00416,Red,Communication,Downlink,Communication Lost,Communication Failure,Queue Commands,Resume during next communication window,Yes,Critical
SCN-00417,Green,Payload,Capturing Earth Images,Camera Operational,None,Capture Earth Images,Mission objective achieved,No,Low
SCN-00418,Green,Power,Idle,Solar Output Normal,None,Continue Charging,Battery remains healthy,No,Low
SCN-00419,Green,Storage,Capturing Earth Images,Storage < 70%,None,Continue Capturing Images,Store additional payload data,No,Low
SCN-00420,Red,Storage,Orbit Correction,Storage > 95%,Storage Failure,Stop Image Capture and Downlink,Free storage space,Yes,Critical
SCN-00421,Green,Thermal,Capturing Earth Images,Temperature < 45°C,None,Continue Operation,Subsystem remains stable,No,Low
SCN-00422,Green,Power,Calibration,Battery > 70%,None,Continue Mission,Nominal power operation,No,Low
SCN-00423,Green,Storage,Downlink,Storage < 70%,None,Continue Capturing Images,Store additional payload data,No,Low
SCN-00424,Yellow,Communication,Downlink,Weak Signal,Potential Communication Anomaly,Prepare Next Ground Pass,Avoid communication failure,Yes,Medium
SCN-00425,Green,Payload,Calibration,Camera Operational,None,Capture Earth Images,Mission objective achieved,No,Low
SCN-00426,Green,Storage,Idle,Storage < 70%,None,Continue Capturing Images,Store additional payload data,No,Low
SCN-00427,Yellow,Payload,Calibration,Camera Temperature Rising,Potential Payload Anomaly,Reduce Image Capture Rate,Prevent camera shutdown,Yes,Medium
SCN-00428,Green,Payload,Orbit Correction,Camera Operational,None,Capture Earth Images,Mission objective achieved,No,Low
SCN-00429,Green,Storage,Idle,Storage < 70%,None,Continue Capturing Images,Store additional payload data,No,Low
SCN-00430,Red,Communication,Idle,Communication Lost,Communication Failure,Queue Commands,Resume during next communication window,Yes,Critical
SCN-00431,Red,Storage,Idle,Storage > 95%,Storage Failure,Stop Image Capture and Downlink,Free storage space,Yes,Critical
SCN-00432,Green,Storage,Downlink,Storage < 70%,None,Continue Capturing Images,Store additional payload data,No,Low
SCN-00433,Green,Payload,Downlink,Camera Operational,None,Capture Earth Images,Mission objective achieved,No,Low
SCN-00434,Red,Communication,Downlink,Communication Lost,Communication Failure,Queue Commands,Resume during next communication window,Yes,Critical
SCN-00435,Red,Communication,Downlink,Communication Lost,Communication Failure,Queue Commands,Resume during next communication window,Yes,Critical
SCN-00436,Green,Thermal,Orbit Correction,Temperature < 45°C,None,Continue Operation,Subsystem remains stable,No,Low
SCN-00437,Green,Power,Calibration,Solar Output Normal,None,Continue Charging,Battery remains healthy,No,Low
SCN-00438,Red,Payload,Idle,Camera Failure,Payload Failure,Restart Camera Module,Restore payload functionality,Yes,Critical
SCN-00439,Yellow,Storage,Downlink,Storage 70-90%,Potential Storage Anomaly,Schedule Downlink,Avoid storage overflow,Yes,Medium
SCN-00440,Green,Storage,Capturing Earth Images,Storage < 70%,None,Continue Capturing Images,Store additional payload data,No,Low
SCN-00441,Green,Storage,Calibration,Storage < 70%,None,Continue Capturing Images,Store additional payload data,No,Low
SCN-00442,Red,Power,Calibration,Solar Panel Failure,Power Failure,Disable Payload,Reduce power consumption,Yes,Critical
SCN-00443,Green,Thermal,Calibration,Temperature < 45°C,None,Continue Operation,Subsystem remains stable,No,Low
SCN-00444,Yellow,Power,Downlink,Solar Output Low,Potential Power Anomaly,Rotate Solar Panels,Increase charging efficiency,Yes,Medium
SCN-00445,Yellow,Payload,Capturing Earth Images,Camera Temperature Rising,Potential Payload Anomaly,Reduce Image Capture Rate,Prevent camera shutdown,Yes,Medium
SCN-00446,Green,Thermal,Idle,Temperature < 45°C,None,Continue Operation,Subsystem remains stable,No,Low
SCN-00447,Yellow,Payload,Capturing Earth Images,Camera Temperature Rising,Potential Payload Anomaly,Reduce Image Capture Rate,Prevent camera shutdown,Yes,Medium
SCN-00448,Green,Storage,Downlink,Storage < 70%,None,Continue Capturing Images,Store additional payload data,No,Low
SCN-00449,Yellow,Thermal,Downlink,Temperature 45-65°C,Potential Thermal Anomaly,Reduce CPU Load,Prevent overheating,Yes,Medium
SCN-00450,Yellow,Thermal,Idle,Temperature 45-65°C,Potential Thermal Anomaly,Reduce CPU Load,Prevent overheating,Yes,Medium
SCN-00451,Green,Storage,Calibration,Storage < 70%,None,Continue Capturing Images,Store additional payload data,No,Low
SCN-00452,Yellow,Storage,Orbit Correction,Storage 70-90%,Potential Storage Anomaly,Schedule Downlink,Avoid storage overflow,Yes,Medium
SCN-00453,Red,Thermal,Calibration,Temperature > 70°C,Thermal Failure,Shutdown Payload,Prevent hardware damage,Yes,Critical
SCN-00454,Green,Thermal,Capturing Earth Images,Temperature < 45°C,None,Continue Operation,Subsystem remains stable,No,Low
SCN-00455,Green,Payload,Downlink,Camera Operational,None,Capture Earth Images,Mission objective achieved,No,Low
SCN-00456,Green,Storage,Orbit Correction,Storage < 70%,None,Continue Capturing Images,Store additional payload data,No,Low
SCN-00457,Green,Payload,Orbit Correction,Camera Operational,None,Capture Earth Images,Mission objective achieved,No,Low
SCN-00458,Green,Storage,Downlink,Storage < 70%,None,Continue Capturing Images,Store additional payload data,No,Low
SCN-00459,Green,Communication,Capturing Earth Images,Signal Stable,None,Continue Downlink,Telemetry transmitted successfully,No,Low
SCN-00460,Green,Payload,Capturing Earth Images,Camera Operational,None,Capture Earth Images,Mission objective achieved,No,Low
SCN-00461,Green,Power,Downlink,Solar Output Normal,None,Continue Charging,Battery remains healthy,No,Low
SCN-00462,Green,Payload,Idle,Camera Operational,None,Capture Earth Images,Mission objective achieved,No,Low
SCN-00463,Green,Payload,Idle,Camera Operational,None,Capture Earth Images,Mission objective achieved,No,Low
SCN-00464,Yellow,Thermal,Idle,Temperature 45-65°C,Potential Thermal Anomaly,Reduce CPU Load,Prevent overheating,Yes,Medium
SCN-00465,Red,Communication,Capturing Earth Images,Communication Lost,Communication Failure,Queue Commands,Resume during next communication window,Yes,Critical
SCN-00466,Green,Power,Orbit Correction,Battery > 70%,None,Continue Mission,Nominal power operation,No,Low
SCN-00467,Yellow,Payload,Calibration,Camera Temperature Rising,Potential Payload Anomaly,Reduce Image Capture Rate,Prevent camera shutdown,Yes,Medium
SCN-00468,Green,Thermal,Idle,Temperature < 45°C,None,Continue Operation,Subsystem remains stable,No,Low
SCN-00469,Red,Payload,Calibration,Camera Failure,Payload Failure,Restart Camera Module,Restore payload functionality,Yes,Critical
SCN-00470,Green,Power,Calibration,Solar Output Normal,None,Continue Charging,Battery remains healthy,No,Low
SCN-00471,Green,Payload,Calibration,Camera Operational,None,Capture Earth Images,Mission objective achieved,No,Low
SCN-00472,Yellow,Thermal,Orbit Correction,Temperature 45-65°C,Potential Thermal Anomaly,Reduce CPU Load,Prevent overheating,Yes,Medium
SCN-00473,Yellow,Payload,Orbit Correction,Camera Temperature Rising,Potential Payload Anomaly,Reduce Image Capture Rate,Prevent camera shutdown,Yes,Medium
SCN-00474,Yellow,Power,Downlink,Solar Output Low,Potential Power Anomaly,Rotate Solar Panels,Increase charging efficiency,Yes,Medium
SCN-00475,Green,Storage,Capturing Earth Images,Storage < 70%,None,Continue Capturing Images,Store additional payload data,No,Low
SCN-00476,Yellow,Payload,Calibration,Camera Temperature Rising,Potential Payload Anomaly,Reduce Image Capture Rate,Prevent camera shutdown,Yes,Medium
SCN-00477,Green,Power,Orbit Correction,Solar Output Normal,None,Continue Charging,Battery remains healthy,No,Low
SCN-00478,Green,Thermal,Downlink,Temperature < 45°C,None,Continue Operation,Subsystem remains stable,No,Low
SCN-00479,Red,Payload,Idle,Camera Failure,Payload Failure,Restart Camera Module,Restore payload functionality,Yes,Critical
SCN-00480,Green,Power,Calibration,Solar Output Normal,None,Continue Charging,Battery remains healthy,No,Low
SCN-00481,Green,Power,Orbit Correction,Battery > 70%,None,Continue Mission,Nominal power operation,No,Low
SCN-00482,Green,Power,Idle,Battery > 70%,None,Continue Mission,Nominal power operation,No,Low
SCN-00483,Green,Storage,Capturing Earth Images,Storage < 70%,None,Continue Capturing Images,Store additional payload data,No,Low
SCN-00484,Green,Communication,Calibration,Signal Stable,None,Continue Downlink,Telemetry transmitted successfully,No,Low
SCN-00485,Yellow,Storage,Idle,Storage 70-90%,Potential Storage Anomaly,Schedule Downlink,Avoid storage overflow,Yes,Medium
SCN-00486,Green,Payload,Orbit Correction,Camera Operational,None,Capture Earth Images,Mission objective achieved,No,Low
SCN-00487,Green,Payload,Orbit Correction,Camera Operational,None,Capture Earth Images,Mission objective achieved,No,Low
SCN-00488,Green,Communication,Idle,Signal Stable,None,Continue Downlink,Telemetry transmitted successfully,No,Low
SCN-00489,Yellow,Payload,Capturing Earth Images,Camera Temperature Rising,Potential Payload Anomaly,Reduce Image Capture Rate,Prevent camera shutdown,Yes,Medium
SCN-00490,Green,Power,Idle,Battery > 70%,None,Continue Mission,Nominal power operation,No,Low
SCN-00491,Green,Communication,Capturing Earth Images,Signal Stable,None,Continue Downlink,Telemetry transmitted successfully,No,Low
SCN-00492,Green,Storage,Idle,Storage < 70%,None,Continue Capturing Images,Store additional payload data,No,Low
SCN-00493,Green,Storage,Downlink,Storage < 70%,None,Continue Capturing Images,Store additional payload data,No,Low
SCN-00494,Yellow,Storage,Capturing Earth Images,Storage 70-90%,Potential Storage Anomaly,Schedule Downlink,Avoid storage overflow,Yes,Medium
SCN-00495,Green,Communication,Capturing Earth Images,Signal Stable,None,Continue Downlink,Telemetry transmitted successfully,No,Low
SCN-00496,Green,Thermal,Orbit Correction,Temperature < 45°C,None,Continue Operation,Subsystem remains stable,No,Low
SCN-00497,Green,Communication,Downlink,Signal Stable,None,Continue Downlink,Telemetry transmitted successfully,No,Low
SCN-00498,Green,Power,Capturing Earth Images,Battery > 70%,None,Continue Mission,Nominal power operation,No,Low
SCN-00499,Yellow,Payload,Idle,Camera Temperature Rising,Potential Payload Anomaly,Reduce Image Capture Rate,Prevent camera shutdown,Yes,Medium
SCN-00500,Green,Payload,Idle,Camera Operational,None,Capture Earth Images,Mission objective achieved,No,Low
SCN-00501,Green,Power,Capturing Earth Images,Battery > 70%,None,Continue Mission,Nominal power operation,No,Low
SCN-00502,Green,Power,Calibration,Solar Output Normal,None,Continue Charging,Battery remains healthy,No,Low
SCN-00503,Green,Payload,Capturing Earth Images,Camera Operational,None,Capture Earth Images,Mission objective achieved,No,Low
SCN-00504,Green,Power,Orbit Correction,Solar Output Normal,None,Continue Charging,Battery remains healthy,No,Low
SCN-00505,Red,Power,Capturing Earth Images,Battery < 20%,Power Failure,Enter Safe Mode,Prevent complete battery depletion,Yes,Critical
SCN-00506,Green,Payload,Calibration,Camera Operational,None,Capture Earth Images,Mission objective achieved,No,Low
SCN-00507,Red,Payload,Calibration,Camera Failure,Payload Failure,Restart Camera Module,Restore payload functionality,Yes,Critical
SCN-00508,Green,Communication,Downlink,Signal Stable,None,Continue Downlink,Telemetry transmitted successfully,No,Low
SCN-00509,Red,Storage,Orbit Correction,Storage > 95%,Storage Failure,Stop Image Capture and Downlink,Free storage space,Yes,Critical
SCN-00510,Yellow,Payload,Downlink,Camera Temperature Rising,Potential Payload Anomaly,Reduce Image Capture Rate,Prevent camera shutdown,Yes,Medium
SCN-00511,Yellow,Storage,Capturing Earth Images,Storage 70-90%,Potential Storage Anomaly,Schedule Downlink,Avoid storage overflow,Yes,Medium
SCN-00512,Yellow,Thermal,Downlink,Temperature 45-65°C,Potential Thermal Anomaly,Reduce CPU Load,Prevent overheating,Yes,Medium
SCN-00513,Green,Communication,Idle,Signal Stable,None,Continue Downlink,Telemetry transmitted successfully,No,Low
SCN-00514,Green,Thermal,Calibration,Temperature < 45°C,None,Continue Operation,Subsystem remains stable,No,Low
SCN-00515,Yellow,Communication,Orbit Correction,Weak Signal,Potential Communication Anomaly,Prepare Next Ground Pass,Avoid communication failure,Yes,Medium
SCN-00516,Green,Power,Calibration,Battery > 70%,None,Continue Mission,Nominal power operation,No,Low
SCN-00517,Green,Thermal,Calibration,Temperature < 45°C,None,Continue Operation,Subsystem remains stable,No,Low
SCN-00518,Red,Communication,Capturing Earth Images,Communication Lost,Communication Failure,Queue Commands,Resume during next communication window,Yes,Critical
SCN-00519,Yellow,Payload,Orbit Correction,Camera Temperature Rising,Potential Payload Anomaly,Reduce Image Capture Rate,Prevent camera shutdown,Yes,Medium
SCN-00520,Green,Communication,Orbit Correction,Signal Stable,None,Continue Downlink,Telemetry transmitted successfully,No,Low
SCN-00521,Green,Power,Downlink,Solar Output Normal,None,Continue Charging,Battery remains healthy,No,Low
SCN-00522,Green,Payload,Calibration,Camera Operational,None,Capture Earth Images,Mission objective achieved,No,Low
SCN-00523,Green,Communication,Downlink,Signal Stable,None,Continue Downlink,Telemetry transmitted successfully,No,Low
SCN-00524,Yellow,Communication,Idle,Weak Signal,Potential Communication Anomaly,Prepare Next Ground Pass,Avoid communication failure,Yes,Medium
SCN-00525,Red,Payload,Capturing Earth Images,Camera Failure,Payload Failure,Restart Camera Module,Restore payload functionality,Yes,Critical
SCN-00526,Yellow,Power,Capturing Earth Images,Solar Output Low,Potential Power Anomaly,Rotate Solar Panels,Increase charging efficiency,Yes,Medium
SCN-00527,Green,Storage,Orbit Correction,Storage < 70%,None,Continue Capturing Images,Store additional payload data,No,Low
SCN-00528,Green,Payload,Downlink,Camera Operational,None,Capture Earth Images,Mission objective achieved,No,Low
SCN-00529,Yellow,Storage,Calibration,Storage 70-90%,Potential Storage Anomaly,Schedule Downlink,Avoid storage overflow,Yes,Medium
SCN-00530,Yellow,Communication,Orbit Correction,Weak Signal,Potential Communication Anomaly,Prepare Next Ground Pass,Avoid communication failure,Yes,Medium
SCN-00531,Red,Communication,Idle,Communication Lost,Communication Failure,Queue Commands,Resume during next communication window,Yes,Critical
SCN-00532,Yellow,Power,Idle,Solar Output Low,Potential Power Anomaly,Rotate Solar Panels,Increase charging efficiency,Yes,Medium
SCN-00533,Green,Communication,Idle,Signal Stable,None,Continue Downlink,Telemetry transmitted successfully,No,Low
SCN-00534,Red,Payload,Downlink,Camera Failure,Payload Failure,Restart Camera Module,Restore payload functionality,Yes,Critical
SCN-00535,Green,Storage,Idle,Storage < 70%,None,Continue Capturing Images,Store additional payload data,No,Low
SCN-00536,Red,Payload,Calibration,Camera Failure,Payload Failure,Restart Camera Module,Restore payload functionality,Yes,Critical
SCN-00537,Yellow,Communication,Downlink,Weak Signal,Potential Communication Anomaly,Prepare Next Ground Pass,Avoid communication failure,Yes,Medium
SCN-00538,Green,Payload,Idle,Camera Operational,None,Capture Earth Images,Mission objective achieved,No,Low
SCN-00539,Yellow,Payload,Downlink,Camera Temperature Rising,Potential Payload Anomaly,Reduce Image Capture Rate,Prevent camera shutdown,Yes,Medium
SCN-00540,Yellow,Payload,Capturing Earth Images,Camera Temperature Rising,Potential Payload Anomaly,Reduce Image Capture Rate,Prevent camera shutdown,Yes,Medium
SCN-00541,Green,Payload,Downlink,Camera Operational,None,Capture Earth Images,Mission objective achieved,No,Low
SCN-00542,Green,Power,Idle,Battery > 70%,None,Continue Mission,Nominal power operation,No,Low
SCN-00543,Green,Payload,Idle,Camera Operational,None,Capture Earth Images,Mission objective achieved,No,Low
SCN-00544,Yellow,Power,Calibration,Battery 30-70%,Potential Power Anomaly,Reduce Payload Power,Battery drain reduced,Yes,Medium
SCN-00545,Red,Storage,Orbit Correction,Storage > 95%,Storage Failure,Stop Image Capture and Downlink,Free storage space,Yes,Critical
SCN-00546,Red,Payload,Downlink,Camera Failure,Payload Failure,Restart Camera Module,Restore payload functionality,Yes,Critical
SCN-00547,Green,Power,Idle,Battery > 70%,None,Continue Mission,Nominal power operation,No,Low
SCN-00548,Green,Power,Capturing Earth Images,Battery > 70%,None,Continue Mission,Nominal power operation,No,Low
SCN-00549,Yellow,Payload,Calibration,Camera Temperature Rising,Potential Payload Anomaly,Reduce Image Capture Rate,Prevent camera shutdown,Yes,Medium
SCN-00550,Yellow,Payload,Capturing Earth Images,Camera Temperature Rising,Potential Payload Anomaly,Reduce Image Capture Rate,Prevent camera shutdown,Yes,Medium
SCN-00551,Yellow,Thermal,Idle,Temperature 45-65°C,Potential Thermal Anomaly,Reduce CPU Load,Prevent overheating,Yes,Medium
SCN-00552,Yellow,Storage,Capturing Earth Images,Storage 70-90%,Potential Storage Anomaly,Schedule Downlink,Avoid storage overflow,Yes,Medium
SCN-00553,Yellow,Power,Calibration,Solar Output Low,Potential Power Anomaly,Rotate Solar Panels,Increase charging efficiency,Yes,Medium
SCN-00554,Green,Communication,Orbit Correction,Signal Stable,None,Continue Downlink,Telemetry transmitted successfully,No,Low
SCN-00555,Green,Storage,Orbit Correction,Storage < 70%,None,Continue Capturing Images,Store additional payload data,No,Low
SCN-00556,Green,Payload,Downlink,Camera Operational,None,Capture Earth Images,Mission objective achieved,No,Low
SCN-00557,Red,Storage,Orbit Correction,Storage > 95%,Storage Failure,Stop Image Capture and Downlink,Free storage space,Yes,Critical
SCN-00558,Green,Payload,Downlink,Camera Operational,None,Capture Earth Images,Mission objective achieved,No,Low
SCN-00559,Green,Power,Downlink,Battery > 70%,None,Continue Mission,Nominal power operation,No,Low
SCN-00560,Green,Power,Capturing Earth Images,Solar Output Normal,None,Continue Charging,Battery remains healthy,No,Low
SCN-00561,Yellow,Payload,Orbit Correction,Camera Temperature Rising,Potential Payload Anomaly,Reduce Image Capture Rate,Prevent camera shutdown,Yes,Medium
SCN-00562,Red,Storage,Orbit Correction,Storage > 95%,Storage Failure,Stop Image Capture and Downlink,Free storage space,Yes,Critical
SCN-00563,Red,Communication,Idle,Communication Lost,Communication Failure,Queue Commands,Resume during next communication window,Yes,Critical
SCN-00564,Green,Storage,Capturing Earth Images,Storage < 70%,None,Continue Capturing Images,Store additional payload data,No,Low
SCN-00565,Yellow,Communication,Capturing Earth Images,Weak Signal,Potential Communication Anomaly,Prepare Next Ground Pass,Avoid communication failure,Yes,Medium
SCN-00566,Red,Thermal,Orbit Correction,Temperature > 70°C,Thermal Failure,Shutdown Payload,Prevent hardware damage,Yes,Critical
SCN-00567,Green,Thermal,Orbit Correction,Temperature < 45°C,None,Continue Operation,Subsystem remains stable,No,Low
SCN-00568,Yellow,Payload,Orbit Correction,Camera Temperature Rising,Potential Payload Anomaly,Reduce Image Capture Rate,Prevent camera shutdown,Yes,Medium
SCN-00569,Red,Thermal,Calibration,Temperature > 70°C,Thermal Failure,Shutdown Payload,Prevent hardware damage,Yes,Critical
SCN-00570,Red,Power,Idle,Battery < 20%,Power Failure,Enter Safe Mode,Prevent complete battery depletion,Yes,Critical
SCN-00571,Red,Power,Downlink,Solar Panel Failure,Power Failure,Disable Payload,Reduce power consumption,Yes,Critical
SCN-00572,Green,Storage,Idle,Storage < 70%,None,Continue Capturing Images,Store additional payload data,No,Low
SCN-00573,Yellow,Payload,Capturing Earth Images,Camera Temperature Rising,Potential Payload Anomaly,Reduce Image Capture Rate,Prevent camera shutdown,Yes,Medium
SCN-00574,Red,Communication,Orbit Correction,Communication Lost,Communication Failure,Queue Commands,Resume during next communication window,Yes,Critical
SCN-00575,Red,Payload,Calibration,Camera Failure,Payload Failure,Restart Camera Module,Restore payload functionality,Yes,Critical
SCN-00576,Yellow,Thermal,Downlink,Temperature 45-65°C,Potential Thermal Anomaly,Reduce CPU Load,Prevent overheating,Yes,Medium
SCN-00577,Green,Communication,Idle,Signal Stable,None,Continue Downlink,Telemetry transmitted successfully,No,Low
SCN-00578,Green,Thermal,Calibration,Temperature < 45°C,None,Continue Operation,Subsystem remains stable,No,Low
SCN-00579,Green,Payload,Orbit Correction,Camera Operational,None,Capture Earth Images,Mission objective achieved,No,Low
SCN-00580,Green,Power,Calibration,Solar Output Normal,None,Continue Charging,Battery remains healthy,No,Low
SCN-00581,Green,Power,Orbit Correction,Solar Output Normal,None,Continue Charging,Battery remains healthy,No,Low
SCN-00582,Green,Thermal,Calibration,Temperature < 45°C,None,Continue Operation,Subsystem remains stable,No,Low
SCN-00583,Green,Storage,Downlink,Storage < 70%,None,Continue Capturing Images,Store additional payload data,No,Low
SCN-00584,Green,Power,Capturing Earth Images,Battery > 70%,None,Continue Mission,Nominal power operation,No,Low
SCN-00585,Green,Storage,Orbit Correction,Storage < 70%,None,Continue Capturing Images,Store additional payload data,No,Low
SCN-00586,Green,Payload,Capturing Earth Images,Camera Operational,None,Capture Earth Images,Mission objective achieved,No,Low
SCN-00587,Green,Communication,Downlink,Signal Stable,None,Continue Downlink,Telemetry transmitted successfully,No,Low
SCN-00588,Green,Communication,Capturing Earth Images,Signal Stable,None,Continue Downlink,Telemetry transmitted successfully,No,Low
SCN-00589,Yellow,Power,Capturing Earth Images,Battery 30-70%,Potential Power Anomaly,Reduce Payload Power,Battery drain reduced,Yes,Medium
SCN-00590,Green,Communication,Calibration,Signal Stable,None,Continue Downlink,Telemetry transmitted successfully,No,Low
SCN-00591,Yellow,Thermal,Orbit Correction,Temperature 45-65°C,Potential Thermal Anomaly,Reduce CPU Load,Prevent overheating,Yes,Medium
SCN-00592,Yellow,Payload,Calibration,Camera Temperature Rising,Potential Payload Anomaly,Reduce Image Capture Rate,Prevent camera shutdown,Yes,Medium
SCN-00593,Yellow,Thermal,Idle,Temperature 45-65°C,Potential Thermal Anomaly,Reduce CPU Load,Prevent overheating,Yes,Medium
SCN-00594,Yellow,Thermal,Calibration,Temperature 45-65°C,Potential Thermal Anomaly,Reduce CPU Load,Prevent overheating,Yes,Medium
SCN-00595,Green,Storage,Orbit Correction,Storage < 70%,None,Continue Capturing Images,Store additional payload data,No,Low
SCN-00596,Green,Payload,Capturing Earth Images,Camera Operational,None,Capture Earth Images,Mission objective achieved,No,Low
SCN-00597,Green,Storage,Calibration,Storage < 70%,None,Continue Capturing Images,Store additional payload data,No,Low
SCN-00598,Yellow,Thermal,Downlink,Temperature 45-65°C,Potential Thermal Anomaly,Reduce CPU Load,Prevent overheating,Yes,Medium
SCN-00599,Green,Communication,Calibration,Signal Stable,None,Continue Downlink,Telemetry transmitted successfully,No,Low
SCN-00600,Green,Thermal,Calibration,Temperature < 45°C,None,Continue Operation,Subsystem remains stable,No,Low
SCN-00601,Yellow,Thermal,Orbit Correction,Temperature 45-65°C,Potential Thermal Anomaly,Reduce CPU Load,Prevent overheating,Yes,Medium
SCN-00602,Green,Thermal,Idle,Temperature < 45°C,None,Continue Operation,Subsystem remains stable,No,Low
SCN-00603,Green,Payload,Downlink,Camera Operational,None,Capture Earth Images,Mission objective achieved,No,Low
SCN-00604,Yellow,Thermal,Idle,Temperature 45-65°C,Potential Thermal Anomaly,Reduce CPU Load,Prevent overheating,Yes,Medium
SCN-00605,Green,Power,Calibration,Solar Output Normal,None,Continue Charging,Battery remains healthy,No,Low
SCN-00606,Green,Thermal,Capturing Earth Images,Temperature < 45°C,None,Continue Operation,Subsystem remains stable,No,Low
SCN-00607,Green,Thermal,Downlink,Temperature < 45°C,None,Continue Operation,Subsystem remains stable,No,Low
SCN-00608,Yellow,Communication,Capturing Earth Images,Weak Signal,Potential Communication Anomaly,Prepare Next Ground Pass,Avoid communication failure,Yes,Medium
SCN-00609,Green,Thermal,Calibration,Temperature < 45°C,None,Continue Operation,Subsystem remains stable,No,Low
SCN-00610,Red,Storage,Idle,Storage > 95%,Storage Failure,Stop Image Capture and Downlink,Free storage space,Yes,Critical
SCN-00611,Green,Payload,Downlink,Camera Operational,None,Capture Earth Images,Mission objective achieved,No,Low
SCN-00612,Green,Communication,Capturing Earth Images,Signal Stable,None,Continue Downlink,Telemetry transmitted successfully,No,Low
SCN-00613,Green,Communication,Capturing Earth Images,Signal Stable,None,Continue Downlink,Telemetry transmitted successfully,No,Low
SCN-00614,Green,Thermal,Capturing Earth Images,Temperature < 45°C,None,Continue Operation,Subsystem remains stable,No,Low
SCN-00615,Green,Power,Idle,Solar Output Normal,None,Continue Charging,Battery remains healthy,No,Low
SCN-00616,Green,Power,Capturing Earth Images,Solar Output Normal,None,Continue Charging,Battery remains healthy,No,Low
SCN-00617,Green,Storage,Downlink,Storage < 70%,None,Continue Capturing Images,Store additional payload data,No,Low
SCN-00618,Green,Communication,Orbit Correction,Signal Stable,None,Continue Downlink,Telemetry transmitted successfully,No,Low
SCN-00619,Green,Communication,Orbit Correction,Signal Stable,None,Continue Downlink,Telemetry transmitted successfully,No,Low
SCN-00620,Green,Communication,Downlink,Signal Stable,None,Continue Downlink,Telemetry transmitted successfully,No,Low
SCN-00621,Red,Storage,Capturing Earth Images,Storage > 95%,Storage Failure,Stop Image Capture and Downlink,Free storage space,Yes,Critical
SCN-00622,Green,Storage,Idle,Storage < 70%,None,Continue Capturing Images,Store additional payload data,No,Low
SCN-00623,Red,Power,Orbit Correction,Battery < 20%,Power Failure,Enter Safe Mode,Prevent complete battery depletion,Yes,Critical
SCN-00624,Yellow,Payload,Orbit Correction,Camera Temperature Rising,Potential Payload Anomaly,Reduce Image Capture Rate,Prevent camera shutdown,Yes,Medium
SCN-00625,Yellow,Communication,Orbit Correction,Weak Signal,Potential Communication Anomaly,Prepare Next Ground Pass,Avoid communication failure,Yes,Medium
SCN-00626,Green,Thermal,Calibration,Temperature < 45°C,None,Continue Operation,Subsystem remains stable,No,Low
SCN-00627,Green,Communication,Downlink,Signal Stable,None,Continue Downlink,Telemetry transmitted successfully,No,Low
SCN-00628,Red,Payload,Orbit Correction,Camera Failure,Payload Failure,Restart Camera Module,Restore payload functionality,Yes,Critical
SCN-00629,Green,Storage,Idle,Storage < 70%,None,Continue Capturing Images,Store additional payload data,No,Low
SCN-00630,Green,Thermal,Capturing Earth Images,Temperature < 45°C,None,Continue Operation,Subsystem remains stable,No,Low
SCN-00631,Yellow,Power,Capturing Earth Images,Solar Output Low,Potential Power Anomaly,Rotate Solar Panels,Increase charging efficiency,Yes,Medium
SCN-00632,Green,Power,Calibration,Battery > 70%,None,Continue Mission,Nominal power operation,No,Low
SCN-00633,Yellow,Payload,Capturing Earth Images,Camera Temperature Rising,Potential Payload Anomaly,Reduce Image Capture Rate,Prevent camera shutdown,Yes,Medium
SCN-00634,Green,Power,Downlink,Battery > 70%,None,Continue Mission,Nominal power operation,No,Low
SCN-00635,Green,Payload,Calibration,Camera Operational,None,Capture Earth Images,Mission objective achieved,No,Low
SCN-00636,Green,Power,Downlink,Battery > 70%,None,Continue Mission,Nominal power operation,No,Low
SCN-00637,Green,Payload,Downlink,Camera Operational,None,Capture Earth Images,Mission objective achieved,No,Low
SCN-00638,Green,Communication,Capturing Earth Images,Signal Stable,None,Continue Downlink,Telemetry transmitted successfully,No,Low
SCN-00639,Green,Power,Idle,Battery > 70%,None,Continue Mission,Nominal power operation,No,Low
SCN-00640,Yellow,Thermal,Idle,Temperature 45-65°C,Potential Thermal Anomaly,Reduce CPU Load,Prevent overheating,Yes,Medium
SCN-00641,Green,Payload,Orbit Correction,Camera Operational,None,Capture Earth Images,Mission objective achieved,No,Low
SCN-00642,Green,Communication,Calibration,Signal Stable,None,Continue Downlink,Telemetry transmitted successfully,No,Low
SCN-00643,Green,Payload,Calibration,Camera Operational,None,Capture Earth Images,Mission objective achieved,No,Low
SCN-00644,Green,Thermal,Capturing Earth Images,Temperature < 45°C,None,Continue Operation,Subsystem remains stable,No,Low
SCN-00645,Green,Communication,Orbit Correction,Signal Stable,None,Continue Downlink,Telemetry transmitted successfully,No,Low
SCN-00646,Green,Power,Idle,Battery > 70%,None,Continue Mission,Nominal power operation,No,Low
SCN-00647,Yellow,Payload,Idle,Camera Temperature Rising,Potential Payload Anomaly,Reduce Image Capture Rate,Prevent camera shutdown,Yes,Medium
SCN-00648,Green,Power,Idle,Solar Output Normal,None,Continue Charging,Battery remains healthy,No,Low
SCN-00649,Green,Storage,Orbit Correction,Storage < 70%,None,Continue Capturing Images,Store additional payload data,No,Low
SCN-00650,Yellow,Storage,Idle,Storage 70-90%,Potential Storage Anomaly,Schedule Downlink,Avoid storage overflow,Yes,Medium
SCN-00651,Green,Power,Orbit Correction,Solar Output Normal,None,Continue Charging,Battery remains healthy,No,Low
SCN-00652,Green,Storage,Downlink,Storage < 70%,None,Continue Capturing Images,Store additional payload data,No,Low
SCN-00653,Yellow,Communication,Downlink,Weak Signal,Potential Communication Anomaly,Prepare Next Ground Pass,Avoid communication failure,Yes,Medium
SCN-00654,Green,Payload,Downlink,Camera Operational,None,Capture Earth Images,Mission objective achieved,No,Low
SCN-00655,Red,Storage,Downlink,Storage > 95%,Storage Failure,Stop Image Capture and Downlink,Free storage space,Yes,Critical
SCN-00656,Green,Payload,Idle,Camera Operational,None,Capture Earth Images,Mission objective achieved,No,Low
SCN-00657,Green,Communication,Idle,Signal Stable,None,Continue Downlink,Telemetry transmitted successfully,No,Low
SCN-00658,Green,Storage,Orbit Correction,Storage < 70%,None,Continue Capturing Images,Store additional payload data,No,Low
SCN-00659,Yellow,Communication,Calibration,Weak Signal,Potential Communication Anomaly,Prepare Next Ground Pass,Avoid communication failure,Yes,Medium
SCN-00660,Green,Payload,Idle,Camera Operational,None,Capture Earth Images,Mission objective achieved,No,Low
SCN-00661,Green,Thermal,Capturing Earth Images,Temperature < 45°C,None,Continue Operation,Subsystem remains stable,No,Low
SCN-00662,Green,Storage,Idle,Storage < 70%,None,Continue Capturing Images,Store additional payload data,No,Low
SCN-00663,Green,Payload,Capturing Earth Images,Camera Operational,None,Capture Earth Images,Mission objective achieved,No,Low
SCN-00664,Yellow,Payload,Idle,Camera Temperature Rising,Potential Payload Anomaly,Reduce Image Capture Rate,Prevent camera shutdown,Yes,Medium
SCN-00665,Green,Power,Calibration,Battery > 70%,None,Continue Mission,Nominal power operation,No,Low
SCN-00666,Yellow,Payload,Downlink,Camera Temperature Rising,Potential Payload Anomaly,Reduce Image Capture Rate,Prevent camera shutdown,Yes,Medium
SCN-00667,Green,Power,Capturing Earth Images,Solar Output Normal,None,Continue Charging,Battery remains healthy,No,Low
SCN-00668,Yellow,Payload,Orbit Correction,Camera Temperature Rising,Potential Payload Anomaly,Reduce Image Capture Rate,Prevent camera shutdown,Yes,Medium
SCN-00669,Green,Thermal,Idle,Temperature < 45°C,None,Continue Operation,Subsystem remains stable,No,Low
SCN-00670,Green,Storage,Idle,Storage < 70%,None,Continue Capturing Images,Store additional payload data,No,Low
SCN-00671,Green,Storage,Downlink,Storage < 70%,None,Continue Capturing Images,Store additional payload data,No,Low
SCN-00672,Red,Communication,Downlink,Communication Lost,Communication Failure,Queue Commands,Resume during next communication window,Yes,Critical
SCN-00673,Red,Payload,Orbit Correction,Camera Failure,Payload Failure,Restart Camera Module,Restore payload functionality,Yes,Critical
SCN-00674,Green,Power,Calibration,Solar Output Normal,None,Continue Charging,Battery remains healthy,No,Low
SCN-00675,Green,Thermal,Idle,Temperature < 45°C,None,Continue Operation,Subsystem remains stable,No,Low
SCN-00676,Green,Communication,Capturing Earth Images,Signal Stable,None,Continue Downlink,Telemetry transmitted successfully,No,Low
SCN-00677,Yellow,Communication,Idle,Weak Signal,Potential Communication Anomaly,Prepare Next Ground Pass,Avoid communication failure,Yes,Medium
SCN-00678,Green,Power,Downlink,Battery > 70%,None,Continue Mission,Nominal power operation,No,Low
SCN-00679,Green,Payload,Capturing Earth Images,Camera Operational,None,Capture Earth Images,Mission objective achieved,No,Low
SCN-00680,Red,Thermal,Downlink,Temperature > 70°C,Thermal Failure,Shutdown Payload,Prevent hardware damage,Yes,Critical
SCN-00681,Green,Payload,Capturing Earth Images,Camera Operational,None,Capture Earth Images,Mission objective achieved,No,Low
SCN-00682,Green,Power,Capturing Earth Images,Battery > 70%,None,Continue Mission,Nominal power operation,No,Low
SCN-00683,Green,Storage,Orbit Correction,Storage < 70%,None,Continue Capturing Images,Store additional payload data,No,Low
SCN-00684,Green,Storage,Downlink,Storage < 70%,None,Continue Capturing Images,Store additional payload data,No,Low
SCN-00685,Green,Storage,Downlink,Storage < 70%,None,Continue Capturing Images,Store additional payload data,No,Low
SCN-00686,Green,Payload,Idle,Camera Operational,None,Capture Earth Images,Mission objective achieved,No,Low
SCN-00687,Green,Payload,Idle,Camera Operational,None,Capture Earth Images,Mission objective achieved,No,Low
SCN-00688,Green,Storage,Calibration,Storage < 70%,None,Continue Capturing Images,Store additional payload data,No,Low
SCN-00689,Green,Power,Orbit Correction,Solar Output Normal,None,Continue Charging,Battery remains healthy,No,Low
SCN-00690,Yellow,Payload,Idle,Camera Temperature Rising,Potential Payload Anomaly,Reduce Image Capture Rate,Prevent camera shutdown,Yes,Medium
SCN-00691,Green,Storage,Orbit Correction,Storage < 70%,None,Continue Capturing Images,Store additional payload data,No,Low
SCN-00692,Green,Storage,Downlink,Storage < 70%,None,Continue Capturing Images,Store additional payload data,No,Low
SCN-00693,Red,Payload,Capturing Earth Images,Camera Failure,Payload Failure,Restart Camera Module,Restore payload functionality,Yes,Critical
SCN-00694,Green,Communication,Calibration,Signal Stable,None,Continue Downlink,Telemetry transmitted successfully,No,Low
SCN-00695,Red,Thermal,Downlink,Temperature > 70°C,Thermal Failure,Shutdown Payload,Prevent hardware damage,Yes,Critical
SCN-00696,Green,Power,Capturing Earth Images,Battery > 70%,None,Continue Mission,Nominal power operation,No,Low
SCN-00697,Green,Thermal,Downlink,Temperature < 45°C,None,Continue Operation,Subsystem remains stable,No,Low
SCN-00698,Green,Storage,Downlink,Storage < 70%,None,Continue Capturing Images,Store additional payload data,No,Low
SCN-00699,Yellow,Power,Downlink,Solar Output Low,Potential Power Anomaly,Rotate Solar Panels,Increase charging efficiency,Yes,Medium
SCN-00700,Green,Payload,Idle,Camera Operational,None,Capture Earth Images,Mission objective achieved,No,Low
SCN-00701,Red,Power,Calibration,Battery < 20%,Power Failure,Enter Safe Mode,Prevent complete battery depletion,Yes,Critical
SCN-00702,Green,Power,Idle,Solar Output Normal,None,Continue Charging,Battery remains healthy,No,Low
SCN-00703,Green,Storage,Idle,Storage < 70%,None,Continue Capturing Images,Store additional payload data,No,Low
SCN-00704,Green,Payload,Capturing Earth Images,Camera Operational,None,Capture Earth Images,Mission objective achieved,No,Low
SCN-00705,Red,Payload,Idle,Camera Failure,Payload Failure,Restart Camera Module,Restore payload functionality,Yes,Critical
SCN-00706,Red,Payload,Idle,Camera Failure,Payload Failure,Restart Camera Module,Restore payload functionality,Yes,Critical
SCN-00707,Yellow,Payload,Calibration,Camera Temperature Rising,Potential Payload Anomaly,Reduce Image Capture Rate,Prevent camera shutdown,Yes,Medium
SCN-00708,Green,Payload,Idle,Camera Operational,None,Capture Earth Images,Mission objective achieved,No,Low
SCN-00709,Red,Communication,Capturing Earth Images,Communication Lost,Communication Failure,Queue Commands,Resume during next communication window,Yes,Critical
SCN-00710,Yellow,Thermal,Downlink,Temperature 45-65°C,Potential Thermal Anomaly,Reduce CPU Load,Prevent overheating,Yes,Medium
SCN-00711,Red,Storage,Idle,Storage > 95%,Storage Failure,Stop Image Capture and Downlink,Free storage space,Yes,Critical
SCN-00712,Red,Power,Idle,Battery < 20%,Power Failure,Enter Safe Mode,Prevent complete battery depletion,Yes,Critical
SCN-00713,Green,Thermal,Orbit Correction,Temperature < 45°C,None,Continue Operation,Subsystem remains stable,No,Low
SCN-00714,Yellow,Power,Downlink,Battery 30-70%,Potential Power Anomaly,Reduce Payload Power,Battery drain reduced,Yes,Medium
SCN-00715,Green,Thermal,Calibration,Temperature < 45°C,None,Continue Operation,Subsystem remains stable,No,Low
SCN-00716,Green,Communication,Calibration,Signal Stable,None,Continue Downlink,Telemetry transmitted successfully,No,Low
SCN-00717,Green,Payload,Calibration,Camera Operational,None,Capture Earth Images,Mission objective achieved,No,Low
SCN-00718,Green,Thermal,Idle,Temperature < 45°C,None,Continue Operation,Subsystem remains stable,No,Low
SCN-00719,Green,Payload,Capturing Earth Images,Camera Operational,None,Capture Earth Images,Mission objective achieved,No,Low
SCN-00720,Green,Thermal,Calibration,Temperature < 45°C,None,Continue Operation,Subsystem remains stable,No,Low
SCN-00721,Green,Storage,Downlink,Storage < 70%,None,Continue Capturing Images,Store additional payload data,No,Low
SCN-00722,Yellow,Payload,Downlink,Camera Temperature Rising,Potential Payload Anomaly,Reduce Image Capture Rate,Prevent camera shutdown,Yes,Medium
SCN-00723,Yellow,Power,Idle,Battery 30-70%,Potential Power Anomaly,Reduce Payload Power,Battery drain reduced,Yes,Medium
SCN-00724,Green,Communication,Capturing Earth Images,Signal Stable,None,Continue Downlink,Telemetry transmitted successfully,No,Low
SCN-00725,Red,Storage,Calibration,Storage > 95%,Storage Failure,Stop Image Capture and Downlink,Free storage space,Yes,Critical
SCN-00726,Green,Payload,Idle,Camera Operational,None,Capture Earth Images,Mission objective achieved,No,Low
SCN-00727,Green,Power,Capturing Earth Images,Solar Output Normal,None,Continue Charging,Battery remains healthy,No,Low
SCN-00728,Yellow,Power,Calibration,Battery 30-70%,Potential Power Anomaly,Reduce Payload Power,Battery drain reduced,Yes,Medium
SCN-00729,Green,Communication,Capturing Earth Images,Signal Stable,None,Continue Downlink,Telemetry transmitted successfully,No,Low
SCN-00730,Green,Payload,Orbit Correction,Camera Operational,None,Capture Earth Images,Mission objective achieved,No,Low
SCN-00731,Green,Payload,Downlink,Camera Operational,None,Capture Earth Images,Mission objective achieved,No,Low
SCN-00732,Green,Payload,Idle,Camera Operational,None,Capture Earth Images,Mission objective achieved,No,Low
SCN-00733,Green,Storage,Downlink,Storage < 70%,None,Continue Capturing Images,Store additional payload data,No,Low
SCN-00734,Yellow,Thermal,Capturing Earth Images,Temperature 45-65°C,Potential Thermal Anomaly,Reduce CPU Load,Prevent overheating,Yes,Medium
SCN-00735,Green,Communication,Calibration,Signal Stable,None,Continue Downlink,Telemetry transmitted successfully,No,Low
SCN-00736,Green,Payload,Idle,Camera Operational,None,Capture Earth Images,Mission objective achieved,No,Low
SCN-00737,Red,Storage,Idle,Storage > 95%,Storage Failure,Stop Image Capture and Downlink,Free storage space,Yes,Critical
SCN-00738,Red,Thermal,Orbit Correction,Temperature > 70°C,Thermal Failure,Shutdown Payload,Prevent hardware damage,Yes,Critical
SCN-00739,Yellow,Communication,Downlink,Weak Signal,Potential Communication Anomaly,Prepare Next Ground Pass,Avoid communication failure,Yes,Medium
SCN-00740,Green,Thermal,Calibration,Temperature < 45°C,None,Continue Operation,Subsystem remains stable,No,Low
SCN-00741,Red,Payload,Calibration,Camera Failure,Payload Failure,Restart Camera Module,Restore payload functionality,Yes,Critical
SCN-00742,Yellow,Communication,Orbit Correction,Weak Signal,Potential Communication Anomaly,Prepare Next Ground Pass,Avoid communication failure,Yes,Medium
SCN-00743,Green,Payload,Calibration,Camera Operational,None,Capture Earth Images,Mission objective achieved,No,Low
SCN-00744,Red,Thermal,Calibration,Temperature > 70°C,Thermal Failure,Shutdown Payload,Prevent hardware damage,Yes,Critical
SCN-00745,Green,Communication,Capturing Earth Images,Signal Stable,None,Continue Downlink,Telemetry transmitted successfully,No,Low
SCN-00746,Green,Thermal,Orbit Correction,Temperature < 45°C,None,Continue Operation,Subsystem remains stable,No,Low
SCN-00747,Green,Power,Calibration,Battery > 70%,None,Continue Mission,Nominal power operation,No,Low
SCN-00748,Yellow,Thermal,Downlink,Temperature 45-65°C,Potential Thermal Anomaly,Reduce CPU Load,Prevent overheating,Yes,Medium
SCN-00749,Yellow,Payload,Capturing Earth Images,Camera Temperature Rising,Potential Payload Anomaly,Reduce Image Capture Rate,Prevent camera shutdown,Yes,Medium
SCN-00750,Green,Thermal,Calibration,Temperature < 45°C,None,Continue Operation,Subsystem remains stable,No,Low
SCN-00751,Green,Communication,Downlink,Signal Stable,None,Continue Downlink,Telemetry transmitted successfully,No,Low
SCN-00752,Green,Communication,Orbit Correction,Signal Stable,None,Continue Downlink,Telemetry transmitted successfully,No,Low
SCN-00753,Green,Communication,Capturing Earth Images,Signal Stable,None,Continue Downlink,Telemetry transmitted successfully,No,Low
SCN-00754,Green,Storage,Downlink,Storage < 70%,None,Continue Capturing Images,Store additional payload data,No,Low
SCN-00755,Green,Payload,Calibration,Camera Operational,None,Capture Earth Images,Mission objective achieved,No,Low
SCN-00756,Green,Power,Calibration,Battery > 70%,None,Continue Mission,Nominal power operation,No,Low
SCN-00757,Green,Power,Downlink,Battery > 70%,None,Continue Mission,Nominal power operation,No,Low
SCN-00758,Yellow,Power,Idle,Battery 30-70%,Potential Power Anomaly,Reduce Payload Power,Battery drain reduced,Yes,Medium
SCN-00759,Green,Payload,Idle,Camera Operational,None,Capture Earth Images,Mission objective achieved,No,Low
SCN-00760,Red,Thermal,Orbit Correction,Temperature > 70°C,Thermal Failure,Shutdown Payload,Prevent hardware damage,Yes,Critical
SCN-00761,Green,Power,Orbit Correction,Solar Output Normal,None,Continue Charging,Battery remains healthy,No,Low
SCN-00762,Green,Power,Downlink,Solar Output Normal,None,Continue Charging,Battery remains healthy,No,Low
SCN-00763,Yellow,Communication,Downlink,Weak Signal,Potential Communication Anomaly,Prepare Next Ground Pass,Avoid communication failure,Yes,Medium
SCN-00764,Yellow,Payload,Downlink,Camera Temperature Rising,Potential Payload Anomaly,Reduce Image Capture Rate,Prevent camera shutdown,Yes,Medium
SCN-00765,Green,Payload,Capturing Earth Images,Camera Operational,None,Capture Earth Images,Mission objective achieved,No,Low
SCN-00766,Green,Storage,Downlink,Storage < 70%,None,Continue Capturing Images,Store additional payload data,No,Low
SCN-00767,Green,Storage,Orbit Correction,Storage < 70%,None,Continue Capturing Images,Store additional payload data,No,Low
SCN-00768,Red,Communication,Capturing Earth Images,Communication Lost,Communication Failure,Queue Commands,Resume during next communication window,Yes,Critical
SCN-00769,Green,Power,Orbit Correction,Battery > 70%,None,Continue Mission,Nominal power operation,No,Low
SCN-00770,Red,Communication,Idle,Communication Lost,Communication Failure,Queue Commands,Resume during next communication window,Yes,Critical
SCN-00771,Green,Storage,Idle,Storage < 70%,None,Continue Capturing Images,Store additional payload data,No,Low
SCN-00772,Green,Power,Idle,Solar Output Normal,None,Continue Charging,Battery remains healthy,No,Low
SCN-00773,Yellow,Payload,Capturing Earth Images,Camera Temperature Rising,Potential Payload Anomaly,Reduce Image Capture Rate,Prevent camera shutdown,Yes,Medium
SCN-00774,Green,Thermal,Capturing Earth Images,Temperature < 45°C,None,Continue Operation,Subsystem remains stable,No,Low
SCN-00775,Green,Thermal,Idle,Temperature < 45°C,None,Continue Operation,Subsystem remains stable,No,Low
SCN-00776,Green,Payload,Capturing Earth Images,Camera Operational,None,Capture Earth Images,Mission objective achieved,No,Low
SCN-00777,Green,Communication,Orbit Correction,Signal Stable,None,Continue Downlink,Telemetry transmitted successfully,No,Low
SCN-00778,Yellow,Storage,Calibration,Storage 70-90%,Potential Storage Anomaly,Schedule Downlink,Avoid storage overflow,Yes,Medium
SCN-00779,Yellow,Communication,Calibration,Weak Signal,Potential Communication Anomaly,Prepare Next Ground Pass,Avoid communication failure,Yes,Medium
SCN-00780,Green,Power,Orbit Correction,Battery > 70%,None,Continue Mission,Nominal power operation,No,Low
SCN-00781,Red,Power,Calibration,Battery < 20%,Power Failure,Enter Safe Mode,Prevent complete battery depletion,Yes,Critical
SCN-00782,Yellow,Payload,Idle,Camera Temperature Rising,Potential Payload Anomaly,Reduce Image Capture Rate,Prevent camera shutdown,Yes,Medium
SCN-00783,Yellow,Thermal,Idle,Temperature 45-65°C,Potential Thermal Anomaly,Reduce CPU Load,Prevent overheating,Yes,Medium
SCN-00784,Red,Payload,Orbit Correction,Camera Failure,Payload Failure,Restart Camera Module,Restore payload functionality,Yes,Critical
SCN-00785,Yellow,Payload,Calibration,Camera Temperature Rising,Potential Payload Anomaly,Reduce Image Capture Rate,Prevent camera shutdown,Yes,Medium
SCN-00786,Yellow,Thermal,Idle,Temperature 45-65°C,Potential Thermal Anomaly,Reduce CPU Load,Prevent overheating,Yes,Medium
SCN-00787,Green,Storage,Orbit Correction,Storage < 70%,None,Continue Capturing Images,Store additional payload data,No,Low
SCN-00788,Red,Thermal,Calibration,Temperature > 70°C,Thermal Failure,Shutdown Payload,Prevent hardware damage,Yes,Critical
SCN-00789,Red,Power,Downlink,Solar Panel Failure,Power Failure,Disable Payload,Reduce power consumption,Yes,Critical
SCN-00790,Red,Power,Downlink,Battery < 20%,Power Failure,Enter Safe Mode,Prevent complete battery depletion,Yes,Critical
SCN-00791,Green,Storage,Downlink,Storage < 70%,None,Continue Capturing Images,Store additional payload data,No,Low
SCN-00792,Green,Storage,Calibration,Storage < 70%,None,Continue Capturing Images,Store additional payload data,No,Low
SCN-00793,Yellow,Thermal,Idle,Temperature 45-65°C,Potential Thermal Anomaly,Reduce CPU Load,Prevent overheating,Yes,Medium
SCN-00794,Green,Thermal,Capturing Earth Images,Temperature < 45°C,None,Continue Operation,Subsystem remains stable,No,Low
SCN-00795,Yellow,Storage,Idle,Storage 70-90%,Potential Storage Anomaly,Schedule Downlink,Avoid storage overflow,Yes,Medium
SCN-00796,Green,Thermal,Orbit Correction,Temperature < 45°C,None,Continue Operation,Subsystem remains stable,No,Low
SCN-00797,Yellow,Payload,Orbit Correction,Camera Temperature Rising,Potential Payload Anomaly,Reduce Image Capture Rate,Prevent camera shutdown,Yes,Medium
SCN-00798,Yellow,Communication,Downlink,Weak Signal,Potential Communication Anomaly,Prepare Next Ground Pass,Avoid communication failure,Yes,Medium
SCN-00799,Green,Storage,Calibration,Storage < 70%,None,Continue Capturing Images,Store additional payload data,No,Low
SCN-00800,Green,Power,Orbit Correction,Solar Output Normal,None,Continue Charging,Battery remains healthy,No,Low
SCN-00801,Yellow,Communication,Capturing Earth Images,Weak Signal,Potential Communication Anomaly,Prepare Next Ground Pass,Avoid communication failure,Yes,Medium
SCN-00802,Green,Payload,Calibration,Camera Operational,None,Capture Earth Images,Mission objective achieved,No,Low
SCN-00803,Yellow,Thermal,Orbit Correction,Temperature 45-65°C,Potential Thermal Anomaly,Reduce CPU Load,Prevent overheating,Yes,Medium
SCN-00804,Green,Storage,Orbit Correction,Storage < 70%,None,Continue Capturing Images,Store additional payload data,No,Low
SCN-00805,Green,Communication,Capturing Earth Images,Signal Stable,None,Continue Downlink,Telemetry transmitted successfully,No,Low
SCN-00806,Green,Storage,Capturing Earth Images,Storage < 70%,None,Continue Capturing Images,Store additional payload data,No,Low
SCN-00807,Red,Power,Downlink,Battery < 20%,Power Failure,Enter Safe Mode,Prevent complete battery depletion,Yes,Critical
SCN-00808,Green,Power,Capturing Earth Images,Battery > 70%,None,Continue Mission,Nominal power operation,No,Low
SCN-00809,Green,Communication,Idle,Signal Stable,None,Continue Downlink,Telemetry transmitted successfully,No,Low
SCN-00810,Yellow,Thermal,Orbit Correction,Temperature 45-65°C,Potential Thermal Anomaly,Reduce CPU Load,Prevent overheating,Yes,Medium
SCN-00811,Green,Power,Idle,Solar Output Normal,None,Continue Charging,Battery remains healthy,No,Low
SCN-00812,Green,Thermal,Capturing Earth Images,Temperature < 45°C,None,Continue Operation,Subsystem remains stable,No,Low
SCN-00813,Green,Storage,Downlink,Storage < 70%,None,Continue Capturing Images,Store additional payload data,No,Low
SCN-00814,Green,Storage,Capturing Earth Images,Storage < 70%,None,Continue Capturing Images,Store additional payload data,No,Low
SCN-00815,Green,Communication,Orbit Correction,Signal Stable,None,Continue Downlink,Telemetry transmitted successfully,No,Low
SCN-00816,Green,Power,Calibration,Battery > 70%,None,Continue Mission,Nominal power operation,No,Low
SCN-00817,Yellow,Payload,Downlink,Camera Temperature Rising,Potential Payload Anomaly,Reduce Image Capture Rate,Prevent camera shutdown,Yes,Medium
SCN-00818,Yellow,Power,Orbit Correction,Solar Output Low,Potential Power Anomaly,Rotate Solar Panels,Increase charging efficiency,Yes,Medium
SCN-00819,Green,Communication,Capturing Earth Images,Signal Stable,None,Continue Downlink,Telemetry transmitted successfully,No,Low
SCN-00820,Yellow,Storage,Idle,Storage 70-90%,Potential Storage Anomaly,Schedule Downlink,Avoid storage overflow,Yes,Medium
SCN-00821,Green,Power,Downlink,Solar Output Normal,None,Continue Charging,Battery remains healthy,No,Low
SCN-00822,Green,Storage,Orbit Correction,Storage < 70%,None,Continue Capturing Images,Store additional payload data,No,Low
SCN-00823,Green,Power,Idle,Solar Output Normal,None,Continue Charging,Battery remains healthy,No,Low
SCN-00824,Yellow,Power,Capturing Earth Images,Battery 30-70%,Potential Power Anomaly,Reduce Payload Power,Battery drain reduced,Yes,Medium
SCN-00825,Yellow,Communication,Downlink,Weak Signal,Potential Communication Anomaly,Prepare Next Ground Pass,Avoid communication failure,Yes,Medium
SCN-00826,Yellow,Payload,Orbit Correction,Camera Temperature Rising,Potential Payload Anomaly,Reduce Image Capture Rate,Prevent camera shutdown,Yes,Medium
SCN-00827,Green,Communication,Capturing Earth Images,Signal Stable,None,Continue Downlink,Telemetry transmitted successfully,No,Low
SCN-00828,Green,Payload,Downlink,Camera Operational,None,Capture Earth Images,Mission objective achieved,No,Low
SCN-00829,Green,Payload,Downlink,Camera Operational,None,Capture Earth Images,Mission objective achieved,No,Low
SCN-00830,Green,Power,Idle,Battery > 70%,None,Continue Mission,Nominal power operation,No,Low
SCN-00831,Green,Power,Idle,Solar Output Normal,None,Continue Charging,Battery remains healthy,No,Low
SCN-00832,Green,Communication,Downlink,Signal Stable,None,Continue Downlink,Telemetry transmitted successfully,No,Low
SCN-00833,Yellow,Thermal,Downlink,Temperature 45-65°C,Potential Thermal Anomaly,Reduce CPU Load,Prevent overheating,Yes,Medium
SCN-00834,Green,Communication,Orbit Correction,Signal Stable,None,Continue Downlink,Telemetry transmitted successfully,No,Low
SCN-00835,Green,Thermal,Calibration,Temperature < 45°C,None,Continue Operation,Subsystem remains stable,No,Low
SCN-00836,Green,Storage,Capturing Earth Images,Storage < 70%,None,Continue Capturing Images,Store additional payload data,No,Low
SCN-00837,Red,Power,Orbit Correction,Solar Panel Failure,Power Failure,Disable Payload,Reduce power consumption,Yes,Critical
SCN-00838,Green,Payload,Idle,Camera Operational,None,Capture Earth Images,Mission objective achieved,No,Low
SCN-00839,Green,Communication,Downlink,Signal Stable,None,Continue Downlink,Telemetry transmitted successfully,No,Low
SCN-00840,Red,Payload,Capturing Earth Images,Camera Failure,Payload Failure,Restart Camera Module,Restore payload functionality,Yes,Critical
SCN-00841,Green,Thermal,Capturing Earth Images,Temperature < 45°C,None,Continue Operation,Subsystem remains stable,No,Low
SCN-00842,Yellow,Storage,Calibration,Storage 70-90%,Potential Storage Anomaly,Schedule Downlink,Avoid storage overflow,Yes,Medium
SCN-00843,Green,Storage,Calibration,Storage < 70%,None,Continue Capturing Images,Store additional payload data,No,Low
SCN-00844,Green,Storage,Downlink,Storage < 70%,None,Continue Capturing Images,Store additional payload data,No,Low
SCN-00845,Green,Power,Calibration,Battery > 70%,None,Continue Mission,Nominal power operation,No,Low
SCN-00846,Green,Thermal,Capturing Earth Images,Temperature < 45°C,None,Continue Operation,Subsystem remains stable,No,Low
SCN-00847,Green,Thermal,Calibration,Temperature < 45°C,None,Continue Operation,Subsystem remains stable,No,Low
SCN-00848,Yellow,Thermal,Capturing Earth Images,Temperature 45-65°C,Potential Thermal Anomaly,Reduce CPU Load,Prevent overheating,Yes,Medium
SCN-00849,Green,Thermal,Capturing Earth Images,Temperature < 45°C,None,Continue Operation,Subsystem remains stable,No,Low
SCN-00850,Green,Payload,Downlink,Camera Operational,None,Capture Earth Images,Mission objective achieved,No,Low
SCN-00851,Green,Payload,Calibration,Camera Operational,None,Capture Earth Images,Mission objective achieved,No,Low
SCN-00852,Green,Storage,Orbit Correction,Storage < 70%,None,Continue Capturing Images,Store additional payload data,No,Low
SCN-00853,Green,Communication,Capturing Earth Images,Signal Stable,None,Continue Downlink,Telemetry transmitted successfully,No,Low
SCN-00854,Green,Payload,Idle,Camera Operational,None,Capture Earth Images,Mission objective achieved,No,Low
SCN-00855,Green,Power,Orbit Correction,Solar Output Normal,None,Continue Charging,Battery remains healthy,No,Low
SCN-00856,Green,Power,Capturing Earth Images,Solar Output Normal,None,Continue Charging,Battery remains healthy,No,Low
SCN-00857,Green,Power,Calibration,Battery > 70%,None,Continue Mission,Nominal power operation,No,Low
SCN-00858,Green,Communication,Idle,Signal Stable,None,Continue Downlink,Telemetry transmitted successfully,No,Low
SCN-00859,Green,Power,Idle,Battery > 70%,None,Continue Mission,Nominal power operation,No,Low
SCN-00860,Green,Power,Calibration,Battery > 70%,None,Continue Mission,Nominal power operation,No,Low
SCN-00861,Yellow,Payload,Orbit Correction,Camera Temperature Rising,Potential Payload Anomaly,Reduce Image Capture Rate,Prevent camera shutdown,Yes,Medium
SCN-00862,Red,Storage,Orbit Correction,Storage > 95%,Storage Failure,Stop Image Capture and Downlink,Free storage space,Yes,Critical
SCN-00863,Yellow,Storage,Idle,Storage 70-90%,Potential Storage Anomaly,Schedule Downlink,Avoid storage overflow,Yes,Medium
SCN-00864,Green,Thermal,Capturing Earth Images,Temperature < 45°C,None,Continue Operation,Subsystem remains stable,No,Low
SCN-00865,Green,Payload,Calibration,Camera Operational,None,Capture Earth Images,Mission objective achieved,No,Low
SCN-00866,Green,Thermal,Orbit Correction,Temperature < 45°C,None,Continue Operation,Subsystem remains stable,No,Low
SCN-00867,Green,Thermal,Downlink,Temperature < 45°C,None,Continue Operation,Subsystem remains stable,No,Low
SCN-00868,Green,Thermal,Downlink,Temperature < 45°C,None,Continue Operation,Subsystem remains stable,No,Low
SCN-00869,Red,Storage,Orbit Correction,Storage > 95%,Storage Failure,Stop Image Capture and Downlink,Free storage space,Yes,Critical
SCN-00870,Green,Power,Calibration,Battery > 70%,None,Continue Mission,Nominal power operation,No,Low
SCN-00871,Green,Payload,Idle,Camera Operational,None,Capture Earth Images,Mission objective achieved,No,Low
SCN-00872,Yellow,Thermal,Downlink,Temperature 45-65°C,Potential Thermal Anomaly,Reduce CPU Load,Prevent overheating,Yes,Medium
SCN-00873,Green,Communication,Idle,Signal Stable,None,Continue Downlink,Telemetry transmitted successfully,No,Low
SCN-00874,Green,Thermal,Calibration,Temperature < 45°C,None,Continue Operation,Subsystem remains stable,No,Low
SCN-00875,Red,Power,Idle,Battery < 20%,Power Failure,Enter Safe Mode,Prevent complete battery depletion,Yes,Critical
SCN-00876,Yellow,Storage,Idle,Storage 70-90%,Potential Storage Anomaly,Schedule Downlink,Avoid storage overflow,Yes,Medium
SCN-00877,Green,Storage,Downlink,Storage < 70%,None,Continue Capturing Images,Store additional payload data,No,Low
SCN-00878,Yellow,Thermal,Idle,Temperature 45-65°C,Potential Thermal Anomaly,Reduce CPU Load,Prevent overheating,Yes,Medium
SCN-00879,Yellow,Thermal,Idle,Temperature 45-65°C,Potential Thermal Anomaly,Reduce CPU Load,Prevent overheating,Yes,Medium
SCN-00880,Green,Power,Orbit Correction,Battery > 70%,None,Continue Mission,Nominal power operation,No,Low
SCN-00881,Yellow,Power,Capturing Earth Images,Solar Output Low,Potential Power Anomaly,Rotate Solar Panels,Increase charging efficiency,Yes,Medium
SCN-00882,Yellow,Payload,Orbit Correction,Camera Temperature Rising,Potential Payload Anomaly,Reduce Image Capture Rate,Prevent camera shutdown,Yes,Medium
SCN-00883,Green,Payload,Downlink,Camera Operational,None,Capture Earth Images,Mission objective achieved,No,Low
SCN-00884,Yellow,Storage,Orbit Correction,Storage 70-90%,Potential Storage Anomaly,Schedule Downlink,Avoid storage overflow,Yes,Medium
SCN-00885,Red,Payload,Capturing Earth Images,Camera Failure,Payload Failure,Restart Camera Module,Restore payload functionality,Yes,Critical
SCN-00886,Green,Thermal,Downlink,Temperature < 45°C,None,Continue Operation,Subsystem remains stable,No,Low
SCN-00887,Red,Communication,Capturing Earth Images,Communication Lost,Communication Failure,Queue Commands,Resume during next communication window,Yes,Critical
SCN-00888,Yellow,Payload,Idle,Camera Temperature Rising,Potential Payload Anomaly,Reduce Image Capture Rate,Prevent camera shutdown,Yes,Medium
SCN-00889,Yellow,Storage,Orbit Correction,Storage 70-90%,Potential Storage Anomaly,Schedule Downlink,Avoid storage overflow,Yes,Medium
SCN-00890,Green,Communication,Calibration,Signal Stable,None,Continue Downlink,Telemetry transmitted successfully,No,Low
SCN-00891,Green,Storage,Capturing Earth Images,Storage < 70%,None,Continue Capturing Images,Store additional payload data,No,Low
SCN-00892,Red,Payload,Capturing Earth Images,Camera Failure,Payload Failure,Restart Camera Module,Restore payload functionality,Yes,Critical
SCN-00893,Red,Payload,Orbit Correction,Camera Failure,Payload Failure,Restart Camera Module,Restore payload functionality,Yes,Critical
SCN-00894,Green,Storage,Orbit Correction,Storage < 70%,None,Continue Capturing Images,Store additional payload data,No,Low
SCN-00895,Red,Thermal,Capturing Earth Images,Temperature > 70°C,Thermal Failure,Shutdown Payload,Prevent hardware damage,Yes,Critical
SCN-00896,Yellow,Thermal,Idle,Temperature 45-65°C,Potential Thermal Anomaly,Reduce CPU Load,Prevent overheating,Yes,Medium
SCN-00897,Red,Communication,Downlink,Communication Lost,Communication Failure,Queue Commands,Resume during next communication window,Yes,Critical
SCN-00898,Green,Thermal,Orbit Correction,Temperature < 45°C,None,Continue Operation,Subsystem remains stable,No,Low
SCN-00899,Green,Payload,Calibration,Camera Operational,None,Capture Earth Images,Mission objective achieved,No,Low
SCN-00900,Green,Thermal,Orbit Correction,Temperature < 45°C,None,Continue Operation,Subsystem remains stable,No,Low
SCN-00901,Red,Storage,Capturing Earth Images,Storage > 95%,Storage Failure,Stop Image Capture and Downlink,Free storage space,Yes,Critical
SCN-00902,Green,Communication,Idle,Signal Stable,None,Continue Downlink,Telemetry transmitted successfully,No,Low
SCN-00903,Green,Payload,Calibration,Camera Operational,None,Capture Earth Images,Mission objective achieved,No,Low
SCN-00904,Green,Communication,Orbit Correction,Signal Stable,None,Continue Downlink,Telemetry transmitted successfully,No,Low
SCN-00905,Green,Power,Orbit Correction,Battery > 70%,None,Continue Mission,Nominal power operation,No,Low
SCN-00906,Yellow,Communication,Capturing Earth Images,Weak Signal,Potential Communication Anomaly,Prepare Next Ground Pass,Avoid communication failure,Yes,Medium
SCN-00907,Green,Power,Orbit Correction,Solar Output Normal,None,Continue Charging,Battery remains healthy,No,Low
SCN-00908,Green,Communication,Capturing Earth Images,Signal Stable,None,Continue Downlink,Telemetry transmitted successfully,No,Low
SCN-00909,Green,Power,Downlink,Battery > 70%,None,Continue Mission,Nominal power operation,No,Low
SCN-00910,Green,Power,Capturing Earth Images,Battery > 70%,None,Continue Mission,Nominal power operation,No,Low
SCN-00911,Green,Payload,Capturing Earth Images,Camera Operational,None,Capture Earth Images,Mission objective achieved,No,Low
SCN-00912,Green,Communication,Capturing Earth Images,Signal Stable,None,Continue Downlink,Telemetry transmitted successfully,No,Low
SCN-00913,Green,Thermal,Idle,Temperature < 45°C,None,Continue Operation,Subsystem remains stable,No,Low
SCN-00914,Yellow,Power,Downlink,Battery 30-70%,Potential Power Anomaly,Reduce Payload Power,Battery drain reduced,Yes,Medium
SCN-00915,Green,Payload,Capturing Earth Images,Camera Operational,None,Capture Earth Images,Mission objective achieved,No,Low
SCN-00916,Yellow,Storage,Idle,Storage 70-90%,Potential Storage Anomaly,Schedule Downlink,Avoid storage overflow,Yes,Medium
SCN-00917,Green,Thermal,Calibration,Temperature < 45°C,None,Continue Operation,Subsystem remains stable,No,Low
SCN-00918,Green,Communication,Capturing Earth Images,Signal Stable,None,Continue Downlink,Telemetry transmitted successfully,No,Low
SCN-00919,Green,Thermal,Downlink,Temperature < 45°C,None,Continue Operation,Subsystem remains stable,No,Low
SCN-00920,Green,Thermal,Calibration,Temperature < 45°C,None,Continue Operation,Subsystem remains stable,No,Low
SCN-00921,Green,Storage,Downlink,Storage < 70%,None,Continue Capturing Images,Store additional payload data,No,Low
SCN-00922,Green,Communication,Calibration,Signal Stable,None,Continue Downlink,Telemetry transmitted successfully,No,Low
SCN-00923,Yellow,Thermal,Orbit Correction,Temperature 45-65°C,Potential Thermal Anomaly,Reduce CPU Load,Prevent overheating,Yes,Medium
SCN-00924,Red,Payload,Orbit Correction,Camera Failure,Payload Failure,Restart Camera Module,Restore payload functionality,Yes,Critical
SCN-00925,Green,Communication,Orbit Correction,Signal Stable,None,Continue Downlink,Telemetry transmitted successfully,No,Low
SCN-00926,Yellow,Communication,Calibration,Weak Signal,Potential Communication Anomaly,Prepare Next Ground Pass,Avoid communication failure,Yes,Medium
SCN-00927,Green,Thermal,Downlink,Temperature < 45°C,None,Continue Operation,Subsystem remains stable,No,Low
SCN-00928,Green,Communication,Orbit Correction,Signal Stable,None,Continue Downlink,Telemetry transmitted successfully,No,Low
SCN-00929,Green,Storage,Idle,Storage < 70%,None,Continue Capturing Images,Store additional payload data,No,Low
SCN-00930,Yellow,Communication,Capturing Earth Images,Weak Signal,Potential Communication Anomaly,Prepare Next Ground Pass,Avoid communication failure,Yes,Medium
SCN-00931,Red,Communication,Downlink,Communication Lost,Communication Failure,Queue Commands,Resume during next communication window,Yes,Critical
SCN-00932,Green,Communication,Orbit Correction,Signal Stable,None,Continue Downlink,Telemetry transmitted successfully,No,Low
SCN-00933,Green,Communication,Orbit Correction,Signal Stable,None,Continue Downlink,Telemetry transmitted successfully,No,Low
SCN-00934,Green,Power,Downlink,Battery > 70%,None,Continue Mission,Nominal power operation,No,Low
SCN-00935,Green,Storage,Orbit Correction,Storage < 70%,None,Continue Capturing Images,Store additional payload data,No,Low
SCN-00936,Red,Power,Orbit Correction,Battery < 20%,Power Failure,Enter Safe Mode,Prevent complete battery depletion,Yes,Critical
SCN-00937,Green,Payload,Idle,Camera Operational,None,Capture Earth Images,Mission objective achieved,No,Low
SCN-00938,Green,Communication,Orbit Correction,Signal Stable,None,Continue Downlink,Telemetry transmitted successfully,No,Low
SCN-00939,Red,Power,Capturing Earth Images,Solar Panel Failure,Power Failure,Disable Payload,Reduce power consumption,Yes,Critical
SCN-00940,Green,Payload,Downlink,Camera Operational,None,Capture Earth Images,Mission objective achieved,No,Low
SCN-00941,Yellow,Communication,Orbit Correction,Weak Signal,Potential Communication Anomaly,Prepare Next Ground Pass,Avoid communication failure,Yes,Medium
SCN-00942,Yellow,Storage,Downlink,Storage 70-90%,Potential Storage Anomaly,Schedule Downlink,Avoid storage overflow,Yes,Medium
SCN-00943,Green,Power,Orbit Correction,Battery > 70%,None,Continue Mission,Nominal power operation,No,Low
SCN-00944,Green,Storage,Downlink,Storage < 70%,None,Continue Capturing Images,Store additional payload data,No,Low
SCN-00945,Red,Payload,Idle,Camera Failure,Payload Failure,Restart Camera Module,Restore payload functionality,Yes,Critical
SCN-00946,Green,Storage,Downlink,Storage < 70%,None,Continue Capturing Images,Store additional payload data,No,Low
SCN-00947,Red,Power,Downlink,Solar Panel Failure,Power Failure,Disable Payload,Reduce power consumption,Yes,Critical
SCN-00948,Yellow,Payload,Idle,Camera Temperature Rising,Potential Payload Anomaly,Reduce Image Capture Rate,Prevent camera shutdown,Yes,Medium
SCN-00949,Green,Storage,Orbit Correction,Storage < 70%,None,Continue Capturing Images,Store additional payload data,No,Low
SCN-00950,Yellow,Power,Downlink,Solar Output Low,Potential Power Anomaly,Rotate Solar Panels,Increase charging efficiency,Yes,Medium
SCN-00951,Yellow,Payload,Idle,Camera Temperature Rising,Potential Payload Anomaly,Reduce Image Capture Rate,Prevent camera shutdown,Yes,Medium
SCN-00952,Red,Power,Calibration,Battery < 20%,Power Failure,Enter Safe Mode,Prevent complete battery depletion,Yes,Critical
SCN-00953,Yellow,Storage,Calibration,Storage 70-90%,Potential Storage Anomaly,Schedule Downlink,Avoid storage overflow,Yes,Medium
SCN-00954,Green,Power,Calibration,Battery > 70%,None,Continue Mission,Nominal power operation,No,Low
SCN-00955,Yellow,Thermal,Capturing Earth Images,Temperature 45-65°C,Potential Thermal Anomaly,Reduce CPU Load,Prevent overheating,Yes,Medium
SCN-00956,Red,Power,Idle,Battery < 20%,Power Failure,Enter Safe Mode,Prevent complete battery depletion,Yes,Critical
SCN-00957,Green,Power,Calibration,Solar Output Normal,None,Continue Charging,Battery remains healthy,No,Low
SCN-00958,Red,Power,Downlink,Solar Panel Failure,Power Failure,Disable Payload,Reduce power consumption,Yes,Critical
SCN-00959,Green,Storage,Orbit Correction,Storage < 70%,None,Continue Capturing Images,Store additional payload data,No,Low
SCN-00960,Green,Power,Orbit Correction,Battery > 70%,None,Continue Mission,Nominal power operation,No,Low
SCN-00961,Green,Communication,Downlink,Signal Stable,None,Continue Downlink,Telemetry transmitted successfully,No,Low
SCN-00962,Red,Storage,Calibration,Storage > 95%,Storage Failure,Stop Image Capture and Downlink,Free storage space,Yes,Critical
SCN-00963,Red,Thermal,Idle,Temperature > 70°C,Thermal Failure,Shutdown Payload,Prevent hardware damage,Yes,Critical
SCN-00964,Green,Thermal,Idle,Temperature < 45°C,None,Continue Operation,Subsystem remains stable,No,Low
SCN-00965,Red,Power,Downlink,Solar Panel Failure,Power Failure,Disable Payload,Reduce power consumption,Yes,Critical
SCN-00966,Green,Storage,Idle,Storage < 70%,None,Continue Capturing Images,Store additional payload data,No,Low
SCN-00967,Green,Storage,Calibration,Storage < 70%,None,Continue Capturing Images,Store additional payload data,No,Low
SCN-00968,Green,Power,Orbit Correction,Solar Output Normal,None,Continue Charging,Battery remains healthy,No,Low
SCN-00969,Yellow,Thermal,Calibration,Temperature 45-65°C,Potential Thermal Anomaly,Reduce CPU Load,Prevent overheating,Yes,Medium
SCN-00970,Yellow,Communication,Orbit Correction,Weak Signal,Potential Communication Anomaly,Prepare Next Ground Pass,Avoid communication failure,Yes,Medium
SCN-00971,Green,Storage,Orbit Correction,Storage < 70%,None,Continue Capturing Images,Store additional payload data,No,Low
SCN-00972,Green,Thermal,Capturing Earth Images,Temperature < 45°C,None,Continue Operation,Subsystem remains stable,No,Low
SCN-00973,Green,Communication,Downlink,Signal Stable,None,Continue Downlink,Telemetry transmitted successfully,No,Low
SCN-00974,Yellow,Power,Calibration,Solar Output Low,Potential Power Anomaly,Rotate Solar Panels,Increase charging efficiency,Yes,Medium
SCN-00975,Green,Payload,Calibration,Camera Operational,None,Capture Earth Images,Mission objective achieved,No,Low
SCN-00976,Green,Power,Orbit Correction,Solar Output Normal,None,Continue Charging,Battery remains healthy,No,Low
SCN-00977,Green,Power,Capturing Earth Images,Battery > 70%,None,Continue Mission,Nominal power operation,No,Low
SCN-00978,Yellow,Power,Idle,Battery 30-70%,Potential Power Anomaly,Reduce Payload Power,Battery drain reduced,Yes,Medium
SCN-00979,Green,Power,Idle,Battery > 70%,None,Continue Mission,Nominal power operation,No,Low
SCN-00980,Yellow,Power,Idle,Battery 30-70%,Potential Power Anomaly,Reduce Payload Power,Battery drain reduced,Yes,Medium
SCN-00981,Green,Thermal,Idle,Temperature < 45°C,None,Continue Operation,Subsystem remains stable,No,Low
SCN-00982,Yellow,Communication,Idle,Weak Signal,Potential Communication Anomaly,Prepare Next Ground Pass,Avoid communication failure,Yes,Medium
SCN-00983,Green,Thermal,Downlink,Temperature < 45°C,None,Continue Operation,Subsystem remains stable,No,Low
SCN-00984,Red,Power,Calibration,Battery < 20%,Power Failure,Enter Safe Mode,Prevent complete battery depletion,Yes,Critical
SCN-00985,Green,Power,Idle,Battery > 70%,None,Continue Mission,Nominal power operation,No,Low
SCN-00986,Yellow,Communication,Downlink,Weak Signal,Potential Communication Anomaly,Prepare Next Ground Pass,Avoid communication failure,Yes,Medium
SCN-00987,Red,Thermal,Capturing Earth Images,Temperature > 70°C,Thermal Failure,Shutdown Payload,Prevent hardware damage,Yes,Critical
SCN-00988,Green,Power,Orbit Correction,Solar Output Normal,None,Continue Charging,Battery remains healthy,No,Low
SCN-00989,Green,Payload,Orbit Correction,Camera Operational,None,Capture Earth Images,Mission objective achieved,No,Low
SCN-00990,Red,Storage,Calibration,Storage > 95%,Storage Failure,Stop Image Capture and Downlink,Free storage space,Yes,Critical
SCN-00991,Yellow,Payload,Idle,Camera Temperature Rising,Potential Payload Anomaly,Reduce Image Capture Rate,Prevent camera shutdown,Yes,Medium
SCN-00992,Yellow,Power,Idle,Battery 30-70%,Potential Power Anomaly,Reduce Payload Power,Battery drain reduced,Yes,Medium
SCN-00993,Red,Storage,Downlink,Storage > 95%,Storage Failure,Stop Image Capture and Downlink,Free storage space,Yes,Critical
SCN-00994,Green,Thermal,Orbit Correction,Temperature < 45°C,None,Continue Operation,Subsystem remains stable,No,Low
SCN-00995,Green,Communication,Idle,Signal Stable,None,Continue Downlink,Telemetry transmitted successfully,No,Low
SCN-00996,Red,Storage,Capturing Earth Images,Storage > 95%,Storage Failure,Stop Image Capture and Downlink,Free storage space,Yes,Critical
SCN-00997,Green,Storage,Capturing Earth Images,Storage < 70%,None,Continue Capturing Images,Store additional payload data,No,Low
SCN-00998,Red,Communication,Orbit Correction,Communication Lost,Communication Failure,Queue Commands,Resume during next communication window,Yes,Critical
SCN-00999,Green,Power,Downlink,Solar Output Normal,None,Continue Charging,Battery remains healthy,No,Low
SCN-01000,Yellow,Power,Downlink,Solar Output Low,Potential Power Anomaly,Rotate Solar Panels,Increase charging efficiency,Yes,Medium
SCN-01001,Red,Storage,Calibration,Storage > 95%,Storage Failure,Stop Image Capture and Downlink,Free storage space,Yes,Critical
SCN-01002,Green,Payload,Orbit Correction,Camera Operational,None,Capture Earth Images,Mission objective achieved,No,Low
SCN-01003,Green,Payload,Downlink,Camera Operational,None,Capture Earth Images,Mission objective achieved,No,Low
SCN-01004,Yellow,Storage,Downlink,Storage 70-90%,Potential Storage Anomaly,Schedule Downlink,Avoid storage overflow,Yes,Medium
SCN-01005,Red,Storage,Capturing Earth Images,Storage > 95%,Storage Failure,Stop Image Capture and Downlink,Free storage space,Yes,Critical
SCN-01006,Red,Communication,Orbit Correction,Communication Lost,Communication Failure,Queue Commands,Resume during next communication window,Yes,Critical
SCN-01007,Red,Storage,Downlink,Storage > 95%,Storage Failure,Stop Image Capture and Downlink,Free storage space,Yes,Critical
SCN-01008,Green,Payload,Orbit Correction,Camera Operational,None,Capture Earth Images,Mission objective achieved,No,Low
SCN-01009,Green,Storage,Downlink,Storage < 70%,None,Continue Capturing Images,Store additional payload data,No,Low
SCN-01010,Yellow,Thermal,Calibration,Temperature 45-65°C,Potential Thermal Anomaly,Reduce CPU Load,Prevent overheating,Yes,Medium
SCN-01011,Red,Communication,Idle,Communication Lost,Communication Failure,Queue Commands,Resume during next communication window,Yes,Critical
SCN-01012,Green,Power,Calibration,Battery > 70%,None,Continue Mission,Nominal power operation,No,Low
SCN-01013,Green,Storage,Downlink,Storage < 70%,None,Continue Capturing Images,Store additional payload data,No,Low
SCN-01014,Red,Storage,Capturing Earth Images,Storage > 95%,Storage Failure,Stop Image Capture and Downlink,Free storage space,Yes,Critical
SCN-01015,Green,Thermal,Calibration,Temperature < 45°C,None,Continue Operation,Subsystem remains stable,No,Low
SCN-01016,Yellow,Payload,Capturing Earth Images,Camera Temperature Rising,Potential Payload Anomaly,Reduce Image Capture Rate,Prevent camera shutdown,Yes,Medium
SCN-01017,Red,Power,Calibration,Solar Panel Failure,Power Failure,Disable Payload,Reduce power consumption,Yes,Critical
SCN-01018,Yellow,Storage,Idle,Storage 70-90%,Potential Storage Anomaly,Schedule Downlink,Avoid storage overflow,Yes,Medium
SCN-01019,Green,Storage,Orbit Correction,Storage < 70%,None,Continue Capturing Images,Store additional payload data,No,Low
SCN-01020,Green,Thermal,Orbit Correction,Temperature < 45°C,None,Continue Operation,Subsystem remains stable,No,Low
SCN-01021,Green,Power,Orbit Correction,Battery > 70%,None,Continue Mission,Nominal power operation,No,Low
SCN-01022,Red,Power,Capturing Earth Images,Battery < 20%,Power Failure,Enter Safe Mode,Prevent complete battery depletion,Yes,Critical
SCN-01023,Green,Power,Capturing Earth Images,Battery > 70%,None,Continue Mission,Nominal power operation,No,Low
SCN-01024,Green,Thermal,Orbit Correction,Temperature < 45°C,None,Continue Operation,Subsystem remains stable,No,Low
SCN-01025,Green,Power,Orbit Correction,Battery > 70%,None,Continue Mission,Nominal power operation,No,Low
SCN-01026,Green,Payload,Calibration,Camera Operational,None,Capture Earth Images,Mission objective achieved,No,Low
SCN-01027,Yellow,Power,Idle,Solar Output Low,Potential Power Anomaly,Rotate Solar Panels,Increase charging efficiency,Yes,Medium
SCN-01028,Green,Storage,Orbit Correction,Storage < 70%,None,Continue Capturing Images,Store additional payload data,No,Low
SCN-01029,Yellow,Payload,Calibration,Camera Temperature Rising,Potential Payload Anomaly,Reduce Image Capture Rate,Prevent camera shutdown,Yes,Medium
SCN-01030,Green,Communication,Orbit Correction,Signal Stable,None,Continue Downlink,Telemetry transmitted successfully,No,Low
SCN-01031,Red,Thermal,Capturing Earth Images,Temperature > 70°C,Thermal Failure,Shutdown Payload,Prevent hardware damage,Yes,Critical
SCN-01032,Yellow,Payload,Orbit Correction,Camera Temperature Rising,Potential Payload Anomaly,Reduce Image Capture Rate,Prevent camera shutdown,Yes,Medium
SCN-01033,Green,Payload,Capturing Earth Images,Camera Operational,None,Capture Earth Images,Mission objective achieved,No,Low
SCN-01034,Yellow,Thermal,Downlink,Temperature 45-65°C,Potential Thermal Anomaly,Reduce CPU Load,Prevent overheating,Yes,Medium
SCN-01035,Green,Storage,Capturing Earth Images,Storage < 70%,None,Continue Capturing Images,Store additional payload data,No,Low
SCN-01036,Green,Power,Calibration,Battery > 70%,None,Continue Mission,Nominal power operation,No,Low
SCN-01037,Green,Thermal,Orbit Correction,Temperature < 45°C,None,Continue Operation,Subsystem remains stable,No,Low
SCN-01038,Green,Thermal,Idle,Temperature < 45°C,None,Continue Operation,Subsystem remains stable,No,Low
SCN-01039,Yellow,Payload,Orbit Correction,Camera Temperature Rising,Potential Payload Anomaly,Reduce Image Capture Rate,Prevent camera shutdown,Yes,Medium
SCN-01040,Red,Storage,Idle,Storage > 95%,Storage Failure,Stop Image Capture and Downlink,Free storage space,Yes,Critical
SCN-01041,Green,Communication,Idle,Signal Stable,None,Continue Downlink,Telemetry transmitted successfully,No,Low
SCN-01042,Green,Power,Downlink,Solar Output Normal,None,Continue Charging,Battery remains healthy,No,Low
SCN-01043,Yellow,Storage,Calibration,Storage 70-90%,Potential Storage Anomaly,Schedule Downlink,Avoid storage overflow,Yes,Medium
SCN-01044,Green,Payload,Idle,Camera Operational,None,Capture Earth Images,Mission objective achieved,No,Low
SCN-01045,Yellow,Storage,Orbit Correction,Storage 70-90%,Potential Storage Anomaly,Schedule Downlink,Avoid storage overflow,Yes,Medium
SCN-01046,Green,Payload,Orbit Correction,Camera Operational,None,Capture Earth Images,Mission objective achieved,No,Low
SCN-01047,Green,Payload,Downlink,Camera Operational,None,Capture Earth Images,Mission objective achieved,No,Low
SCN-01048,Yellow,Payload,Calibration,Camera Temperature Rising,Potential Payload Anomaly,Reduce Image Capture Rate,Prevent camera shutdown,Yes,Medium
SCN-01049,Green,Storage,Capturing Earth Images,Storage < 70%,None,Continue Capturing Images,Store additional payload data,No,Low
SCN-01050,Green,Thermal,Orbit Correction,Temperature < 45°C,None,Continue Operation,Subsystem remains stable,No,Low
SCN-01051,Green,Thermal,Calibration,Temperature < 45°C,None,Continue Operation,Subsystem remains stable,No,Low
SCN-01052,Yellow,Storage,Calibration,Storage 70-90%,Potential Storage Anomaly,Schedule Downlink,Avoid storage overflow,Yes,Medium
SCN-01053,Red,Thermal,Capturing Earth Images,Temperature > 70°C,Thermal Failure,Shutdown Payload,Prevent hardware damage,Yes,Critical
SCN-01054,Green,Storage,Capturing Earth Images,Storage < 70%,None,Continue Capturing Images,Store additional payload data,No,Low
SCN-01055,Yellow,Payload,Capturing Earth Images,Camera Temperature Rising,Potential Payload Anomaly,Reduce Image Capture Rate,Prevent camera shutdown,Yes,Medium
SCN-01056,Green,Payload,Orbit Correction,Camera Operational,None,Capture Earth Images,Mission objective achieved,No,Low
SCN-01057,Green,Payload,Downlink,Camera Operational,None,Capture Earth Images,Mission objective achieved,No,Low
SCN-01058,Green,Payload,Idle,Camera Operational,None,Capture Earth Images,Mission objective achieved,No,Low
SCN-01059,Green,Payload,Calibration,Camera Operational,None,Capture Earth Images,Mission objective achieved,No,Low
SCN-01060,Green,Payload,Idle,Camera Operational,None,Capture Earth Images,Mission objective achieved,No,Low
SCN-01061,Green,Storage,Calibration,Storage < 70%,None,Continue Capturing Images,Store additional payload data,No,Low
SCN-01062,Yellow,Payload,Idle,Camera Temperature Rising,Potential Payload Anomaly,Reduce Image Capture Rate,Prevent camera shutdown,Yes,Medium
SCN-01063,Red,Storage,Idle,Storage > 95%,Storage Failure,Stop Image Capture and Downlink,Free storage space,Yes,Critical
SCN-01064,Green,Payload,Orbit Correction,Camera Operational,None,Capture Earth Images,Mission objective achieved,No,Low
SCN-01065,Green,Power,Idle,Battery > 70%,None,Continue Mission,Nominal power operation,No,Low
SCN-01066,Yellow,Payload,Idle,Camera Temperature Rising,Potential Payload Anomaly,Reduce Image Capture Rate,Prevent camera shutdown,Yes,Medium
SCN-01067,Yellow,Power,Downlink,Solar Output Low,Potential Power Anomaly,Rotate Solar Panels,Increase charging efficiency,Yes,Medium
SCN-01068,Yellow,Thermal,Idle,Temperature 45-65°C,Potential Thermal Anomaly,Reduce CPU Load,Prevent overheating,Yes,Medium
SCN-01069,Green,Thermal,Capturing Earth Images,Temperature < 45°C,None,Continue Operation,Subsystem remains stable,No,Low
SCN-01070,Red,Power,Capturing Earth Images,Battery < 20%,Power Failure,Enter Safe Mode,Prevent complete battery depletion,Yes,Critical
SCN-01071,Red,Communication,Calibration,Communication Lost,Communication Failure,Queue Commands,Resume during next communication window,Yes,Critical
SCN-01072,Green,Thermal,Downlink,Temperature < 45°C,None,Continue Operation,Subsystem remains stable,No,Low
SCN-01073,Green,Payload,Calibration,Camera Operational,None,Capture Earth Images,Mission objective achieved,No,Low
SCN-01074,Green,Storage,Capturing Earth Images,Storage < 70%,None,Continue Capturing Images,Store additional payload data,No,Low
SCN-01075,Green,Power,Orbit Correction,Solar Output Normal,None,Continue Charging,Battery remains healthy,No,Low
SCN-01076,Green,Storage,Orbit Correction,Storage < 70%,None,Continue Capturing Images,Store additional payload data,No,Low
SCN-01077,Green,Power,Downlink,Solar Output Normal,None,Continue Charging,Battery remains healthy,No,Low
SCN-01078,Green,Communication,Capturing Earth Images,Signal Stable,None,Continue Downlink,Telemetry transmitted successfully,No,Low
SCN-01079,Green,Thermal,Capturing Earth Images,Temperature < 45°C,None,Continue Operation,Subsystem remains stable,No,Low
SCN-01080,Red,Communication,Orbit Correction,Communication Lost,Communication Failure,Queue Commands,Resume during next communication window,Yes,Critical
SCN-01081,Red,Power,Idle,Solar Panel Failure,Power Failure,Disable Payload,Reduce power consumption,Yes,Critical
SCN-01082,Red,Communication,Calibration,Communication Lost,Communication Failure,Queue Commands,Resume during next communication window,Yes,Critical
SCN-01083,Green,Payload,Calibration,Camera Operational,None,Capture Earth Images,Mission objective achieved,No,Low
SCN-01084,Green,Power,Calibration,Battery > 70%,None,Continue Mission,Nominal power operation,No,Low
SCN-01085,Yellow,Thermal,Idle,Temperature 45-65°C,Potential Thermal Anomaly,Reduce CPU Load,Prevent overheating,Yes,Medium
SCN-01086,Yellow,Storage,Capturing Earth Images,Storage 70-90%,Potential Storage Anomaly,Schedule Downlink,Avoid storage overflow,Yes,Medium
SCN-01087,Green,Power,Idle,Battery > 70%,None,Continue Mission,Nominal power operation,No,Low
SCN-01088,Green,Storage,Orbit Correction,Storage < 70%,None,Continue Capturing Images,Store additional payload data,No,Low
SCN-01089,Yellow,Communication,Idle,Weak Signal,Potential Communication Anomaly,Prepare Next Ground Pass,Avoid communication failure,Yes,Medium
SCN-01090,Green,Communication,Capturing Earth Images,Signal Stable,None,Continue Downlink,Telemetry transmitted successfully,No,Low
SCN-01091,Green,Power,Orbit Correction,Solar Output Normal,None,Continue Charging,Battery remains healthy,No,Low
SCN-01092,Green,Storage,Idle,Storage < 70%,None,Continue Capturing Images,Store additional payload data,No,Low
SCN-01093,Green,Payload,Idle,Camera Operational,None,Capture Earth Images,Mission objective achieved,No,Low
SCN-01094,Yellow,Power,Downlink,Battery 30-70%,Potential Power Anomaly,Reduce Payload Power,Battery drain reduced,Yes,Medium
SCN-01095,Yellow,Power,Orbit Correction,Solar Output Low,Potential Power Anomaly,Rotate Solar Panels,Increase charging efficiency,Yes,Medium
SCN-01096,Green,Power,Idle,Battery > 70%,None,Continue Mission,Nominal power operation,No,Low
SCN-01097,Green,Communication,Downlink,Signal Stable,None,Continue Downlink,Telemetry transmitted successfully,No,Low
SCN-01098,Green,Power,Capturing Earth Images,Battery > 70%,None,Continue Mission,Nominal power operation,No,Low
SCN-01099,Green,Power,Idle,Solar Output Normal,None,Continue Charging,Battery remains healthy,No,Low
SCN-01100,Yellow,Storage,Orbit Correction,Storage 70-90%,Potential Storage Anomaly,Schedule Downlink,Avoid storage overflow,Yes,Medium
SCN-01101,Red,Payload,Idle,Camera Failure,Payload Failure,Restart Camera Module,Restore payload functionality,Yes,Critical
SCN-01102,Green,Thermal,Downlink,Temperature < 45°C,None,Continue Operation,Subsystem remains stable,No,Low
SCN-01103,Green,Storage,Orbit Correction,Storage < 70%,None,Continue Capturing Images,Store additional payload data,No,Low
SCN-01104,Green,Storage,Orbit Correction,Storage < 70%,None,Continue Capturing Images,Store additional payload data,No,Low
SCN-01105,Green,Communication,Idle,Signal Stable,None,Continue Downlink,Telemetry transmitted successfully,No,Low
SCN-01106,Green,Power,Downlink,Battery > 70%,None,Continue Mission,Nominal power operation,No,Low
SCN-01107,Green,Power,Capturing Earth Images,Solar Output Normal,None,Continue Charging,Battery remains healthy,No,Low
SCN-01108,Green,Storage,Idle,Storage < 70%,None,Continue Capturing Images,Store additional payload data,No,Low
SCN-01109,Yellow,Payload,Idle,Camera Temperature Rising,Potential Payload Anomaly,Reduce Image Capture Rate,Prevent camera shutdown,Yes,Medium
SCN-01110,Green,Thermal,Idle,Temperature < 45°C,None,Continue Operation,Subsystem remains stable,No,Low
SCN-01111,Green,Storage,Idle,Storage < 70%,None,Continue Capturing Images,Store additional payload data,No,Low
SCN-01112,Green,Power,Downlink,Battery > 70%,None,Continue Mission,Nominal power operation,No,Low
SCN-01113,Yellow,Storage,Downlink,Storage 70-90%,Potential Storage Anomaly,Schedule Downlink,Avoid storage overflow,Yes,Medium
SCN-01114,Green,Storage,Capturing Earth Images,Storage < 70%,None,Continue Capturing Images,Store additional payload data,No,Low
SCN-01115,Green,Communication,Calibration,Signal Stable,None,Continue Downlink,Telemetry transmitted successfully,No,Low
SCN-01116,Red,Payload,Calibration,Camera Failure,Payload Failure,Restart Camera Module,Restore payload functionality,Yes,Critical
SCN-01117,Green,Power,Downlink,Battery > 70%,None,Continue Mission,Nominal power operation,No,Low
SCN-01118,Red,Thermal,Idle,Temperature > 70°C,Thermal Failure,Shutdown Payload,Prevent hardware damage,Yes,Critical
SCN-01119,Green,Storage,Calibration,Storage < 70%,None,Continue Capturing Images,Store additional payload data,No,Low
SCN-01120,Green,Communication,Calibration,Signal Stable,None,Continue Downlink,Telemetry transmitted successfully,No,Low
SCN-01121,Yellow,Storage,Idle,Storage 70-90%,Potential Storage Anomaly,Schedule Downlink,Avoid storage overflow,Yes,Medium
SCN-01122,Green,Communication,Capturing Earth Images,Signal Stable,None,Continue Downlink,Telemetry transmitted successfully,No,Low
SCN-01123,Green,Payload,Downlink,Camera Operational,None,Capture Earth Images,Mission objective achieved,No,Low
SCN-01124,Green,Thermal,Orbit Correction,Temperature < 45°C,None,Continue Operation,Subsystem remains stable,No,Low
SCN-01125,Green,Power,Calibration,Solar Output Normal,None,Continue Charging,Battery remains healthy,No,Low
SCN-01126,Yellow,Storage,Downlink,Storage 70-90%,Potential Storage Anomaly,Schedule Downlink,Avoid storage overflow,Yes,Medium
SCN-01127,Green,Storage,Capturing Earth Images,Storage < 70%,None,Continue Capturing Images,Store additional payload data,No,Low
SCN-01128,Yellow,Communication,Orbit Correction,Weak Signal,Potential Communication Anomaly,Prepare Next Ground Pass,Avoid communication failure,Yes,Medium
SCN-01129,Green,Power,Calibration,Solar Output Normal,None,Continue Charging,Battery remains healthy,No,Low
SCN-01130,Yellow,Storage,Capturing Earth Images,Storage 70-90%,Potential Storage Anomaly,Schedule Downlink,Avoid storage overflow,Yes,Medium
SCN-01131,Green,Payload,Orbit Correction,Camera Operational,None,Capture Earth Images,Mission objective achieved,No,Low
SCN-01132,Yellow,Storage,Calibration,Storage 70-90%,Potential Storage Anomaly,Schedule Downlink,Avoid storage overflow,Yes,Medium
SCN-01133,Red,Payload,Capturing Earth Images,Camera Failure,Payload Failure,Restart Camera Module,Restore payload functionality,Yes,Critical
SCN-01134,Green,Storage,Downlink,Storage < 70%,None,Continue Capturing Images,Store additional payload data,No,Low
SCN-01135,Green,Power,Calibration,Battery > 70%,None,Continue Mission,Nominal power operation,No,Low
SCN-01136,Yellow,Thermal,Calibration,Temperature 45-65°C,Potential Thermal Anomaly,Reduce CPU Load,Prevent overheating,Yes,Medium
SCN-01137,Green,Payload,Capturing Earth Images,Camera Operational,None,Capture Earth Images,Mission objective achieved,No,Low
SCN-01138,Yellow,Payload,Calibration,Camera Temperature Rising,Potential Payload Anomaly,Reduce Image Capture Rate,Prevent camera shutdown,Yes,Medium
SCN-01139,Green,Thermal,Idle,Temperature < 45°C,None,Continue Operation,Subsystem remains stable,No,Low
SCN-01140,Yellow,Storage,Idle,Storage 70-90%,Potential Storage Anomaly,Schedule Downlink,Avoid storage overflow,Yes,Medium
SCN-01141,Yellow,Power,Capturing Earth Images,Battery 30-70%,Potential Power Anomaly,Reduce Payload Power,Battery drain reduced,Yes,Medium
SCN-01142,Green,Communication,Capturing Earth Images,Signal Stable,None,Continue Downlink,Telemetry transmitted successfully,No,Low
SCN-01143,Yellow,Thermal,Calibration,Temperature 45-65°C,Potential Thermal Anomaly,Reduce CPU Load,Prevent overheating,Yes,Medium
SCN-01144,Green,Payload,Orbit Correction,Camera Operational,None,Capture Earth Images,Mission objective achieved,No,Low
SCN-01145,Red,Power,Downlink,Solar Panel Failure,Power Failure,Disable Payload,Reduce power consumption,Yes,Critical
SCN-01146,Yellow,Thermal,Orbit Correction,Temperature 45-65°C,Potential Thermal Anomaly,Reduce CPU Load,Prevent overheating,Yes,Medium
SCN-01147,Green,Thermal,Idle,Temperature < 45°C,None,Continue Operation,Subsystem remains stable,No,Low
SCN-01148,Yellow,Payload,Orbit Correction,Camera Temperature Rising,Potential Payload Anomaly,Reduce Image Capture Rate,Prevent camera shutdown,Yes,Medium
SCN-01149,Red,Thermal,Calibration,Temperature > 70°C,Thermal Failure,Shutdown Payload,Prevent hardware damage,Yes,Critical
SCN-01150,Red,Storage,Downlink,Storage > 95%,Storage Failure,Stop Image Capture and Downlink,Free storage space,Yes,Critical
SCN-01151,Green,Storage,Downlink,Storage < 70%,None,Continue Capturing Images,Store additional payload data,No,Low
SCN-01152,Red,Storage,Orbit Correction,Storage > 95%,Storage Failure,Stop Image Capture and Downlink,Free storage space,Yes,Critical
SCN-01153,Green,Thermal,Calibration,Temperature < 45°C,None,Continue Operation,Subsystem remains stable,No,Low
SCN-01154,Yellow,Power,Calibration,Solar Output Low,Potential Power Anomaly,Rotate Solar Panels,Increase charging efficiency,Yes,Medium
SCN-01155,Green,Payload,Capturing Earth Images,Camera Operational,None,Capture Earth Images,Mission objective achieved,No,Low
SCN-01156,Green,Thermal,Downlink,Temperature < 45°C,None,Continue Operation,Subsystem remains stable,No,Low
SCN-01157,Yellow,Thermal,Calibration,Temperature 45-65°C,Potential Thermal Anomaly,Reduce CPU Load,Prevent overheating,Yes,Medium
SCN-01158,Green,Payload,Capturing Earth Images,Camera Operational,None,Capture Earth Images,Mission objective achieved,No,Low
SCN-01159,Green,Power,Orbit Correction,Battery > 70%,None,Continue Mission,Nominal power operation,No,Low
SCN-01160,Green,Storage,Idle,Storage < 70%,None,Continue Capturing Images,Store additional payload data,No,Low
SCN-01161,Green,Storage,Orbit Correction,Storage < 70%,None,Continue Capturing Images,Store additional payload data,No,Low
SCN-01162,Yellow,Thermal,Downlink,Temperature 45-65°C,Potential Thermal Anomaly,Reduce CPU Load,Prevent overheating,Yes,Medium
SCN-01163,Red,Communication,Idle,Communication Lost,Communication Failure,Queue Commands,Resume during next communication window,Yes,Critical
SCN-01164,Yellow,Payload,Capturing Earth Images,Camera Temperature Rising,Potential Payload Anomaly,Reduce Image Capture Rate,Prevent camera shutdown,Yes,Medium
SCN-01165,Green,Communication,Downlink,Signal Stable,None,Continue Downlink,Telemetry transmitted successfully,No,Low
SCN-01166,Green,Thermal,Downlink,Temperature < 45°C,None,Continue Operation,Subsystem remains stable,No,Low
SCN-01167,Green,Power,Orbit Correction,Solar Output Normal,None,Continue Charging,Battery remains healthy,No,Low
SCN-01168,Green,Communication,Idle,Signal Stable,None,Continue Downlink,Telemetry transmitted successfully,No,Low
SCN-01169,Green,Thermal,Idle,Temperature < 45°C,None,Continue Operation,Subsystem remains stable,No,Low
SCN-01170,Red,Thermal,Idle,Temperature > 70°C,Thermal Failure,Shutdown Payload,Prevent hardware damage,Yes,Critical
SCN-01171,Green,Storage,Downlink,Storage < 70%,None,Continue Capturing Images,Store additional payload data,No,Low
SCN-01172,Yellow,Communication,Orbit Correction,Weak Signal,Potential Communication Anomaly,Prepare Next Ground Pass,Avoid communication failure,Yes,Medium
SCN-01173,Green,Power,Capturing Earth Images,Battery > 70%,None,Continue Mission,Nominal power operation,No,Low
SCN-01174,Red,Thermal,Calibration,Temperature > 70°C,Thermal Failure,Shutdown Payload,Prevent hardware damage,Yes,Critical
SCN-01175,Green,Storage,Calibration,Storage < 70%,None,Continue Capturing Images,Store additional payload data,No,Low
SCN-01176,Red,Power,Capturing Earth Images,Battery < 20%,Power Failure,Enter Safe Mode,Prevent complete battery depletion,Yes,Critical
SCN-01177,Green,Thermal,Calibration,Temperature < 45°C,None,Continue Operation,Subsystem remains stable,No,Low
SCN-01178,Green,Payload,Downlink,Camera Operational,None,Capture Earth Images,Mission objective achieved,No,Low
SCN-01179,Red,Payload,Idle,Camera Failure,Payload Failure,Restart Camera Module,Restore payload functionality,Yes,Critical
SCN-01180,Green,Storage,Downlink,Storage < 70%,None,Continue Capturing Images,Store additional payload data,No,Low
SCN-01181,Green,Communication,Idle,Signal Stable,None,Continue Downlink,Telemetry transmitted successfully,No,Low
SCN-01182,Red,Storage,Idle,Storage > 95%,Storage Failure,Stop Image Capture and Downlink,Free storage space,Yes,Critical
SCN-01183,Red,Storage,Capturing Earth Images,Storage > 95%,Storage Failure,Stop Image Capture and Downlink,Free storage space,Yes,Critical
SCN-01184,Red,Payload,Calibration,Camera Failure,Payload Failure,Restart Camera Module,Restore payload functionality,Yes,Critical
SCN-01185,Green,Communication,Calibration,Signal Stable,None,Continue Downlink,Telemetry transmitted successfully,No,Low
SCN-01186,Yellow,Power,Capturing Earth Images,Battery 30-70%,Potential Power Anomaly,Reduce Payload Power,Battery drain reduced,Yes,Medium
SCN-01187,Yellow,Thermal,Orbit Correction,Temperature 45-65°C,Potential Thermal Anomaly,Reduce CPU Load,Prevent overheating,Yes,Medium
SCN-01188,Green,Thermal,Downlink,Temperature < 45°C,None,Continue Operation,Subsystem remains stable,No,Low
SCN-01189,Green,Power,Calibration,Solar Output Normal,None,Continue Charging,Battery remains healthy,No,Low
SCN-01190,Green,Storage,Calibration,Storage < 70%,None,Continue Capturing Images,Store additional payload data,No,Low
SCN-01191,Yellow,Thermal,Downlink,Temperature 45-65°C,Potential Thermal Anomaly,Reduce CPU Load,Prevent overheating,Yes,Medium
SCN-01192,Green,Communication,Orbit Correction,Signal Stable,None,Continue Downlink,Telemetry transmitted successfully,No,Low
SCN-01193,Green,Thermal,Capturing Earth Images,Temperature < 45°C,None,Continue Operation,Subsystem remains stable,No,Low
SCN-01194,Green,Storage,Calibration,Storage < 70%,None,Continue Capturing Images,Store additional payload data,No,Low
SCN-01195,Green,Power,Calibration,Battery > 70%,None,Continue Mission,Nominal power operation,No,Low
SCN-01196,Green,Payload,Idle,Camera Operational,None,Capture Earth Images,Mission objective achieved,No,Low
SCN-01197,Green,Storage,Orbit Correction,Storage < 70%,None,Continue Capturing Images,Store additional payload data,No,Low
SCN-01198,Green,Thermal,Idle,Temperature < 45°C,None,Continue Operation,Subsystem remains stable,No,Low
SCN-01199,Green,Thermal,Idle,Temperature < 45°C,None,Continue Operation,Subsystem remains stable,No,Low
SCN-01200,Green,Storage,Downlink,Storage < 70%,None,Continue Capturing Images,Store additional payload data,No,Low
SCN-01201,Yellow,Communication,Calibration,Weak Signal,Potential Communication Anomaly,Prepare Next Ground Pass,Avoid communication failure,Yes,Medium
SCN-01202,Green,Thermal,Calibration,Temperature < 45°C,None,Continue Operation,Subsystem remains stable,No,Low
SCN-01203,Yellow,Communication,Orbit Correction,Weak Signal,Potential Communication Anomaly,Prepare Next Ground Pass,Avoid communication failure,Yes,Medium
SCN-01204,Green,Communication,Capturing Earth Images,Signal Stable,None,Continue Downlink,Telemetry transmitted successfully,No,Low
SCN-01205,Green,Communication,Capturing Earth Images,Signal Stable,None,Continue Downlink,Telemetry transmitted successfully,No,Low
SCN-01206,Yellow,Thermal,Capturing Earth Images,Temperature 45-65°C,Potential Thermal Anomaly,Reduce CPU Load,Prevent overheating,Yes,Medium
SCN-01207,Green,Power,Orbit Correction,Solar Output Normal,None,Continue Charging,Battery remains healthy,No,Low
SCN-01208,Green,Storage,Idle,Storage < 70%,None,Continue Capturing Images,Store additional payload data,No,Low
SCN-01209,Green,Thermal,Capturing Earth Images,Temperature < 45°C,None,Continue Operation,Subsystem remains stable,No,Low
SCN-01210,Green,Storage,Orbit Correction,Storage < 70%,None,Continue Capturing Images,Store additional payload data,No,Low
SCN-01211,Green,Thermal,Orbit Correction,Temperature < 45°C,None,Continue Operation,Subsystem remains stable,No,Low
SCN-01212,Green,Thermal,Downlink,Temperature < 45°C,None,Continue Operation,Subsystem remains stable,No,Low
SCN-01213,Green,Thermal,Orbit Correction,Temperature < 45°C,None,Continue Operation,Subsystem remains stable,No,Low
SCN-01214,Green,Thermal,Orbit Correction,Temperature < 45°C,None,Continue Operation,Subsystem remains stable,No,Low
SCN-01215,Green,Power,Downlink,Solar Output Normal,None,Continue Charging,Battery remains healthy,No,Low
SCN-01216,Green,Storage,Idle,Storage < 70%,None,Continue Capturing Images,Store additional payload data,No,Low
SCN-01217,Yellow,Power,Calibration,Solar Output Low,Potential Power Anomaly,Rotate Solar Panels,Increase charging efficiency,Yes,Medium
SCN-01218,Green,Thermal,Downlink,Temperature < 45°C,None,Continue Operation,Subsystem remains stable,No,Low
SCN-01219,Yellow,Storage,Calibration,Storage 70-90%,Potential Storage Anomaly,Schedule Downlink,Avoid storage overflow,Yes,Medium
SCN-01220,Green,Power,Orbit Correction,Battery > 70%,None,Continue Mission,Nominal power operation,No,Low
SCN-01221,Green,Power,Calibration,Battery > 70%,None,Continue Mission,Nominal power operation,No,Low
SCN-01222,Green,Communication,Orbit Correction,Signal Stable,None,Continue Downlink,Telemetry transmitted successfully,No,Low
SCN-01223,Yellow,Power,Downlink,Solar Output Low,Potential Power Anomaly,Rotate Solar Panels,Increase charging efficiency,Yes,Medium
SCN-01224,Green,Power,Capturing Earth Images,Battery > 70%,None,Continue Mission,Nominal power operation,No,Low
SCN-01225,Red,Storage,Calibration,Storage > 95%,Storage Failure,Stop Image Capture and Downlink,Free storage space,Yes,Critical
SCN-01226,Green,Storage,Orbit Correction,Storage < 70%,None,Continue Capturing Images,Store additional payload data,No,Low
SCN-01227,Green,Communication,Orbit Correction,Signal Stable,None,Continue Downlink,Telemetry transmitted successfully,No,Low
SCN-01228,Yellow,Storage,Downlink,Storage 70-90%,Potential Storage Anomaly,Schedule Downlink,Avoid storage overflow,Yes,Medium
SCN-01229,Green,Power,Capturing Earth Images,Solar Output Normal,None,Continue Charging,Battery remains healthy,No,Low
SCN-01230,Green,Communication,Idle,Signal Stable,None,Continue Downlink,Telemetry transmitted successfully,No,Low
SCN-01231,Yellow,Storage,Idle,Storage 70-90%,Potential Storage Anomaly,Schedule Downlink,Avoid storage overflow,Yes,Medium
SCN-01232,Green,Communication,Orbit Correction,Signal Stable,None,Continue Downlink,Telemetry transmitted successfully,No,Low
SCN-01233,Green,Power,Calibration,Solar Output Normal,None,Continue Charging,Battery remains healthy,No,Low
SCN-01234,Green,Power,Capturing Earth Images,Battery > 70%,None,Continue Mission,Nominal power operation,No,Low
SCN-01235,Yellow,Payload,Capturing Earth Images,Camera Temperature Rising,Potential Payload Anomaly,Reduce Image Capture Rate,Prevent camera shutdown,Yes,Medium
SCN-01236,Green,Thermal,Idle,Temperature < 45°C,None,Continue Operation,Subsystem remains stable,No,Low
SCN-01237,Green,Communication,Downlink,Signal Stable,None,Continue Downlink,Telemetry transmitted successfully,No,Low
SCN-01238,Yellow,Storage,Capturing Earth Images,Storage 70-90%,Potential Storage Anomaly,Schedule Downlink,Avoid storage overflow,Yes,Medium
SCN-01239,Yellow,Thermal,Capturing Earth Images,Temperature 45-65°C,Potential Thermal Anomaly,Reduce CPU Load,Prevent overheating,Yes,Medium
SCN-01240,Yellow,Thermal,Downlink,Temperature 45-65°C,Potential Thermal Anomaly,Reduce CPU Load,Prevent overheating,Yes,Medium
SCN-01241,Green,Storage,Calibration,Storage < 70%,None,Continue Capturing Images,Store additional payload data,No,Low
SCN-01242,Yellow,Power,Downlink,Battery 30-70%,Potential Power Anomaly,Reduce Payload Power,Battery drain reduced,Yes,Medium
SCN-01243,Yellow,Payload,Downlink,Camera Temperature Rising,Potential Payload Anomaly,Reduce Image Capture Rate,Prevent camera shutdown,Yes,Medium
SCN-01244,Green,Payload,Calibration,Camera Operational,None,Capture Earth Images,Mission objective achieved,No,Low
SCN-01245,Yellow,Power,Idle,Solar Output Low,Potential Power Anomaly,Rotate Solar Panels,Increase charging efficiency,Yes,Medium
SCN-01246,Green,Power,Capturing Earth Images,Battery > 70%,None,Continue Mission,Nominal power operation,No,Low
SCN-01247,Green,Thermal,Idle,Temperature < 45°C,None,Continue Operation,Subsystem remains stable,No,Low
SCN-01248,Green,Storage,Orbit Correction,Storage < 70%,None,Continue Capturing Images,Store additional payload data,No,Low
SCN-01249,Green,Thermal,Downlink,Temperature < 45°C,None,Continue Operation,Subsystem remains stable,No,Low
SCN-01250,Green,Power,Idle,Solar Output Normal,None,Continue Charging,Battery remains healthy,No,Low
SCN-01251,Yellow,Storage,Orbit Correction,Storage 70-90%,Potential Storage Anomaly,Schedule Downlink,Avoid storage overflow,Yes,Medium
SCN-01252,Green,Payload,Calibration,Camera Operational,None,Capture Earth Images,Mission objective achieved,No,Low
SCN-01253,Green,Communication,Downlink,Signal Stable,None,Continue Downlink,Telemetry transmitted successfully,No,Low
SCN-01254,Green,Communication,Idle,Signal Stable,None,Continue Downlink,Telemetry transmitted successfully,No,Low
SCN-01255,Green,Storage,Orbit Correction,Storage < 70%,None,Continue Capturing Images,Store additional payload data,No,Low
SCN-01256,Red,Power,Idle,Battery < 20%,Power Failure,Enter Safe Mode,Prevent complete battery depletion,Yes,Critical
SCN-01257,Yellow,Storage,Orbit Correction,Storage 70-90%,Potential Storage Anomaly,Schedule Downlink,Avoid storage overflow,Yes,Medium
SCN-01258,Green,Storage,Downlink,Storage < 70%,None,Continue Capturing Images,Store additional payload data,No,Low
SCN-01259,Yellow,Thermal,Orbit Correction,Temperature 45-65°C,Potential Thermal Anomaly,Reduce CPU Load,Prevent overheating,Yes,Medium
SCN-01260,Green,Storage,Capturing Earth Images,Storage < 70%,None,Continue Capturing Images,Store additional payload data,No,Low
SCN-01261,Green,Power,Calibration,Battery > 70%,None,Continue Mission,Nominal power operation,No,Low
SCN-01262,Yellow,Storage,Calibration,Storage 70-90%,Potential Storage Anomaly,Schedule Downlink,Avoid storage overflow,Yes,Medium
SCN-01263,Yellow,Storage,Downlink,Storage 70-90%,Potential Storage Anomaly,Schedule Downlink,Avoid storage overflow,Yes,Medium
SCN-01264,Yellow,Payload,Idle,Camera Temperature Rising,Potential Payload Anomaly,Reduce Image Capture Rate,Prevent camera shutdown,Yes,Medium
SCN-01265,Red,Thermal,Calibration,Temperature > 70°C,Thermal Failure,Shutdown Payload,Prevent hardware damage,Yes,Critical
SCN-01266,Yellow,Thermal,Idle,Temperature 45-65°C,Potential Thermal Anomaly,Reduce CPU Load,Prevent overheating,Yes,Medium
SCN-01267,Green,Payload,Orbit Correction,Camera Operational,None,Capture Earth Images,Mission objective achieved,No,Low
SCN-01268,Yellow,Payload,Downlink,Camera Temperature Rising,Potential Payload Anomaly,Reduce Image Capture Rate,Prevent camera shutdown,Yes,Medium
SCN-01269,Red,Power,Downlink,Battery < 20%,Power Failure,Enter Safe Mode,Prevent complete battery depletion,Yes,Critical
SCN-01270,Green,Storage,Orbit Correction,Storage < 70%,None,Continue Capturing Images,Store additional payload data,No,Low
SCN-01271,Red,Storage,Downlink,Storage > 95%,Storage Failure,Stop Image Capture and Downlink,Free storage space,Yes,Critical
SCN-01272,Green,Power,Downlink,Battery > 70%,None,Continue Mission,Nominal power operation,No,Low
SCN-01273,Green,Power,Downlink,Solar Output Normal,None,Continue Charging,Battery remains healthy,No,Low
SCN-01274,Yellow,Storage,Orbit Correction,Storage 70-90%,Potential Storage Anomaly,Schedule Downlink,Avoid storage overflow,Yes,Medium
SCN-01275,Green,Communication,Downlink,Signal Stable,None,Continue Downlink,Telemetry transmitted successfully,No,Low
SCN-01276,Green,Communication,Orbit Correction,Signal Stable,None,Continue Downlink,Telemetry transmitted successfully,No,Low
SCN-01277,Green,Communication,Capturing Earth Images,Signal Stable,None,Continue Downlink,Telemetry transmitted successfully,No,Low
SCN-01278,Green,Storage,Calibration,Storage < 70%,None,Continue Capturing Images,Store additional payload data,No,Low
SCN-01279,Green,Communication,Downlink,Signal Stable,None,Continue Downlink,Telemetry transmitted successfully,No,Low
SCN-01280,Yellow,Payload,Orbit Correction,Camera Temperature Rising,Potential Payload Anomaly,Reduce Image Capture Rate,Prevent camera shutdown,Yes,Medium
SCN-01281,Red,Payload,Capturing Earth Images,Camera Failure,Payload Failure,Restart Camera Module,Restore payload functionality,Yes,Critical
SCN-01282,Yellow,Communication,Capturing Earth Images,Weak Signal,Potential Communication Anomaly,Prepare Next Ground Pass,Avoid communication failure,Yes,Medium
SCN-01283,Green,Communication,Capturing Earth Images,Signal Stable,None,Continue Downlink,Telemetry transmitted successfully,No,Low
SCN-01284,Green,Communication,Downlink,Signal Stable,None,Continue Downlink,Telemetry transmitted successfully,No,Low
SCN-01285,Red,Communication,Capturing Earth Images,Communication Lost,Communication Failure,Queue Commands,Resume during next communication window,Yes,Critical
SCN-01286,Green,Storage,Calibration,Storage < 70%,None,Continue Capturing Images,Store additional payload data,No,Low
SCN-01287,Green,Communication,Idle,Signal Stable,None,Continue Downlink,Telemetry transmitted successfully,No,Low
SCN-01288,Red,Power,Capturing Earth Images,Solar Panel Failure,Power Failure,Disable Payload,Reduce power consumption,Yes,Critical
SCN-01289,Yellow,Communication,Capturing Earth Images,Weak Signal,Potential Communication Anomaly,Prepare Next Ground Pass,Avoid communication failure,Yes,Medium
SCN-01290,Green,Communication,Orbit Correction,Signal Stable,None,Continue Downlink,Telemetry transmitted successfully,No,Low
SCN-01291,Green,Power,Orbit Correction,Battery > 70%,None,Continue Mission,Nominal power operation,No,Low
SCN-01292,Green,Storage,Orbit Correction,Storage < 70%,None,Continue Capturing Images,Store additional payload data,No,Low
SCN-01293,Green,Power,Orbit Correction,Solar Output Normal,None,Continue Charging,Battery remains healthy,No,Low
SCN-01294,Yellow,Payload,Orbit Correction,Camera Temperature Rising,Potential Payload Anomaly,Reduce Image Capture Rate,Prevent camera shutdown,Yes,Medium
SCN-01295,Yellow,Storage,Capturing Earth Images,Storage 70-90%,Potential Storage Anomaly,Schedule Downlink,Avoid storage overflow,Yes,Medium
SCN-01296,Green,Payload,Calibration,Camera Operational,None,Capture Earth Images,Mission objective achieved,No,Low
SCN-01297,Green,Thermal,Calibration,Temperature < 45°C,None,Continue Operation,Subsystem remains stable,No,Low
SCN-01298,Yellow,Storage,Idle,Storage 70-90%,Potential Storage Anomaly,Schedule Downlink,Avoid storage overflow,Yes,Medium
SCN-01299,Green,Thermal,Orbit Correction,Temperature < 45°C,None,Continue Operation,Subsystem remains stable,No,Low
SCN-01300,Green,Payload,Capturing Earth Images,Camera Operational,None,Capture Earth Images,Mission objective achieved,No,Low
SCN-01301,Green,Storage,Downlink,Storage < 70%,None,Continue Capturing Images,Store additional payload data,No,Low
SCN-01302,Green,Power,Idle,Battery > 70%,None,Continue Mission,Nominal power operation,No,Low
SCN-01303,Yellow,Thermal,Idle,Temperature 45-65°C,Potential Thermal Anomaly,Reduce CPU Load,Prevent overheating,Yes,Medium
SCN-01304,Yellow,Payload,Idle,Camera Temperature Rising,Potential Payload Anomaly,Reduce Image Capture Rate,Prevent camera shutdown,Yes,Medium
SCN-01305,Green,Thermal,Downlink,Temperature < 45°C,None,Continue Operation,Subsystem remains stable,No,Low
SCN-01306,Green,Communication,Downlink,Signal Stable,None,Continue Downlink,Telemetry transmitted successfully,No,Low
SCN-01307,Green,Storage,Downlink,Storage < 70%,None,Continue Capturing Images,Store additional payload data,No,Low
SCN-01308,Yellow,Payload,Calibration,Camera Temperature Rising,Potential Payload Anomaly,Reduce Image Capture Rate,Prevent camera shutdown,Yes,Medium
SCN-01309,Green,Power,Orbit Correction,Battery > 70%,None,Continue Mission,Nominal power operation,No,Low
SCN-01310,Green,Storage,Downlink,Storage < 70%,None,Continue Capturing Images,Store additional payload data,No,Low
SCN-01311,Green,Communication,Orbit Correction,Signal Stable,None,Continue Downlink,Telemetry transmitted successfully,No,Low
SCN-01312,Yellow,Storage,Capturing Earth Images,Storage 70-90%,Potential Storage Anomaly,Schedule Downlink,Avoid storage overflow,Yes,Medium
SCN-01313,Green,Communication,Calibration,Signal Stable,None,Continue Downlink,Telemetry transmitted successfully,No,Low
SCN-01314,Green,Payload,Orbit Correction,Camera Operational,None,Capture Earth Images,Mission objective achieved,No,Low
SCN-01315,Yellow,Payload,Calibration,Camera Temperature Rising,Potential Payload Anomaly,Reduce Image Capture Rate,Prevent camera shutdown,Yes,Medium
SCN-01316,Yellow,Communication,Orbit Correction,Weak Signal,Potential Communication Anomaly,Prepare Next Ground Pass,Avoid communication failure,Yes,Medium
SCN-01317,Green,Storage,Orbit Correction,Storage < 70%,None,Continue Capturing Images,Store additional payload data,No,Low
SCN-01318,Green,Thermal,Orbit Correction,Temperature < 45°C,None,Continue Operation,Subsystem remains stable,No,Low
SCN-01319,Green,Payload,Orbit Correction,Camera Operational,None,Capture Earth Images,Mission objective achieved,No,Low
SCN-01320,Green,Communication,Orbit Correction,Signal Stable,None,Continue Downlink,Telemetry transmitted successfully,No,Low
SCN-01321,Red,Storage,Calibration,Storage > 95%,Storage Failure,Stop Image Capture and Downlink,Free storage space,Yes,Critical
SCN-01322,Green,Thermal,Idle,Temperature < 45°C,None,Continue Operation,Subsystem remains stable,No,Low
SCN-01323,Green,Communication,Idle,Signal Stable,None,Continue Downlink,Telemetry transmitted successfully,No,Low
SCN-01324,Yellow,Power,Calibration,Solar Output Low,Potential Power Anomaly,Rotate Solar Panels,Increase charging efficiency,Yes,Medium
SCN-01325,Yellow,Payload,Calibration,Camera Temperature Rising,Potential Payload Anomaly,Reduce Image Capture Rate,Prevent camera shutdown,Yes,Medium
SCN-01326,Yellow,Payload,Downlink,Camera Temperature Rising,Potential Payload Anomaly,Reduce Image Capture Rate,Prevent camera shutdown,Yes,Medium
SCN-01327,Green,Storage,Downlink,Storage < 70%,None,Continue Capturing Images,Store additional payload data,No,Low
SCN-01328,Yellow,Storage,Calibration,Storage 70-90%,Potential Storage Anomaly,Schedule Downlink,Avoid storage overflow,Yes,Medium
SCN-01329,Yellow,Communication,Capturing Earth Images,Weak Signal,Potential Communication Anomaly,Prepare Next Ground Pass,Avoid communication failure,Yes,Medium
SCN-01330,Green,Storage,Calibration,Storage < 70%,None,Continue Capturing Images,Store additional payload data,No,Low
SCN-01331,Yellow,Power,Downlink,Battery 30-70%,Potential Power Anomaly,Reduce Payload Power,Battery drain reduced,Yes,Medium
SCN-01332,Green,Thermal,Downlink,Temperature < 45°C,None,Continue Operation,Subsystem remains stable,No,Low
SCN-01333,Green,Thermal,Orbit Correction,Temperature < 45°C,None,Continue Operation,Subsystem remains stable,No,Low
SCN-01334,Red,Thermal,Idle,Temperature > 70°C,Thermal Failure,Shutdown Payload,Prevent hardware damage,Yes,Critical
SCN-01335,Green,Power,Capturing Earth Images,Solar Output Normal,None,Continue Charging,Battery remains healthy,No,Low
SCN-01336,Green,Power,Capturing Earth Images,Battery > 70%,None,Continue Mission,Nominal power operation,No,Low
SCN-01337,Green,Storage,Downlink,Storage < 70%,None,Continue Capturing Images,Store additional payload data,No,Low
SCN-01338,Yellow,Power,Capturing Earth Images,Battery 30-70%,Potential Power Anomaly,Reduce Payload Power,Battery drain reduced,Yes,Medium
SCN-01339,Red,Payload,Idle,Camera Failure,Payload Failure,Restart Camera Module,Restore payload functionality,Yes,Critical
SCN-01340,Green,Power,Idle,Solar Output Normal,None,Continue Charging,Battery remains healthy,No,Low
SCN-01341,Yellow,Payload,Downlink,Camera Temperature Rising,Potential Payload Anomaly,Reduce Image Capture Rate,Prevent camera shutdown,Yes,Medium
SCN-01342,Yellow,Storage,Capturing Earth Images,Storage 70-90%,Potential Storage Anomaly,Schedule Downlink,Avoid storage overflow,Yes,Medium
SCN-01343,Green,Communication,Downlink,Signal Stable,None,Continue Downlink,Telemetry transmitted successfully,No,Low
SCN-01344,Red,Thermal,Downlink,Temperature > 70°C,Thermal Failure,Shutdown Payload,Prevent hardware damage,Yes,Critical
SCN-01345,Green,Communication,Capturing Earth Images,Signal Stable,None,Continue Downlink,Telemetry transmitted successfully,No,Low
SCN-01346,Green,Communication,Capturing Earth Images,Signal Stable,None,Continue Downlink,Telemetry transmitted successfully,No,Low
SCN-01347,Yellow,Thermal,Orbit Correction,Temperature 45-65°C,Potential Thermal Anomaly,Reduce CPU Load,Prevent overheating,Yes,Medium
SCN-01348,Green,Communication,Orbit Correction,Signal Stable,None,Continue Downlink,Telemetry transmitted successfully,No,Low
SCN-01349,Green,Storage,Downlink,Storage < 70%,None,Continue Capturing Images,Store additional payload data,No,Low
SCN-01350,Green,Communication,Capturing Earth Images,Signal Stable,None,Continue Downlink,Telemetry transmitted successfully,No,Low
SCN-01351,Yellow,Payload,Capturing Earth Images,Camera Temperature Rising,Potential Payload Anomaly,Reduce Image Capture Rate,Prevent camera shutdown,Yes,Medium
SCN-01352,Green,Power,Calibration,Solar Output Normal,None,Continue Charging,Battery remains healthy,No,Low
SCN-01353,Green,Power,Orbit Correction,Solar Output Normal,None,Continue Charging,Battery remains healthy,No,Low
SCN-01354,Green,Storage,Orbit Correction,Storage < 70%,None,Continue Capturing Images,Store additional payload data,No,Low
SCN-01355,Yellow,Storage,Orbit Correction,Storage 70-90%,Potential Storage Anomaly,Schedule Downlink,Avoid storage overflow,Yes,Medium
SCN-01356,Green,Communication,Idle,Signal Stable,None,Continue Downlink,Telemetry transmitted successfully,No,Low
SCN-01357,Green,Power,Orbit Correction,Battery > 70%,None,Continue Mission,Nominal power operation,No,Low
SCN-01358,Green,Power,Capturing Earth Images,Battery > 70%,None,Continue Mission,Nominal power operation,No,Low
SCN-01359,Green,Communication,Idle,Signal Stable,None,Continue Downlink,Telemetry transmitted successfully,No,Low
SCN-01360,Green,Payload,Orbit Correction,Camera Operational,None,Capture Earth Images,Mission objective achieved,No,Low
SCN-01361,Green,Communication,Capturing Earth Images,Signal Stable,None,Continue Downlink,Telemetry transmitted successfully,No,Low
SCN-01362,Green,Thermal,Orbit Correction,Temperature < 45°C,None,Continue Operation,Subsystem remains stable,No,Low
SCN-01363,Green,Payload,Capturing Earth Images,Camera Operational,None,Capture Earth Images,Mission objective achieved,No,Low
SCN-01364,Green,Thermal,Downlink,Temperature < 45°C,None,Continue Operation,Subsystem remains stable,No,Low
SCN-01365,Red,Payload,Orbit Correction,Camera Failure,Payload Failure,Restart Camera Module,Restore payload functionality,Yes,Critical
SCN-01366,Yellow,Thermal,Orbit Correction,Temperature 45-65°C,Potential Thermal Anomaly,Reduce CPU Load,Prevent overheating,Yes,Medium
SCN-01367,Green,Payload,Orbit Correction,Camera Operational,None,Capture Earth Images,Mission objective achieved,No,Low
SCN-01368,Green,Storage,Downlink,Storage < 70%,None,Continue Capturing Images,Store additional payload data,No,Low
SCN-01369,Green,Storage,Idle,Storage < 70%,None,Continue Capturing Images,Store additional payload data,No,Low
SCN-01370,Green,Thermal,Downlink,Temperature < 45°C,None,Continue Operation,Subsystem remains stable,No,Low
SCN-01371,Green,Communication,Downlink,Signal Stable,None,Continue Downlink,Telemetry transmitted successfully,No,Low
SCN-01372,Yellow,Communication,Downlink,Weak Signal,Potential Communication Anomaly,Prepare Next Ground Pass,Avoid communication failure,Yes,Medium
SCN-01373,Green,Thermal,Downlink,Temperature < 45°C,None,Continue Operation,Subsystem remains stable,No,Low
SCN-01374,Green,Payload,Idle,Camera Operational,None,Capture Earth Images,Mission objective achieved,No,Low
SCN-01375,Red,Payload,Idle,Camera Failure,Payload Failure,Restart Camera Module,Restore payload functionality,Yes,Critical
SCN-01376,Red,Power,Idle,Solar Panel Failure,Power Failure,Disable Payload,Reduce power consumption,Yes,Critical
SCN-01377,Green,Payload,Downlink,Camera Operational,None,Capture Earth Images,Mission objective achieved,No,Low
SCN-01378,Green,Payload,Capturing Earth Images,Camera Operational,None,Capture Earth Images,Mission objective achieved,No,Low
SCN-01379,Green,Storage,Capturing Earth Images,Storage < 70%,None,Continue Capturing Images,Store additional payload data,No,Low
SCN-01380,Green,Power,Downlink,Battery > 70%,None,Continue Mission,Nominal power operation,No,Low
SCN-01381,Yellow,Communication,Downlink,Weak Signal,Potential Communication Anomaly,Prepare Next Ground Pass,Avoid communication failure,Yes,Medium
SCN-01382,Green,Power,Downlink,Battery > 70%,None,Continue Mission,Nominal power operation,No,Low
SCN-01383,Yellow,Payload,Calibration,Camera Temperature Rising,Potential Payload Anomaly,Reduce Image Capture Rate,Prevent camera shutdown,Yes,Medium
SCN-01384,Yellow,Storage,Idle,Storage 70-90%,Potential Storage Anomaly,Schedule Downlink,Avoid storage overflow,Yes,Medium
SCN-01385,Green,Communication,Capturing Earth Images,Signal Stable,None,Continue Downlink,Telemetry transmitted successfully,No,Low
SCN-01386,Green,Power,Idle,Solar Output Normal,None,Continue Charging,Battery remains healthy,No,Low
SCN-01387,Yellow,Power,Capturing Earth Images,Battery 30-70%,Potential Power Anomaly,Reduce Payload Power,Battery drain reduced,Yes,Medium
SCN-01388,Yellow,Communication,Capturing Earth Images,Weak Signal,Potential Communication Anomaly,Prepare Next Ground Pass,Avoid communication failure,Yes,Medium
SCN-01389,Yellow,Storage,Capturing Earth Images,Storage 70-90%,Potential Storage Anomaly,Schedule Downlink,Avoid storage overflow,Yes,Medium
SCN-01390,Green,Payload,Downlink,Camera Operational,None,Capture Earth Images,Mission objective achieved,No,Low
SCN-01391,Green,Storage,Calibration,Storage < 70%,None,Continue Capturing Images,Store additional payload data,No,Low
SCN-01392,Green,Power,Capturing Earth Images,Solar Output Normal,None,Continue Charging,Battery remains healthy,No,Low
SCN-01393,Green,Power,Downlink,Battery > 70%,None,Continue Mission,Nominal power operation,No,Low
SCN-01394,Yellow,Payload,Calibration,Camera Temperature Rising,Potential Payload Anomaly,Reduce Image Capture Rate,Prevent camera shutdown,Yes,Medium
SCN-01395,Yellow,Thermal,Calibration,Temperature 45-65°C,Potential Thermal Anomaly,Reduce CPU Load,Prevent overheating,Yes,Medium
SCN-01396,Green,Payload,Capturing Earth Images,Camera Operational,None,Capture Earth Images,Mission objective achieved,No,Low
SCN-01397,Green,Communication,Orbit Correction,Signal Stable,None,Continue Downlink,Telemetry transmitted successfully,No,Low
SCN-01398,Green,Thermal,Downlink,Temperature < 45°C,None,Continue Operation,Subsystem remains stable,No,Low
SCN-01399,Green,Communication,Orbit Correction,Signal Stable,None,Continue Downlink,Telemetry transmitted successfully,No,Low
SCN-01400,Green,Communication,Orbit Correction,Signal Stable,None,Continue Downlink,Telemetry transmitted successfully,No,Low
SCN-01401,Yellow,Thermal,Downlink,Temperature 45-65°C,Potential Thermal Anomaly,Reduce CPU Load,Prevent overheating,Yes,Medium
SCN-01402,Red,Communication,Idle,Communication Lost,Communication Failure,Queue Commands,Resume during next communication window,Yes,Critical
SCN-01403,Green,Power,Downlink,Solar Output Normal,None,Continue Charging,Battery remains healthy,No,Low
SCN-01404,Red,Thermal,Downlink,Temperature > 70°C,Thermal Failure,Shutdown Payload,Prevent hardware damage,Yes,Critical
SCN-01405,Green,Communication,Orbit Correction,Signal Stable,None,Continue Downlink,Telemetry transmitted successfully,No,Low
SCN-01406,Yellow,Power,Idle,Solar Output Low,Potential Power Anomaly,Rotate Solar Panels,Increase charging efficiency,Yes,Medium
SCN-01407,Yellow,Thermal,Calibration,Temperature 45-65°C,Potential Thermal Anomaly,Reduce CPU Load,Prevent overheating,Yes,Medium
SCN-01408,Red,Payload,Calibration,Camera Failure,Payload Failure,Restart Camera Module,Restore payload functionality,Yes,Critical
SCN-01409,Yellow,Communication,Capturing Earth Images,Weak Signal,Potential Communication Anomaly,Prepare Next Ground Pass,Avoid communication failure,Yes,Medium
SCN-01410,Green,Thermal,Orbit Correction,Temperature < 45°C,None,Continue Operation,Subsystem remains stable,No,Low
SCN-01411,Red,Communication,Calibration,Communication Lost,Communication Failure,Queue Commands,Resume during next communication window,Yes,Critical
SCN-01412,Yellow,Storage,Calibration,Storage 70-90%,Potential Storage Anomaly,Schedule Downlink,Avoid storage overflow,Yes,Medium
SCN-01413,Red,Power,Calibration,Solar Panel Failure,Power Failure,Disable Payload,Reduce power consumption,Yes,Critical
SCN-01414,Green,Thermal,Calibration,Temperature < 45°C,None,Continue Operation,Subsystem remains stable,No,Low
SCN-01415,Green,Power,Downlink,Battery > 70%,None,Continue Mission,Nominal power operation,No,Low
SCN-01416,Yellow,Power,Capturing Earth Images,Solar Output Low,Potential Power Anomaly,Rotate Solar Panels,Increase charging efficiency,Yes,Medium
SCN-01417,Green,Power,Orbit Correction,Solar Output Normal,None,Continue Charging,Battery remains healthy,No,Low
SCN-01418,Red,Storage,Downlink,Storage > 95%,Storage Failure,Stop Image Capture and Downlink,Free storage space,Yes,Critical
SCN-01419,Green,Storage,Capturing Earth Images,Storage < 70%,None,Continue Capturing Images,Store additional payload data,No,Low
SCN-01420,Yellow,Thermal,Downlink,Temperature 45-65°C,Potential Thermal Anomaly,Reduce CPU Load,Prevent overheating,Yes,Medium
SCN-01421,Green,Payload,Idle,Camera Operational,None,Capture Earth Images,Mission objective achieved,No,Low
SCN-01422,Green,Thermal,Capturing Earth Images,Temperature < 45°C,None,Continue Operation,Subsystem remains stable,No,Low
SCN-01423,Green,Storage,Calibration,Storage < 70%,None,Continue Capturing Images,Store additional payload data,No,Low
SCN-01424,Green,Storage,Calibration,Storage < 70%,None,Continue Capturing Images,Store additional payload data,No,Low
SCN-01425,Green,Communication,Calibration,Signal Stable,None,Continue Downlink,Telemetry transmitted successfully,No,Low
SCN-01426,Green,Communication,Orbit Correction,Signal Stable,None,Continue Downlink,Telemetry transmitted successfully,No,Low
SCN-01427,Yellow,Thermal,Calibration,Temperature 45-65°C,Potential Thermal Anomaly,Reduce CPU Load,Prevent overheating,Yes,Medium
SCN-01428,Green,Thermal,Calibration,Temperature < 45°C,None,Continue Operation,Subsystem remains stable,No,Low
SCN-01429,Yellow,Communication,Idle,Weak Signal,Potential Communication Anomaly,Prepare Next Ground Pass,Avoid communication failure,Yes,Medium
SCN-01430,Yellow,Storage,Capturing Earth Images,Storage 70-90%,Potential Storage Anomaly,Schedule Downlink,Avoid storage overflow,Yes,Medium
SCN-01431,Red,Communication,Capturing Earth Images,Communication Lost,Communication Failure,Queue Commands,Resume during next communication window,Yes,Critical
SCN-01432,Green,Power,Calibration,Battery > 70%,None,Continue Mission,Nominal power operation,No,Low
SCN-01433,Yellow,Power,Capturing Earth Images,Solar Output Low,Potential Power Anomaly,Rotate Solar Panels,Increase charging efficiency,Yes,Medium
SCN-01434,Red,Communication,Calibration,Communication Lost,Communication Failure,Queue Commands,Resume during next communication window,Yes,Critical
SCN-01435,Yellow,Power,Capturing Earth Images,Battery 30-70%,Potential Power Anomaly,Reduce Payload Power,Battery drain reduced,Yes,Medium
SCN-01436,Red,Storage,Calibration,Storage > 95%,Storage Failure,Stop Image Capture and Downlink,Free storage space,Yes,Critical
SCN-01437,Red,Power,Capturing Earth Images,Battery < 20%,Power Failure,Enter Safe Mode,Prevent complete battery depletion,Yes,Critical
SCN-01438,Green,Power,Downlink,Solar Output Normal,None,Continue Charging,Battery remains healthy,No,Low
SCN-01439,Green,Thermal,Downlink,Temperature < 45°C,None,Continue Operation,Subsystem remains stable,No,Low
SCN-01440,Green,Power,Downlink,Battery > 70%,None,Continue Mission,Nominal power operation,No,Low
SCN-01441,Green,Communication,Calibration,Signal Stable,None,Continue Downlink,Telemetry transmitted successfully,No,Low
SCN-01442,Yellow,Payload,Idle,Camera Temperature Rising,Potential Payload Anomaly,Reduce Image Capture Rate,Prevent camera shutdown,Yes,Medium
SCN-01443,Green,Payload,Capturing Earth Images,Camera Operational,None,Capture Earth Images,Mission objective achieved,No,Low
SCN-01444,Yellow,Communication,Idle,Weak Signal,Potential Communication Anomaly,Prepare Next Ground Pass,Avoid communication failure,Yes,Medium
SCN-01445,Yellow,Power,Calibration,Battery 30-70%,Potential Power Anomaly,Reduce Payload Power,Battery drain reduced,Yes,Medium
SCN-01446,Yellow,Storage,Idle,Storage 70-90%,Potential Storage Anomaly,Schedule Downlink,Avoid storage overflow,Yes,Medium
SCN-01447,Green,Power,Orbit Correction,Battery > 70%,None,Continue Mission,Nominal power operation,No,Low
SCN-01448,Green,Storage,Capturing Earth Images,Storage < 70%,None,Continue Capturing Images,Store additional payload data,No,Low
SCN-01449,Green,Payload,Downlink,Camera Operational,None,Capture Earth Images,Mission objective achieved,No,Low
SCN-01450,Yellow,Storage,Calibration,Storage 70-90%,Potential Storage Anomaly,Schedule Downlink,Avoid storage overflow,Yes,Medium
SCN-01451,Yellow,Communication,Capturing Earth Images,Weak Signal,Potential Communication Anomaly,Prepare Next Ground Pass,Avoid communication failure,Yes,Medium
SCN-01452,Green,Storage,Idle,Storage < 70%,None,Continue Capturing Images,Store additional payload data,No,Low
SCN-01453,Green,Payload,Orbit Correction,Camera Operational,None,Capture Earth Images,Mission objective achieved,No,Low
SCN-01454,Green,Power,Calibration,Battery > 70%,None,Continue Mission,Nominal power operation,No,Low
SCN-01455,Red,Payload,Capturing Earth Images,Camera Failure,Payload Failure,Restart Camera Module,Restore payload functionality,Yes,Critical
SCN-01456,Green,Thermal,Downlink,Temperature < 45°C,None,Continue Operation,Subsystem remains stable,No,Low
SCN-01457,Green,Power,Downlink,Battery > 70%,None,Continue Mission,Nominal power operation,No,Low
SCN-01458,Red,Communication,Idle,Communication Lost,Communication Failure,Queue Commands,Resume during next communication window,Yes,Critical
SCN-01459,Green,Payload,Downlink,Camera Operational,None,Capture Earth Images,Mission objective achieved,No,Low
SCN-01460,Green,Storage,Idle,Storage < 70%,None,Continue Capturing Images,Store additional payload data,No,Low
SCN-01461,Green,Storage,Orbit Correction,Storage < 70%,None,Continue Capturing Images,Store additional payload data,No,Low
SCN-01462,Green,Storage,Orbit Correction,Storage < 70%,None,Continue Capturing Images,Store additional payload data,No,Low
SCN-01463,Yellow,Thermal,Downlink,Temperature 45-65°C,Potential Thermal Anomaly,Reduce CPU Load,Prevent overheating,Yes,Medium
SCN-01464,Green,Power,Orbit Correction,Battery > 70%,None,Continue Mission,Nominal power operation,No,Low
SCN-01465,Yellow,Storage,Capturing Earth Images,Storage 70-90%,Potential Storage Anomaly,Schedule Downlink,Avoid storage overflow,Yes,Medium
SCN-01466,Green,Power,Capturing Earth Images,Solar Output Normal,None,Continue Charging,Battery remains healthy,No,Low
SCN-01467,Red,Payload,Orbit Correction,Camera Failure,Payload Failure,Restart Camera Module,Restore payload functionality,Yes,Critical
SCN-01468,Green,Thermal,Capturing Earth Images,Temperature < 45°C,None,Continue Operation,Subsystem remains stable,No,Low
SCN-01469,Green,Storage,Downlink,Storage < 70%,None,Continue Capturing Images,Store additional payload data,No,Low
SCN-01470,Red,Thermal,Idle,Temperature > 70°C,Thermal Failure,Shutdown Payload,Prevent hardware damage,Yes,Critical
SCN-01471,Green,Thermal,Orbit Correction,Temperature < 45°C,None,Continue Operation,Subsystem remains stable,No,Low
SCN-01472,Green,Power,Capturing Earth Images,Solar Output Normal,None,Continue Charging,Battery remains healthy,No,Low
SCN-01473,Yellow,Power,Orbit Correction,Solar Output Low,Potential Power Anomaly,Rotate Solar Panels,Increase charging efficiency,Yes,Medium
SCN-01474,Green,Storage,Orbit Correction,Storage < 70%,None,Continue Capturing Images,Store additional payload data,No,Low
SCN-01475,Green,Power,Calibration,Solar Output Normal,None,Continue Charging,Battery remains healthy,No,Low
SCN-01476,Green,Communication,Downlink,Signal Stable,None,Continue Downlink,Telemetry transmitted successfully,No,Low
SCN-01477,Green,Payload,Calibration,Camera Operational,None,Capture Earth Images,Mission objective achieved,No,Low
SCN-01478,Green,Thermal,Idle,Temperature < 45°C,None,Continue Operation,Subsystem remains stable,No,Low
SCN-01479,Green,Power,Orbit Correction,Battery > 70%,None,Continue Mission,Nominal power operation,No,Low
SCN-01480,Red,Thermal,Idle,Temperature > 70°C,Thermal Failure,Shutdown Payload,Prevent hardware damage,Yes,Critical
SCN-01481,Yellow,Power,Capturing Earth Images,Battery 30-70%,Potential Power Anomaly,Reduce Payload Power,Battery drain reduced,Yes,Medium
SCN-01482,Green,Communication,Orbit Correction,Signal Stable,None,Continue Downlink,Telemetry transmitted successfully,No,Low
SCN-01483,Yellow,Payload,Idle,Camera Temperature Rising,Potential Payload Anomaly,Reduce Image Capture Rate,Prevent camera shutdown,Yes,Medium
SCN-01484,Yellow,Storage,Downlink,Storage 70-90%,Potential Storage Anomaly,Schedule Downlink,Avoid storage overflow,Yes,Medium
SCN-01485,Red,Payload,Calibration,Camera Failure,Payload Failure,Restart Camera Module,Restore payload functionality,Yes,Critical
SCN-01486,Green,Communication,Orbit Correction,Signal Stable,None,Continue Downlink,Telemetry transmitted successfully,No,Low
SCN-01487,Red,Power,Idle,Battery < 20%,Power Failure,Enter Safe Mode,Prevent complete battery depletion,Yes,Critical
SCN-01488,Green,Payload,Capturing Earth Images,Camera Operational,None,Capture Earth Images,Mission objective achieved,No,Low
SCN-01489,Red,Communication,Idle,Communication Lost,Communication Failure,Queue Commands,Resume during next communication window,Yes,Critical
SCN-01490,Green,Thermal,Downlink,Temperature < 45°C,None,Continue Operation,Subsystem remains stable,No,Low
SCN-01491,Green,Thermal,Orbit Correction,Temperature < 45°C,None,Continue Operation,Subsystem remains stable,No,Low
SCN-01492,Yellow,Power,Capturing Earth Images,Battery 30-70%,Potential Power Anomaly,Reduce Payload Power,Battery drain reduced,Yes,Medium
SCN-01493,Yellow,Communication,Downlink,Weak Signal,Potential Communication Anomaly,Prepare Next Ground Pass,Avoid communication failure,Yes,Medium
SCN-01494,Yellow,Communication,Idle,Weak Signal,Potential Communication Anomaly,Prepare Next Ground Pass,Avoid communication failure,Yes,Medium
SCN-01495,Green,Power,Calibration,Solar Output Normal,None,Continue Charging,Battery remains healthy,No,Low
SCN-01496,Green,Communication,Idle,Signal Stable,None,Continue Downlink,Telemetry transmitted successfully,No,Low
SCN-01497,Green,Thermal,Idle,Temperature < 45°C,None,Continue Operation,Subsystem remains stable,No,Low
SCN-01498,Green,Power,Calibration,Battery > 70%,None,Continue Mission,Nominal power operation,No,Low
SCN-01499,Green,Communication,Downlink,Signal Stable,None,Continue Downlink,Telemetry transmitted successfully,No,Low
SCN-01500,Red,Storage,Capturing Earth Images,Storage > 95%,Storage Failure,Stop Image Capture and Downlink,Free storage space,Yes,Critical
SCN-01501,Green,Communication,Capturing Earth Images,Signal Stable,None,Continue Downlink,Telemetry transmitted successfully,No,Low
SCN-01502,Yellow,Storage,Calibration,Storage 70-90%,Potential Storage Anomaly,Schedule Downlink,Avoid storage overflow,Yes,Medium
SCN-01503,Yellow,Power,Capturing Earth Images,Solar Output Low,Potential Power Anomaly,Rotate Solar Panels,Increase charging efficiency,Yes,Medium
SCN-01504,Yellow,Communication,Capturing Earth Images,Weak Signal,Potential Communication Anomaly,Prepare Next Ground Pass,Avoid communication failure,Yes,Medium
SCN-01505,Green,Payload,Orbit Correction,Camera Operational,None,Capture Earth Images,Mission objective achieved,No,Low
SCN-01506,Green,Storage,Downlink,Storage < 70%,None,Continue Capturing Images,Store additional payload data,No,Low
SCN-01507,Green,Thermal,Orbit Correction,Temperature < 45°C,None,Continue Operation,Subsystem remains stable,No,Low
SCN-01508,Green,Storage,Idle,Storage < 70%,None,Continue Capturing Images,Store additional payload data,No,Low
SCN-01509,Red,Storage,Idle,Storage > 95%,Storage Failure,Stop Image Capture and Downlink,Free storage space,Yes,Critical
SCN-01510,Green,Thermal,Capturing Earth Images,Temperature < 45°C,None,Continue Operation,Subsystem remains stable,No,Low
SCN-01511,Red,Thermal,Calibration,Temperature > 70°C,Thermal Failure,Shutdown Payload,Prevent hardware damage,Yes,Critical
SCN-01512,Green,Power,Downlink,Battery > 70%,None,Continue Mission,Nominal power operation,No,Low
SCN-01513,Yellow,Power,Capturing Earth Images,Solar Output Low,Potential Power Anomaly,Rotate Solar Panels,Increase charging efficiency,Yes,Medium
SCN-01514,Green,Storage,Orbit Correction,Storage < 70%,None,Continue Capturing Images,Store additional payload data,No,Low
SCN-01515,Green,Payload,Idle,Camera Operational,None,Capture Earth Images,Mission objective achieved,No,Low
SCN-01516,Green,Communication,Orbit Correction,Signal Stable,None,Continue Downlink,Telemetry transmitted successfully,No,Low
SCN-01517,Green,Communication,Capturing Earth Images,Signal Stable,None,Continue Downlink,Telemetry transmitted successfully,No,Low
SCN-01518,Green,Power,Capturing Earth Images,Battery > 70%,None,Continue Mission,Nominal power operation,No,Low
SCN-01519,Yellow,Thermal,Idle,Temperature 45-65°C,Potential Thermal Anomaly,Reduce CPU Load,Prevent overheating,Yes,Medium
SCN-01520,Green,Payload,Idle,Camera Operational,None,Capture Earth Images,Mission objective achieved,No,Low
SCN-01521,Yellow,Storage,Capturing Earth Images,Storage 70-90%,Potential Storage Anomaly,Schedule Downlink,Avoid storage overflow,Yes,Medium
SCN-01522,Green,Power,Calibration,Battery > 70%,None,Continue Mission,Nominal power operation,No,Low
SCN-01523,Green,Power,Orbit Correction,Solar Output Normal,None,Continue Charging,Battery remains healthy,No,Low
SCN-01524,Green,Payload,Idle,Camera Operational,None,Capture Earth Images,Mission objective achieved,No,Low
SCN-01525,Red,Power,Downlink,Solar Panel Failure,Power Failure,Disable Payload,Reduce power consumption,Yes,Critical
SCN-01526,Yellow,Communication,Calibration,Weak Signal,Potential Communication Anomaly,Prepare Next Ground Pass,Avoid communication failure,Yes,Medium
SCN-01527,Green,Payload,Capturing Earth Images,Camera Operational,None,Capture Earth Images,Mission objective achieved,No,Low
SCN-01528,Green,Thermal,Capturing Earth Images,Temperature < 45°C,None,Continue Operation,Subsystem remains stable,No,Low
SCN-01529,Green,Communication,Capturing Earth Images,Signal Stable,None,Continue Downlink,Telemetry transmitted successfully,No,Low
SCN-01530,Green,Storage,Calibration,Storage < 70%,None,Continue Capturing Images,Store additional payload data,No,Low
SCN-01531,Yellow,Storage,Calibration,Storage 70-90%,Potential Storage Anomaly,Schedule Downlink,Avoid storage overflow,Yes,Medium
SCN-01532,Green,Power,Capturing Earth Images,Battery > 70%,None,Continue Mission,Nominal power operation,No,Low
SCN-01533,Green,Thermal,Downlink,Temperature < 45°C,None,Continue Operation,Subsystem remains stable,No,Low
SCN-01534,Green,Power,Orbit Correction,Battery > 70%,None,Continue Mission,Nominal power operation,No,Low
SCN-01535,Green,Payload,Orbit Correction,Camera Operational,None,Capture Earth Images,Mission objective achieved,No,Low
SCN-01536,Green,Payload,Idle,Camera Operational,None,Capture Earth Images,Mission objective achieved,No,Low
SCN-01537,Green,Communication,Calibration,Signal Stable,None,Continue Downlink,Telemetry transmitted successfully,No,Low
SCN-01538,Green,Storage,Capturing Earth Images,Storage < 70%,None,Continue Capturing Images,Store additional payload data,No,Low
SCN-01539,Green,Payload,Downlink,Camera Operational,None,Capture Earth Images,Mission objective achieved,No,Low
SCN-01540,Green,Thermal,Capturing Earth Images,Temperature < 45°C,None,Continue Operation,Subsystem remains stable,No,Low
SCN-01541,Green,Power,Downlink,Solar Output Normal,None,Continue Charging,Battery remains healthy,No,Low
SCN-01542,Green,Storage,Orbit Correction,Storage < 70%,None,Continue Capturing Images,Store additional payload data,No,Low
SCN-01543,Green,Communication,Capturing Earth Images,Signal Stable,None,Continue Downlink,Telemetry transmitted successfully,No,Low
SCN-01544,Yellow,Communication,Idle,Weak Signal,Potential Communication Anomaly,Prepare Next Ground Pass,Avoid communication failure,Yes,Medium
SCN-01545,Green,Thermal,Capturing Earth Images,Temperature < 45°C,None,Continue Operation,Subsystem remains stable,No,Low
SCN-01546,Green,Communication,Calibration,Signal Stable,None,Continue Downlink,Telemetry transmitted successfully,No,Low
SCN-01547,Green,Power,Idle,Battery > 70%,None,Continue Mission,Nominal power operation,No,Low
SCN-01548,Yellow,Payload,Calibration,Camera Temperature Rising,Potential Payload Anomaly,Reduce Image Capture Rate,Prevent camera shutdown,Yes,Medium
SCN-01549,Green,Storage,Downlink,Storage < 70%,None,Continue Capturing Images,Store additional payload data,No,Low
SCN-01550,Green,Communication,Downlink,Signal Stable,None,Continue Downlink,Telemetry transmitted successfully,No,Low
SCN-01551,Green,Payload,Orbit Correction,Camera Operational,None,Capture Earth Images,Mission objective achieved,No,Low
SCN-01552,Green,Communication,Orbit Correction,Signal Stable,None,Continue Downlink,Telemetry transmitted successfully,No,Low
SCN-01553,Green,Payload,Orbit Correction,Camera Operational,None,Capture Earth Images,Mission objective achieved,No,Low
SCN-01554,Green,Thermal,Orbit Correction,Temperature < 45°C,None,Continue Operation,Subsystem remains stable,No,Low
SCN-01555,Green,Communication,Orbit Correction,Signal Stable,None,Continue Downlink,Telemetry transmitted successfully,No,Low
SCN-01556,Yellow,Power,Idle,Battery 30-70%,Potential Power Anomaly,Reduce Payload Power,Battery drain reduced,Yes,Medium
SCN-01557,Green,Communication,Idle,Signal Stable,None,Continue Downlink,Telemetry transmitted successfully,No,Low
SCN-01558,Red,Communication,Capturing Earth Images,Communication Lost,Communication Failure,Queue Commands,Resume during next communication window,Yes,Critical
SCN-01559,Yellow,Storage,Downlink,Storage 70-90%,Potential Storage Anomaly,Schedule Downlink,Avoid storage overflow,Yes,Medium
SCN-01560,Red,Communication,Idle,Communication Lost,Communication Failure,Queue Commands,Resume during next communication window,Yes,Critical
SCN-01561,Green,Payload,Downlink,Camera Operational,None,Capture Earth Images,Mission objective achieved,No,Low
SCN-01562,Red,Power,Capturing Earth Images,Solar Panel Failure,Power Failure,Disable Payload,Reduce power consumption,Yes,Critical
SCN-01563,Red,Communication,Calibration,Communication Lost,Communication Failure,Queue Commands,Resume during next communication window,Yes,Critical
SCN-01564,Green,Storage,Downlink,Storage < 70%,None,Continue Capturing Images,Store additional payload data,No,Low
SCN-01565,Green,Storage,Downlink,Storage < 70%,None,Continue Capturing Images,Store additional payload data,No,Low
SCN-01566,Green,Communication,Idle,Signal Stable,None,Continue Downlink,Telemetry transmitted successfully,No,Low
SCN-01567,Green,Communication,Orbit Correction,Signal Stable,None,Continue Downlink,Telemetry transmitted successfully,No,Low
SCN-01568,Green,Communication,Capturing Earth Images,Signal Stable,None,Continue Downlink,Telemetry transmitted successfully,No,Low
SCN-01569,Red,Thermal,Idle,Temperature > 70°C,Thermal Failure,Shutdown Payload,Prevent hardware damage,Yes,Critical
SCN-01570,Red,Thermal,Idle,Temperature > 70°C,Thermal Failure,Shutdown Payload,Prevent hardware damage,Yes,Critical
SCN-01571,Green,Communication,Capturing Earth Images,Signal Stable,None,Continue Downlink,Telemetry transmitted successfully,No,Low
SCN-01572,Red,Power,Idle,Battery < 20%,Power Failure,Enter Safe Mode,Prevent complete battery depletion,Yes,Critical
SCN-01573,Green,Thermal,Orbit Correction,Temperature < 45°C,None,Continue Operation,Subsystem remains stable,No,Low
SCN-01574,Green,Storage,Orbit Correction,Storage < 70%,None,Continue Capturing Images,Store additional payload data,No,Low
SCN-01575,Green,Communication,Orbit Correction,Signal Stable,None,Continue Downlink,Telemetry transmitted successfully,No,Low
SCN-01576,Green,Power,Idle,Battery > 70%,None,Continue Mission,Nominal power operation,No,Low
SCN-01577,Green,Communication,Downlink,Signal Stable,None,Continue Downlink,Telemetry transmitted successfully,No,Low
SCN-01578,Green,Payload,Idle,Camera Operational,None,Capture Earth Images,Mission objective achieved,No,Low
SCN-01579,Green,Thermal,Downlink,Temperature < 45°C,None,Continue Operation,Subsystem remains stable,No,Low
SCN-01580,Green,Power,Capturing Earth Images,Battery > 70%,None,Continue Mission,Nominal power operation,No,Low
SCN-01581,Green,Power,Downlink,Battery > 70%,None,Continue Mission,Nominal power operation,No,Low
SCN-01582,Red,Thermal,Capturing Earth Images,Temperature > 70°C,Thermal Failure,Shutdown Payload,Prevent hardware damage,Yes,Critical
SCN-01583,Green,Communication,Downlink,Signal Stable,None,Continue Downlink,Telemetry transmitted successfully,No,Low
SCN-01584,Yellow,Power,Calibration,Solar Output Low,Potential Power Anomaly,Rotate Solar Panels,Increase charging efficiency,Yes,Medium
SCN-01585,Green,Thermal,Idle,Temperature < 45°C,None,Continue Operation,Subsystem remains stable,No,Low
SCN-01586,Red,Power,Idle,Battery < 20%,Power Failure,Enter Safe Mode,Prevent complete battery depletion,Yes,Critical
SCN-01587,Yellow,Storage,Idle,Storage 70-90%,Potential Storage Anomaly,Schedule Downlink,Avoid storage overflow,Yes,Medium
SCN-01588,Green,Payload,Downlink,Camera Operational,None,Capture Earth Images,Mission objective achieved,No,Low
SCN-01589,Yellow,Power,Orbit Correction,Solar Output Low,Potential Power Anomaly,Rotate Solar Panels,Increase charging efficiency,Yes,Medium
SCN-01590,Green,Thermal,Downlink,Temperature < 45°C,None,Continue Operation,Subsystem remains stable,No,Low
SCN-01591,Yellow,Payload,Orbit Correction,Camera Temperature Rising,Potential Payload Anomaly,Reduce Image Capture Rate,Prevent camera shutdown,Yes,Medium
SCN-01592,Red,Thermal,Orbit Correction,Temperature > 70°C,Thermal Failure,Shutdown Payload,Prevent hardware damage,Yes,Critical
SCN-01593,Green,Power,Orbit Correction,Battery > 70%,None,Continue Mission,Nominal power operation,No,Low
SCN-01594,Yellow,Payload,Idle,Camera Temperature Rising,Potential Payload Anomaly,Reduce Image Capture Rate,Prevent camera shutdown,Yes,Medium
SCN-01595,Yellow,Communication,Idle,Weak Signal,Potential Communication Anomaly,Prepare Next Ground Pass,Avoid communication failure,Yes,Medium
SCN-01596,Green,Communication,Downlink,Signal Stable,None,Continue Downlink,Telemetry transmitted successfully,No,Low
SCN-01597,Red,Payload,Capturing Earth Images,Camera Failure,Payload Failure,Restart Camera Module,Restore payload functionality,Yes,Critical
SCN-01598,Red,Power,Downlink,Battery < 20%,Power Failure,Enter Safe Mode,Prevent complete battery depletion,Yes,Critical
SCN-01599,Green,Thermal,Capturing Earth Images,Temperature < 45°C,None,Continue Operation,Subsystem remains stable,No,Low
SCN-01600,Yellow,Thermal,Capturing Earth Images,Temperature 45-65°C,Potential Thermal Anomaly,Reduce CPU Load,Prevent overheating,Yes,Medium
SCN-01601,Green,Payload,Downlink,Camera Operational,None,Capture Earth Images,Mission objective achieved,No,Low
SCN-01602,Yellow,Payload,Calibration,Camera Temperature Rising,Potential Payload Anomaly,Reduce Image Capture Rate,Prevent camera shutdown,Yes,Medium
SCN-01603,Red,Communication,Idle,Communication Lost,Communication Failure,Queue Commands,Resume during next communication window,Yes,Critical
SCN-01604,Green,Power,Capturing Earth Images,Solar Output Normal,None,Continue Charging,Battery remains healthy,No,Low
SCN-01605,Green,Power,Capturing Earth Images,Solar Output Normal,None,Continue Charging,Battery remains healthy,No,Low
SCN-01606,Yellow,Power,Idle,Solar Output Low,Potential Power Anomaly,Rotate Solar Panels,Increase charging efficiency,Yes,Medium
SCN-01607,Green,Communication,Calibration,Signal Stable,None,Continue Downlink,Telemetry transmitted successfully,No,Low
SCN-01608,Green,Storage,Orbit Correction,Storage < 70%,None,Continue Capturing Images,Store additional payload data,No,Low
SCN-01609,Green,Power,Calibration,Battery > 70%,None,Continue Mission,Nominal power operation,No,Low
SCN-01610,Yellow,Thermal,Downlink,Temperature 45-65°C,Potential Thermal Anomaly,Reduce CPU Load,Prevent overheating,Yes,Medium
SCN-01611,Green,Payload,Calibration,Camera Operational,None,Capture Earth Images,Mission objective achieved,No,Low
SCN-01612,Green,Thermal,Idle,Temperature < 45°C,None,Continue Operation,Subsystem remains stable,No,Low
SCN-01613,Red,Payload,Idle,Camera Failure,Payload Failure,Restart Camera Module,Restore payload functionality,Yes,Critical
SCN-01614,Yellow,Communication,Orbit Correction,Weak Signal,Potential Communication Anomaly,Prepare Next Ground Pass,Avoid communication failure,Yes,Medium
SCN-01615,Red,Payload,Idle,Camera Failure,Payload Failure,Restart Camera Module,Restore payload functionality,Yes,Critical
SCN-01616,Green,Storage,Calibration,Storage < 70%,None,Continue Capturing Images,Store additional payload data,No,Low
SCN-01617,Yellow,Power,Orbit Correction,Solar Output Low,Potential Power Anomaly,Rotate Solar Panels,Increase charging efficiency,Yes,Medium
SCN-01618,Green,Power,Idle,Solar Output Normal,None,Continue Charging,Battery remains healthy,No,Low
SCN-01619,Red,Power,Downlink,Battery < 20%,Power Failure,Enter Safe Mode,Prevent complete battery depletion,Yes,Critical
SCN-01620,Red,Storage,Capturing Earth Images,Storage > 95%,Storage Failure,Stop Image Capture and Downlink,Free storage space,Yes,Critical
SCN-01621,Yellow,Communication,Orbit Correction,Weak Signal,Potential Communication Anomaly,Prepare Next Ground Pass,Avoid communication failure,Yes,Medium
SCN-01622,Yellow,Power,Capturing Earth Images,Solar Output Low,Potential Power Anomaly,Rotate Solar Panels,Increase charging efficiency,Yes,Medium
SCN-01623,Green,Payload,Calibration,Camera Operational,None,Capture Earth Images,Mission objective achieved,No,Low
SCN-01624,Yellow,Storage,Orbit Correction,Storage 70-90%,Potential Storage Anomaly,Schedule Downlink,Avoid storage overflow,Yes,Medium
SCN-01625,Yellow,Communication,Downlink,Weak Signal,Potential Communication Anomaly,Prepare Next Ground Pass,Avoid communication failure,Yes,Medium
SCN-01626,Red,Communication,Downlink,Communication Lost,Communication Failure,Queue Commands,Resume during next communication window,Yes,Critical
SCN-01627,Yellow,Power,Calibration,Solar Output Low,Potential Power Anomaly,Rotate Solar Panels,Increase charging efficiency,Yes,Medium
SCN-01628,Green,Thermal,Idle,Temperature < 45°C,None,Continue Operation,Subsystem remains stable,No,Low
SCN-01629,Green,Communication,Idle,Signal Stable,None,Continue Downlink,Telemetry transmitted successfully,No,Low
SCN-01630,Green,Power,Calibration,Battery > 70%,None,Continue Mission,Nominal power operation,No,Low
SCN-01631,Green,Payload,Downlink,Camera Operational,None,Capture Earth Images,Mission objective achieved,No,Low
SCN-01632,Green,Power,Idle,Battery > 70%,None,Continue Mission,Nominal power operation,No,Low
SCN-01633,Green,Thermal,Calibration,Temperature < 45°C,None,Continue Operation,Subsystem remains stable,No,Low
SCN-01634,Yellow,Payload,Idle,Camera Temperature Rising,Potential Payload Anomaly,Reduce Image Capture Rate,Prevent camera shutdown,Yes,Medium
SCN-01635,Yellow,Storage,Orbit Correction,Storage 70-90%,Potential Storage Anomaly,Schedule Downlink,Avoid storage overflow,Yes,Medium
SCN-01636,Green,Thermal,Orbit Correction,Temperature < 45°C,None,Continue Operation,Subsystem remains stable,No,Low
SCN-01637,Yellow,Power,Calibration,Solar Output Low,Potential Power Anomaly,Rotate Solar Panels,Increase charging efficiency,Yes,Medium
SCN-01638,Green,Communication,Downlink,Signal Stable,None,Continue Downlink,Telemetry transmitted successfully,No,Low
SCN-01639,Green,Payload,Downlink,Camera Operational,None,Capture Earth Images,Mission objective achieved,No,Low
SCN-01640,Green,Payload,Orbit Correction,Camera Operational,None,Capture Earth Images,Mission objective achieved,No,Low
SCN-01641,Yellow,Thermal,Orbit Correction,Temperature 45-65°C,Potential Thermal Anomaly,Reduce CPU Load,Prevent overheating,Yes,Medium
SCN-01642,Green,Power,Orbit Correction,Battery > 70%,None,Continue Mission,Nominal power operation,No,Low
SCN-01643,Green,Power,Idle,Battery > 70%,None,Continue Mission,Nominal power operation,No,Low
SCN-01644,Yellow,Communication,Downlink,Weak Signal,Potential Communication Anomaly,Prepare Next Ground Pass,Avoid communication failure,Yes,Medium
SCN-01645,Yellow,Storage,Capturing Earth Images,Storage 70-90%,Potential Storage Anomaly,Schedule Downlink,Avoid storage overflow,Yes,Medium
SCN-01646,Green,Storage,Orbit Correction,Storage < 70%,None,Continue Capturing Images,Store additional payload data,No,Low
SCN-01647,Yellow,Storage,Orbit Correction,Storage 70-90%,Potential Storage Anomaly,Schedule Downlink,Avoid storage overflow,Yes,Medium
SCN-01648,Green,Thermal,Idle,Temperature < 45°C,None,Continue Operation,Subsystem remains stable,No,Low
SCN-01649,Red,Storage,Capturing Earth Images,Storage > 95%,Storage Failure,Stop Image Capture and Downlink,Free storage space,Yes,Critical
SCN-01650,Green,Power,Orbit Correction,Solar Output Normal,None,Continue Charging,Battery remains healthy,No,Low
SCN-01651,Green,Payload,Capturing Earth Images,Camera Operational,None,Capture Earth Images,Mission objective achieved,No,Low
SCN-01652,Red,Storage,Calibration,Storage > 95%,Storage Failure,Stop Image Capture and Downlink,Free storage space,Yes,Critical
SCN-01653,Green,Communication,Orbit Correction,Signal Stable,None,Continue Downlink,Telemetry transmitted successfully,No,Low
SCN-01654,Green,Thermal,Orbit Correction,Temperature < 45°C,None,Continue Operation,Subsystem remains stable,No,Low
SCN-01655,Yellow,Storage,Calibration,Storage 70-90%,Potential Storage Anomaly,Schedule Downlink,Avoid storage overflow,Yes,Medium
SCN-01656,Green,Power,Downlink,Solar Output Normal,None,Continue Charging,Battery remains healthy,No,Low
SCN-01657,Green,Thermal,Calibration,Temperature < 45°C,None,Continue Operation,Subsystem remains stable,No,Low
SCN-01658,Green,Payload,Downlink,Camera Operational,None,Capture Earth Images,Mission objective achieved,No,Low
SCN-01659,Green,Power,Orbit Correction,Solar Output Normal,None,Continue Charging,Battery remains healthy,No,Low
SCN-01660,Green,Power,Calibration,Battery > 70%,None,Continue Mission,Nominal power operation,No,Low
SCN-01661,Green,Power,Orbit Correction,Solar Output Normal,None,Continue Charging,Battery remains healthy,No,Low
SCN-01662,Yellow,Thermal,Downlink,Temperature 45-65°C,Potential Thermal Anomaly,Reduce CPU Load,Prevent overheating,Yes,Medium
SCN-01663,Green,Thermal,Orbit Correction,Temperature < 45°C,None,Continue Operation,Subsystem remains stable,No,Low
SCN-01664,Green,Thermal,Calibration,Temperature < 45°C,None,Continue Operation,Subsystem remains stable,No,Low
SCN-01665,Green,Power,Idle,Battery > 70%,None,Continue Mission,Nominal power operation,No,Low
SCN-01666,Green,Thermal,Downlink,Temperature < 45°C,None,Continue Operation,Subsystem remains stable,No,Low
SCN-01667,Green,Payload,Orbit Correction,Camera Operational,None,Capture Earth Images,Mission objective achieved,No,Low
SCN-01668,Green,Power,Calibration,Solar Output Normal,None,Continue Charging,Battery remains healthy,No,Low
SCN-01669,Green,Communication,Orbit Correction,Signal Stable,None,Continue Downlink,Telemetry transmitted successfully,No,Low
SCN-01670,Green,Payload,Capturing Earth Images,Camera Operational,None,Capture Earth Images,Mission objective achieved,No,Low
SCN-01671,Green,Payload,Orbit Correction,Camera Operational,None,Capture Earth Images,Mission objective achieved,No,Low
SCN-01672,Yellow,Power,Capturing Earth Images,Battery 30-70%,Potential Power Anomaly,Reduce Payload Power,Battery drain reduced,Yes,Medium
SCN-01673,Yellow,Thermal,Downlink,Temperature 45-65°C,Potential Thermal Anomaly,Reduce CPU Load,Prevent overheating,Yes,Medium
SCN-01674,Yellow,Storage,Calibration,Storage 70-90%,Potential Storage Anomaly,Schedule Downlink,Avoid storage overflow,Yes,Medium
SCN-01675,Green,Power,Idle,Battery > 70%,None,Continue Mission,Nominal power operation,No,Low
SCN-01676,Green,Power,Idle,Battery > 70%,None,Continue Mission,Nominal power operation,No,Low
SCN-01677,Green,Payload,Orbit Correction,Camera Operational,None,Capture Earth Images,Mission objective achieved,No,Low
SCN-01678,Green,Storage,Orbit Correction,Storage < 70%,None,Continue Capturing Images,Store additional payload data,No,Low
SCN-01679,Green,Payload,Orbit Correction,Camera Operational,None,Capture Earth Images,Mission objective achieved,No,Low
SCN-01680,Red,Payload,Calibration,Camera Failure,Payload Failure,Restart Camera Module,Restore payload functionality,Yes,Critical
SCN-01681,Green,Power,Capturing Earth Images,Battery > 70%,None,Continue Mission,Nominal power operation,No,Low
SCN-01682,Yellow,Communication,Downlink,Weak Signal,Potential Communication Anomaly,Prepare Next Ground Pass,Avoid communication failure,Yes,Medium
SCN-01683,Green,Payload,Downlink,Camera Operational,None,Capture Earth Images,Mission objective achieved,No,Low
SCN-01684,Green,Payload,Calibration,Camera Operational,None,Capture Earth Images,Mission objective achieved,No,Low
SCN-01685,Green,Payload,Downlink,Camera Operational,None,Capture Earth Images,Mission objective achieved,No,Low
SCN-01686,Yellow,Thermal,Idle,Temperature 45-65°C,Potential Thermal Anomaly,Reduce CPU Load,Prevent overheating,Yes,Medium
SCN-01687,Yellow,Payload,Capturing Earth Images,Camera Temperature Rising,Potential Payload Anomaly,Reduce Image Capture Rate,Prevent camera shutdown,Yes,Medium
SCN-01688,Red,Power,Idle,Solar Panel Failure,Power Failure,Disable Payload,Reduce power consumption,Yes,Critical
SCN-01689,Yellow,Communication,Idle,Weak Signal,Potential Communication Anomaly,Prepare Next Ground Pass,Avoid communication failure,Yes,Medium
SCN-01690,Red,Payload,Orbit Correction,Camera Failure,Payload Failure,Restart Camera Module,Restore payload functionality,Yes,Critical
SCN-01691,Yellow,Communication,Orbit Correction,Weak Signal,Potential Communication Anomaly,Prepare Next Ground Pass,Avoid communication failure,Yes,Medium
SCN-01692,Green,Storage,Downlink,Storage < 70%,None,Continue Capturing Images,Store additional payload data,No,Low
SCN-01693,Green,Payload,Calibration,Camera Operational,None,Capture Earth Images,Mission objective achieved,No,Low
SCN-01694,Red,Power,Downlink,Solar Panel Failure,Power Failure,Disable Payload,Reduce power consumption,Yes,Critical
SCN-01695,Yellow,Communication,Downlink,Weak Signal,Potential Communication Anomaly,Prepare Next Ground Pass,Avoid communication failure,Yes,Medium
SCN-01696,Green,Communication,Downlink,Signal Stable,None,Continue Downlink,Telemetry transmitted successfully,No,Low
SCN-01697,Green,Power,Idle,Solar Output Normal,None,Continue Charging,Battery remains healthy,No,Low
SCN-01698,Green,Payload,Idle,Camera Operational,None,Capture Earth Images,Mission objective achieved,No,Low
SCN-01699,Green,Storage,Calibration,Storage < 70%,None,Continue Capturing Images,Store additional payload data,No,Low
SCN-01700,Red,Storage,Orbit Correction,Storage > 95%,Storage Failure,Stop Image Capture and Downlink,Free storage space,Yes,Critical
SCN-01701,Yellow,Thermal,Idle,Temperature 45-65°C,Potential Thermal Anomaly,Reduce CPU Load,Prevent overheating,Yes,Medium
SCN-01702,Green,Thermal,Calibration,Temperature < 45°C,None,Continue Operation,Subsystem remains stable,No,Low
SCN-01703,Red,Thermal,Downlink,Temperature > 70°C,Thermal Failure,Shutdown Payload,Prevent hardware damage,Yes,Critical
SCN-01704,Green,Storage,Orbit Correction,Storage < 70%,None,Continue Capturing Images,Store additional payload data,No,Low
SCN-01705,Red,Communication,Orbit Correction,Communication Lost,Communication Failure,Queue Commands,Resume during next communication window,Yes,Critical
SCN-01706,Yellow,Storage,Capturing Earth Images,Storage 70-90%,Potential Storage Anomaly,Schedule Downlink,Avoid storage overflow,Yes,Medium
SCN-01707,Green,Payload,Calibration,Camera Operational,None,Capture Earth Images,Mission objective achieved,No,Low
SCN-01708,Red,Payload,Calibration,Camera Failure,Payload Failure,Restart Camera Module,Restore payload functionality,Yes,Critical
SCN-01709,Green,Power,Calibration,Battery > 70%,None,Continue Mission,Nominal power operation,No,Low
SCN-01710,Green,Communication,Downlink,Signal Stable,None,Continue Downlink,Telemetry transmitted successfully,No,Low
SCN-01711,Green,Communication,Orbit Correction,Signal Stable,None,Continue Downlink,Telemetry transmitted successfully,No,Low
SCN-01712,Green,Power,Idle,Solar Output Normal,None,Continue Charging,Battery remains healthy,No,Low
SCN-01713,Red,Payload,Calibration,Camera Failure,Payload Failure,Restart Camera Module,Restore payload functionality,Yes,Critical
SCN-01714,Green,Power,Capturing Earth Images,Solar Output Normal,None,Continue Charging,Battery remains healthy,No,Low
SCN-01715,Green,Thermal,Calibration,Temperature < 45°C,None,Continue Operation,Subsystem remains stable,No,Low
SCN-01716,Red,Communication,Calibration,Communication Lost,Communication Failure,Queue Commands,Resume during next communication window,Yes,Critical
SCN-01717,Red,Payload,Capturing Earth Images,Camera Failure,Payload Failure,Restart Camera Module,Restore payload functionality,Yes,Critical
SCN-01718,Green,Thermal,Calibration,Temperature < 45°C,None,Continue Operation,Subsystem remains stable,No,Low
SCN-01719,Red,Communication,Orbit Correction,Communication Lost,Communication Failure,Queue Commands,Resume during next communication window,Yes,Critical
SCN-01720,Yellow,Communication,Downlink,Weak Signal,Potential Communication Anomaly,Prepare Next Ground Pass,Avoid communication failure,Yes,Medium
SCN-01721,Green,Payload,Downlink,Camera Operational,None,Capture Earth Images,Mission objective achieved,No,Low
SCN-01722,Green,Power,Orbit Correction,Battery > 70%,None,Continue Mission,Nominal power operation,No,Low
SCN-01723,Red,Communication,Orbit Correction,Communication Lost,Communication Failure,Queue Commands,Resume during next communication window,Yes,Critical
SCN-01724,Green,Communication,Capturing Earth Images,Signal Stable,None,Continue Downlink,Telemetry transmitted successfully,No,Low
SCN-01725,Yellow,Communication,Calibration,Weak Signal,Potential Communication Anomaly,Prepare Next Ground Pass,Avoid communication failure,Yes,Medium
SCN-01726,Green,Storage,Orbit Correction,Storage < 70%,None,Continue Capturing Images,Store additional payload data,No,Low
SCN-01727,Green,Power,Capturing Earth Images,Battery > 70%,None,Continue Mission,Nominal power operation,No,Low
SCN-01728,Green,Payload,Downlink,Camera Operational,None,Capture Earth Images,Mission objective achieved,No,Low
SCN-01729,Red,Storage,Idle,Storage > 95%,Storage Failure,Stop Image Capture and Downlink,Free storage space,Yes,Critical
SCN-01730,Green,Payload,Downlink,Camera Operational,None,Capture Earth Images,Mission objective achieved,No,Low
SCN-01731,Green,Payload,Idle,Camera Operational,None,Capture Earth Images,Mission objective achieved,No,Low
SCN-01732,Green,Payload,Downlink,Camera Operational,None,Capture Earth Images,Mission objective achieved,No,Low
SCN-01733,Red,Storage,Orbit Correction,Storage > 95%,Storage Failure,Stop Image Capture and Downlink,Free storage space,Yes,Critical
SCN-01734,Green,Payload,Downlink,Camera Operational,None,Capture Earth Images,Mission objective achieved,No,Low
SCN-01735,Red,Power,Downlink,Solar Panel Failure,Power Failure,Disable Payload,Reduce power consumption,Yes,Critical
SCN-01736,Green,Thermal,Downlink,Temperature < 45°C,None,Continue Operation,Subsystem remains stable,No,Low
SCN-01737,Green,Thermal,Orbit Correction,Temperature < 45°C,None,Continue Operation,Subsystem remains stable,No,Low
SCN-01738,Green,Communication,Calibration,Signal Stable,None,Continue Downlink,Telemetry transmitted successfully,No,Low
SCN-01739,Green,Payload,Calibration,Camera Operational,None,Capture Earth Images,Mission objective achieved,No,Low
SCN-01740,Red,Power,Idle,Battery < 20%,Power Failure,Enter Safe Mode,Prevent complete battery depletion,Yes,Critical
SCN-01741,Yellow,Payload,Idle,Camera Temperature Rising,Potential Payload Anomaly,Reduce Image Capture Rate,Prevent camera shutdown,Yes,Medium
SCN-01742,Green,Communication,Capturing Earth Images,Signal Stable,None,Continue Downlink,Telemetry transmitted successfully,No,Low
SCN-01743,Yellow,Thermal,Idle,Temperature 45-65°C,Potential Thermal Anomaly,Reduce CPU Load,Prevent overheating,Yes,Medium
SCN-01744,Green,Communication,Orbit Correction,Signal Stable,None,Continue Downlink,Telemetry transmitted successfully,No,Low
SCN-01745,Yellow,Thermal,Orbit Correction,Temperature 45-65°C,Potential Thermal Anomaly,Reduce CPU Load,Prevent overheating,Yes,Medium
SCN-01746,Green,Communication,Idle,Signal Stable,None,Continue Downlink,Telemetry transmitted successfully,No,Low
SCN-01747,Green,Power,Idle,Solar Output Normal,None,Continue Charging,Battery remains healthy,No,Low
SCN-01748,Green,Thermal,Calibration,Temperature < 45°C,None,Continue Operation,Subsystem remains stable,No,Low
SCN-01749,Green,Storage,Idle,Storage < 70%,None,Continue Capturing Images,Store additional payload data,No,Low
SCN-01750,Green,Thermal,Downlink,Temperature < 45°C,None,Continue Operation,Subsystem remains stable,No,Low
SCN-01751,Green,Payload,Capturing Earth Images,Camera Operational,None,Capture Earth Images,Mission objective achieved,No,Low
SCN-01752,Red,Power,Orbit Correction,Battery < 20%,Power Failure,Enter Safe Mode,Prevent complete battery depletion,Yes,Critical
SCN-01753,Green,Thermal,Orbit Correction,Temperature < 45°C,None,Continue Operation,Subsystem remains stable,No,Low
SCN-01754,Green,Thermal,Calibration,Temperature < 45°C,None,Continue Operation,Subsystem remains stable,No,Low
SCN-01755,Green,Power,Capturing Earth Images,Battery > 70%,None,Continue Mission,Nominal power operation,No,Low
SCN-01756,Green,Communication,Idle,Signal Stable,None,Continue Downlink,Telemetry transmitted successfully,No,Low
SCN-01757,Green,Power,Calibration,Solar Output Normal,None,Continue Charging,Battery remains healthy,No,Low
SCN-01758,Yellow,Communication,Calibration,Weak Signal,Potential Communication Anomaly,Prepare Next Ground Pass,Avoid communication failure,Yes,Medium
SCN-01759,Yellow,Communication,Downlink,Weak Signal,Potential Communication Anomaly,Prepare Next Ground Pass,Avoid communication failure,Yes,Medium
SCN-01760,Green,Payload,Calibration,Camera Operational,None,Capture Earth Images,Mission objective achieved,No,Low
SCN-01761,Red,Communication,Idle,Communication Lost,Communication Failure,Queue Commands,Resume during next communication window,Yes,Critical
SCN-01762,Green,Storage,Idle,Storage < 70%,None,Continue Capturing Images,Store additional payload data,No,Low
SCN-01763,Yellow,Storage,Capturing Earth Images,Storage 70-90%,Potential Storage Anomaly,Schedule Downlink,Avoid storage overflow,Yes,Medium
SCN-01764,Green,Thermal,Orbit Correction,Temperature < 45°C,None,Continue Operation,Subsystem remains stable,No,Low
SCN-01765,Yellow,Communication,Capturing Earth Images,Weak Signal,Potential Communication Anomaly,Prepare Next Ground Pass,Avoid communication failure,Yes,Medium
SCN-01766,Yellow,Communication,Orbit Correction,Weak Signal,Potential Communication Anomaly,Prepare Next Ground Pass,Avoid communication failure,Yes,Medium
SCN-01767,Red,Payload,Idle,Camera Failure,Payload Failure,Restart Camera Module,Restore payload functionality,Yes,Critical
SCN-01768,Red,Storage,Calibration,Storage > 95%,Storage Failure,Stop Image Capture and Downlink,Free storage space,Yes,Critical
SCN-01769,Green,Power,Orbit Correction,Solar Output Normal,None,Continue Charging,Battery remains healthy,No,Low
SCN-01770,Green,Payload,Calibration,Camera Operational,None,Capture Earth Images,Mission objective achieved,No,Low
SCN-01771,Green,Payload,Capturing Earth Images,Camera Operational,None,Capture Earth Images,Mission objective achieved,No,Low
SCN-01772,Green,Power,Idle,Battery > 70%,None,Continue Mission,Nominal power operation,No,Low
SCN-01773,Yellow,Thermal,Idle,Temperature 45-65°C,Potential Thermal Anomaly,Reduce CPU Load,Prevent overheating,Yes,Medium
SCN-01774,Red,Communication,Orbit Correction,Communication Lost,Communication Failure,Queue Commands,Resume during next communication window,Yes,Critical
SCN-01775,Green,Communication,Idle,Signal Stable,None,Continue Downlink,Telemetry transmitted successfully,No,Low
SCN-01776,Green,Storage,Idle,Storage < 70%,None,Continue Capturing Images,Store additional payload data,No,Low
SCN-01777,Green,Storage,Calibration,Storage < 70%,None,Continue Capturing Images,Store additional payload data,No,Low
SCN-01778,Yellow,Communication,Capturing Earth Images,Weak Signal,Potential Communication Anomaly,Prepare Next Ground Pass,Avoid communication failure,Yes,Medium
SCN-01779,Green,Power,Calibration,Battery > 70%,None,Continue Mission,Nominal power operation,No,Low
SCN-01780,Green,Payload,Idle,Camera Operational,None,Capture Earth Images,Mission objective achieved,No,Low
SCN-01781,Red,Thermal,Calibration,Temperature > 70°C,Thermal Failure,Shutdown Payload,Prevent hardware damage,Yes,Critical
SCN-01782,Green,Storage,Capturing Earth Images,Storage < 70%,None,Continue Capturing Images,Store additional payload data,No,Low
SCN-01783,Green,Communication,Calibration,Signal Stable,None,Continue Downlink,Telemetry transmitted successfully,No,Low
SCN-01784,Yellow,Payload,Idle,Camera Temperature Rising,Potential Payload Anomaly,Reduce Image Capture Rate,Prevent camera shutdown,Yes,Medium
SCN-01785,Green,Storage,Orbit Correction,Storage < 70%,None,Continue Capturing Images,Store additional payload data,No,Low
SCN-01786,Yellow,Power,Orbit Correction,Battery 30-70%,Potential Power Anomaly,Reduce Payload Power,Battery drain reduced,Yes,Medium
SCN-01787,Green,Payload,Calibration,Camera Operational,None,Capture Earth Images,Mission objective achieved,No,Low
SCN-01788,Red,Communication,Orbit Correction,Communication Lost,Communication Failure,Queue Commands,Resume during next communication window,Yes,Critical
SCN-01789,Green,Communication,Orbit Correction,Signal Stable,None,Continue Downlink,Telemetry transmitted successfully,No,Low
SCN-01790,Green,Thermal,Idle,Temperature < 45°C,None,Continue Operation,Subsystem remains stable,No,Low
SCN-01791,Green,Storage,Orbit Correction,Storage < 70%,None,Continue Capturing Images,Store additional payload data,No,Low
SCN-01792,Yellow,Thermal,Idle,Temperature 45-65°C,Potential Thermal Anomaly,Reduce CPU Load,Prevent overheating,Yes,Medium
SCN-01793,Red,Payload,Orbit Correction,Camera Failure,Payload Failure,Restart Camera Module,Restore payload functionality,Yes,Critical
SCN-01794,Red,Power,Idle,Battery < 20%,Power Failure,Enter Safe Mode,Prevent complete battery depletion,Yes,Critical
SCN-01795,Green,Storage,Downlink,Storage < 70%,None,Continue Capturing Images,Store additional payload data,No,Low
SCN-01796,Yellow,Communication,Capturing Earth Images,Weak Signal,Potential Communication Anomaly,Prepare Next Ground Pass,Avoid communication failure,Yes,Medium
SCN-01797,Green,Thermal,Idle,Temperature < 45°C,None,Continue Operation,Subsystem remains stable,No,Low
SCN-01798,Green,Payload,Downlink,Camera Operational,None,Capture Earth Images,Mission objective achieved,No,Low
SCN-01799,Green,Payload,Downlink,Camera Operational,None,Capture Earth Images,Mission objective achieved,No,Low
SCN-01800,Green,Payload,Calibration,Camera Operational,None,Capture Earth Images,Mission objective achieved,No,Low
SCN-01801,Yellow,Communication,Capturing Earth Images,Weak Signal,Potential Communication Anomaly,Prepare Next Ground Pass,Avoid communication failure,Yes,Medium
SCN-01802,Green,Power,Idle,Solar Output Normal,None,Continue Charging,Battery remains healthy,No,Low
SCN-01803,Green,Storage,Downlink,Storage < 70%,None,Continue Capturing Images,Store additional payload data,No,Low
SCN-01804,Green,Payload,Orbit Correction,Camera Operational,None,Capture Earth Images,Mission objective achieved,No,Low
SCN-01805,Red,Power,Downlink,Battery < 20%,Power Failure,Enter Safe Mode,Prevent complete battery depletion,Yes,Critical
SCN-01806,Yellow,Storage,Idle,Storage 70-90%,Potential Storage Anomaly,Schedule Downlink,Avoid storage overflow,Yes,Medium
SCN-01807,Yellow,Thermal,Calibration,Temperature 45-65°C,Potential Thermal Anomaly,Reduce CPU Load,Prevent overheating,Yes,Medium
SCN-01808,Green,Thermal,Downlink,Temperature < 45°C,None,Continue Operation,Subsystem remains stable,No,Low
SCN-01809,Yellow,Payload,Capturing Earth Images,Camera Temperature Rising,Potential Payload Anomaly,Reduce Image Capture Rate,Prevent camera shutdown,Yes,Medium
SCN-01810,Green,Thermal,Orbit Correction,Temperature < 45°C,None,Continue Operation,Subsystem remains stable,No,Low
SCN-01811,Red,Storage,Calibration,Storage > 95%,Storage Failure,Stop Image Capture and Downlink,Free storage space,Yes,Critical
SCN-01812,Green,Communication,Calibration,Signal Stable,None,Continue Downlink,Telemetry transmitted successfully,No,Low
SCN-01813,Green,Communication,Capturing Earth Images,Signal Stable,None,Continue Downlink,Telemetry transmitted successfully,No,Low
SCN-01814,Green,Power,Orbit Correction,Solar Output Normal,None,Continue Charging,Battery remains healthy,No,Low
SCN-01815,Yellow,Storage,Idle,Storage 70-90%,Potential Storage Anomaly,Schedule Downlink,Avoid storage overflow,Yes,Medium
SCN-01816,Yellow,Storage,Downlink,Storage 70-90%,Potential Storage Anomaly,Schedule Downlink,Avoid storage overflow,Yes,Medium
SCN-01817,Green,Thermal,Calibration,Temperature < 45°C,None,Continue Operation,Subsystem remains stable,No,Low
SCN-01818,Green,Storage,Calibration,Storage < 70%,None,Continue Capturing Images,Store additional payload data,No,Low
SCN-01819,Green,Thermal,Downlink,Temperature < 45°C,None,Continue Operation,Subsystem remains stable,No,Low
SCN-01820,Red,Storage,Orbit Correction,Storage > 95%,Storage Failure,Stop Image Capture and Downlink,Free storage space,Yes,Critical
SCN-01821,Green,Communication,Idle,Signal Stable,None,Continue Downlink,Telemetry transmitted successfully,No,Low
SCN-01822,Red,Power,Calibration,Solar Panel Failure,Power Failure,Disable Payload,Reduce power consumption,Yes,Critical
SCN-01823,Green,Storage,Calibration,Storage < 70%,None,Continue Capturing Images,Store additional payload data,No,Low
SCN-01824,Yellow,Payload,Idle,Camera Temperature Rising,Potential Payload Anomaly,Reduce Image Capture Rate,Prevent camera shutdown,Yes,Medium
SCN-01825,Yellow,Communication,Idle,Weak Signal,Potential Communication Anomaly,Prepare Next Ground Pass,Avoid communication failure,Yes,Medium
SCN-01826,Green,Payload,Calibration,Camera Operational,None,Capture Earth Images,Mission objective achieved,No,Low
SCN-01827,Green,Thermal,Orbit Correction,Temperature < 45°C,None,Continue Operation,Subsystem remains stable,No,Low
SCN-01828,Green,Storage,Calibration,Storage < 70%,None,Continue Capturing Images,Store additional payload data,No,Low
SCN-01829,Green,Thermal,Calibration,Temperature < 45°C,None,Continue Operation,Subsystem remains stable,No,Low
SCN-01830,Green,Communication,Orbit Correction,Signal Stable,None,Continue Downlink,Telemetry transmitted successfully,No,Low
SCN-01831,Yellow,Power,Capturing Earth Images,Solar Output Low,Potential Power Anomaly,Rotate Solar Panels,Increase charging efficiency,Yes,Medium
SCN-01832,Red,Power,Orbit Correction,Battery < 20%,Power Failure,Enter Safe Mode,Prevent complete battery depletion,Yes,Critical
SCN-01833,Yellow,Power,Capturing Earth Images,Battery 30-70%,Potential Power Anomaly,Reduce Payload Power,Battery drain reduced,Yes,Medium
SCN-01834,Green,Payload,Idle,Camera Operational,None,Capture Earth Images,Mission objective achieved,No,Low
SCN-01835,Green,Storage,Capturing Earth Images,Storage < 70%,None,Continue Capturing Images,Store additional payload data,No,Low
SCN-01836,Green,Storage,Capturing Earth Images,Storage < 70%,None,Continue Capturing Images,Store additional payload data,No,Low
SCN-01837,Yellow,Thermal,Calibration,Temperature 45-65°C,Potential Thermal Anomaly,Reduce CPU Load,Prevent overheating,Yes,Medium
SCN-01838,Green,Thermal,Downlink,Temperature < 45°C,None,Continue Operation,Subsystem remains stable,No,Low
SCN-01839,Yellow,Power,Capturing Earth Images,Battery 30-70%,Potential Power Anomaly,Reduce Payload Power,Battery drain reduced,Yes,Medium
SCN-01840,Green,Power,Downlink,Solar Output Normal,None,Continue Charging,Battery remains healthy,No,Low
SCN-01841,Green,Payload,Capturing Earth Images,Camera Operational,None,Capture Earth Images,Mission objective achieved,No,Low
SCN-01842,Yellow,Power,Downlink,Solar Output Low,Potential Power Anomaly,Rotate Solar Panels,Increase charging efficiency,Yes,Medium
SCN-01843,Green,Power,Downlink,Solar Output Normal,None,Continue Charging,Battery remains healthy,No,Low
SCN-01844,Green,Payload,Orbit Correction,Camera Operational,None,Capture Earth Images,Mission objective achieved,No,Low
SCN-01845,Green,Communication,Calibration,Signal Stable,None,Continue Downlink,Telemetry transmitted successfully,No,Low
SCN-01846,Green,Storage,Orbit Correction,Storage < 70%,None,Continue Capturing Images,Store additional payload data,No,Low
SCN-01847,Green,Power,Capturing Earth Images,Battery > 70%,None,Continue Mission,Nominal power operation,No,Low
SCN-01848,Green,Storage,Idle,Storage < 70%,None,Continue Capturing Images,Store additional payload data,No,Low
SCN-01849,Green,Storage,Capturing Earth Images,Storage < 70%,None,Continue Capturing Images,Store additional payload data,No,Low
SCN-01850,Yellow,Storage,Downlink,Storage 70-90%,Potential Storage Anomaly,Schedule Downlink,Avoid storage overflow,Yes,Medium
SCN-01851,Yellow,Power,Capturing Earth Images,Solar Output Low,Potential Power Anomaly,Rotate Solar Panels,Increase charging efficiency,Yes,Medium
SCN-01852,Red,Thermal,Downlink,Temperature > 70°C,Thermal Failure,Shutdown Payload,Prevent hardware damage,Yes,Critical
SCN-01853,Green,Communication,Orbit Correction,Signal Stable,None,Continue Downlink,Telemetry transmitted successfully,No,Low
SCN-01854,Green,Thermal,Downlink,Temperature < 45°C,None,Continue Operation,Subsystem remains stable,No,Low
SCN-01855,Yellow,Storage,Idle,Storage 70-90%,Potential Storage Anomaly,Schedule Downlink,Avoid storage overflow,Yes,Medium
SCN-01856,Green,Storage,Downlink,Storage < 70%,None,Continue Capturing Images,Store additional payload data,No,Low
SCN-01857,Green,Payload,Calibration,Camera Operational,None,Capture Earth Images,Mission objective achieved,No,Low
SCN-01858,Yellow,Payload,Calibration,Camera Temperature Rising,Potential Payload Anomaly,Reduce Image Capture Rate,Prevent camera shutdown,Yes,Medium
SCN-01859,Green,Thermal,Calibration,Temperature < 45°C,None,Continue Operation,Subsystem remains stable,No,Low
SCN-01860,Yellow,Thermal,Capturing Earth Images,Temperature 45-65°C,Potential Thermal Anomaly,Reduce CPU Load,Prevent overheating,Yes,Medium
SCN-01861,Green,Payload,Orbit Correction,Camera Operational,None,Capture Earth Images,Mission objective achieved,No,Low
SCN-01862,Green,Communication,Capturing Earth Images,Signal Stable,None,Continue Downlink,Telemetry transmitted successfully,No,Low
SCN-01863,Green,Communication,Downlink,Signal Stable,None,Continue Downlink,Telemetry transmitted successfully,No,Low
SCN-01864,Green,Communication,Downlink,Signal Stable,None,Continue Downlink,Telemetry transmitted successfully,No,Low
SCN-01865,Red,Communication,Calibration,Communication Lost,Communication Failure,Queue Commands,Resume during next communication window,Yes,Critical
SCN-01866,Green,Thermal,Capturing Earth Images,Temperature < 45°C,None,Continue Operation,Subsystem remains stable,No,Low
SCN-01867,Yellow,Communication,Idle,Weak Signal,Potential Communication Anomaly,Prepare Next Ground Pass,Avoid communication failure,Yes,Medium
SCN-01868,Green,Power,Idle,Solar Output Normal,None,Continue Charging,Battery remains healthy,No,Low
SCN-01869,Green,Communication,Capturing Earth Images,Signal Stable,None,Continue Downlink,Telemetry transmitted successfully,No,Low
SCN-01870,Green,Communication,Calibration,Signal Stable,None,Continue Downlink,Telemetry transmitted successfully,No,Low
SCN-01871,Green,Power,Capturing Earth Images,Solar Output Normal,None,Continue Charging,Battery remains healthy,No,Low
SCN-01872,Yellow,Power,Calibration,Solar Output Low,Potential Power Anomaly,Rotate Solar Panels,Increase charging efficiency,Yes,Medium
SCN-01873,Green,Storage,Idle,Storage < 70%,None,Continue Capturing Images,Store additional payload data,No,Low
SCN-01874,Green,Power,Downlink,Solar Output Normal,None,Continue Charging,Battery remains healthy,No,Low
SCN-01875,Green,Thermal,Downlink,Temperature < 45°C,None,Continue Operation,Subsystem remains stable,No,Low
SCN-01876,Green,Thermal,Orbit Correction,Temperature < 45°C,None,Continue Operation,Subsystem remains stable,No,Low
SCN-01877,Red,Thermal,Capturing Earth Images,Temperature > 70°C,Thermal Failure,Shutdown Payload,Prevent hardware damage,Yes,Critical
SCN-01878,Green,Power,Calibration,Solar Output Normal,None,Continue Charging,Battery remains healthy,No,Low
SCN-01879,Yellow,Payload,Calibration,Camera Temperature Rising,Potential Payload Anomaly,Reduce Image Capture Rate,Prevent camera shutdown,Yes,Medium
SCN-01880,Red,Communication,Idle,Communication Lost,Communication Failure,Queue Commands,Resume during next communication window,Yes,Critical
SCN-01881,Red,Payload,Orbit Correction,Camera Failure,Payload Failure,Restart Camera Module,Restore payload functionality,Yes,Critical
SCN-01882,Green,Thermal,Idle,Temperature < 45°C,None,Continue Operation,Subsystem remains stable,No,Low
SCN-01883,Yellow,Power,Idle,Solar Output Low,Potential Power Anomaly,Rotate Solar Panels,Increase charging efficiency,Yes,Medium
SCN-01884,Green,Payload,Calibration,Camera Operational,None,Capture Earth Images,Mission objective achieved,No,Low
SCN-01885,Red,Communication,Downlink,Communication Lost,Communication Failure,Queue Commands,Resume during next communication window,Yes,Critical
SCN-01886,Green,Payload,Orbit Correction,Camera Operational,None,Capture Earth Images,Mission objective achieved,No,Low
SCN-01887,Red,Communication,Calibration,Communication Lost,Communication Failure,Queue Commands,Resume during next communication window,Yes,Critical
SCN-01888,Green,Storage,Capturing Earth Images,Storage < 70%,None,Continue Capturing Images,Store additional payload data,No,Low
SCN-01889,Yellow,Storage,Orbit Correction,Storage 70-90%,Potential Storage Anomaly,Schedule Downlink,Avoid storage overflow,Yes,Medium
SCN-01890,Yellow,Storage,Idle,Storage 70-90%,Potential Storage Anomaly,Schedule Downlink,Avoid storage overflow,Yes,Medium
SCN-01891,Yellow,Payload,Idle,Camera Temperature Rising,Potential Payload Anomaly,Reduce Image Capture Rate,Prevent camera shutdown,Yes,Medium
SCN-01892,Green,Power,Capturing Earth Images,Battery > 70%,None,Continue Mission,Nominal power operation,No,Low
SCN-01893,Green,Payload,Orbit Correction,Camera Operational,None,Capture Earth Images,Mission objective achieved,No,Low
SCN-01894,Red,Storage,Capturing Earth Images,Storage > 95%,Storage Failure,Stop Image Capture and Downlink,Free storage space,Yes,Critical
SCN-01895,Green,Power,Calibration,Solar Output Normal,None,Continue Charging,Battery remains healthy,No,Low
SCN-01896,Yellow,Payload,Downlink,Camera Temperature Rising,Potential Payload Anomaly,Reduce Image Capture Rate,Prevent camera shutdown,Yes,Medium
SCN-01897,Green,Payload,Calibration,Camera Operational,None,Capture Earth Images,Mission objective achieved,No,Low
SCN-01898,Red,Storage,Downlink,Storage > 95%,Storage Failure,Stop Image Capture and Downlink,Free storage space,Yes,Critical
SCN-01899,Yellow,Communication,Downlink,Weak Signal,Potential Communication Anomaly,Prepare Next Ground Pass,Avoid communication failure,Yes,Medium
SCN-01900,Red,Payload,Idle,Camera Failure,Payload Failure,Restart Camera Module,Restore payload functionality,Yes,Critical
SCN-01901,Green,Communication,Calibration,Signal Stable,None,Continue Downlink,Telemetry transmitted successfully,No,Low
SCN-01902,Red,Storage,Downlink,Storage > 95%,Storage Failure,Stop Image Capture and Downlink,Free storage space,Yes,Critical
SCN-01903,Green,Power,Calibration,Battery > 70%,None,Continue Mission,Nominal power operation,No,Low
SCN-01904,Yellow,Thermal,Orbit Correction,Temperature 45-65°C,Potential Thermal Anomaly,Reduce CPU Load,Prevent overheating,Yes,Medium
SCN-01905,Red,Communication,Calibration,Communication Lost,Communication Failure,Queue Commands,Resume during next communication window,Yes,Critical
SCN-01906,Yellow,Payload,Downlink,Camera Temperature Rising,Potential Payload Anomaly,Reduce Image Capture Rate,Prevent camera shutdown,Yes,Medium
SCN-01907,Green,Thermal,Calibration,Temperature < 45°C,None,Continue Operation,Subsystem remains stable,No,Low
SCN-01908,Green,Power,Orbit Correction,Solar Output Normal,None,Continue Charging,Battery remains healthy,No,Low
SCN-01909,Green,Power,Orbit Correction,Battery > 70%,None,Continue Mission,Nominal power operation,No,Low
SCN-01910,Green,Storage,Calibration,Storage < 70%,None,Continue Capturing Images,Store additional payload data,No,Low
SCN-01911,Green,Storage,Calibration,Storage < 70%,None,Continue Capturing Images,Store additional payload data,No,Low
SCN-01912,Red,Power,Calibration,Solar Panel Failure,Power Failure,Disable Payload,Reduce power consumption,Yes,Critical
SCN-01913,Green,Communication,Calibration,Signal Stable,None,Continue Downlink,Telemetry transmitted successfully,No,Low
SCN-01914,Yellow,Communication,Calibration,Weak Signal,Potential Communication Anomaly,Prepare Next Ground Pass,Avoid communication failure,Yes,Medium
SCN-01915,Red,Thermal,Calibration,Temperature > 70°C,Thermal Failure,Shutdown Payload,Prevent hardware damage,Yes,Critical
SCN-01916,Green,Power,Orbit Correction,Solar Output Normal,None,Continue Charging,Battery remains healthy,No,Low
SCN-01917,Green,Communication,Idle,Signal Stable,None,Continue Downlink,Telemetry transmitted successfully,No,Low
SCN-01918,Green,Power,Capturing Earth Images,Battery > 70%,None,Continue Mission,Nominal power operation,No,Low
SCN-01919,Yellow,Storage,Calibration,Storage 70-90%,Potential Storage Anomaly,Schedule Downlink,Avoid storage overflow,Yes,Medium
SCN-01920,Green,Communication,Orbit Correction,Signal Stable,None,Continue Downlink,Telemetry transmitted successfully,No,Low
SCN-01921,Green,Power,Calibration,Solar Output Normal,None,Continue Charging,Battery remains healthy,No,Low
SCN-01922,Green,Thermal,Orbit Correction,Temperature < 45°C,None,Continue Operation,Subsystem remains stable,No,Low
SCN-01923,Green,Storage,Capturing Earth Images,Storage < 70%,None,Continue Capturing Images,Store additional payload data,No,Low
SCN-01924,Yellow,Power,Capturing Earth Images,Battery 30-70%,Potential Power Anomaly,Reduce Payload Power,Battery drain reduced,Yes,Medium
SCN-01925,Green,Payload,Calibration,Camera Operational,None,Capture Earth Images,Mission objective achieved,No,Low
SCN-01926,Red,Communication,Orbit Correction,Communication Lost,Communication Failure,Queue Commands,Resume during next communication window,Yes,Critical
SCN-01927,Green,Storage,Capturing Earth Images,Storage < 70%,None,Continue Capturing Images,Store additional payload data,No,Low
SCN-01928,Green,Communication,Orbit Correction,Signal Stable,None,Continue Downlink,Telemetry transmitted successfully,No,Low
SCN-01929,Green,Power,Calibration,Solar Output Normal,None,Continue Charging,Battery remains healthy,No,Low
SCN-01930,Yellow,Power,Calibration,Solar Output Low,Potential Power Anomaly,Rotate Solar Panels,Increase charging efficiency,Yes,Medium
SCN-01931,Green,Communication,Calibration,Signal Stable,None,Continue Downlink,Telemetry transmitted successfully,No,Low
SCN-01932,Green,Payload,Downlink,Camera Operational,None,Capture Earth Images,Mission objective achieved,No,Low
SCN-01933,Yellow,Payload,Downlink,Camera Temperature Rising,Potential Payload Anomaly,Reduce Image Capture Rate,Prevent camera shutdown,Yes,Medium
SCN-01934,Green,Communication,Idle,Signal Stable,None,Continue Downlink,Telemetry transmitted successfully,No,Low
SCN-01935,Yellow,Power,Orbit Correction,Solar Output Low,Potential Power Anomaly,Rotate Solar Panels,Increase charging efficiency,Yes,Medium
SCN-01936,Green,Power,Calibration,Battery > 70%,None,Continue Mission,Nominal power operation,No,Low
SCN-01937,Green,Payload,Calibration,Camera Operational,None,Capture Earth Images,Mission objective achieved,No,Low
SCN-01938,Green,Payload,Downlink,Camera Operational,None,Capture Earth Images,Mission objective achieved,No,Low
SCN-01939,Red,Payload,Orbit Correction,Camera Failure,Payload Failure,Restart Camera Module,Restore payload functionality,Yes,Critical
SCN-01940,Green,Payload,Calibration,Camera Operational,None,Capture Earth Images,Mission objective achieved,No,Low
SCN-01941,Red,Payload,Idle,Camera Failure,Payload Failure,Restart Camera Module,Restore payload functionality,Yes,Critical
SCN-01942,Green,Payload,Capturing Earth Images,Camera Operational,None,Capture Earth Images,Mission objective achieved,No,Low
SCN-01943,Red,Storage,Idle,Storage > 95%,Storage Failure,Stop Image Capture and Downlink,Free storage space,Yes,Critical
SCN-01944,Yellow,Power,Idle,Solar Output Low,Potential Power Anomaly,Rotate Solar Panels,Increase charging efficiency,Yes,Medium
SCN-01945,Green,Thermal,Idle,Temperature < 45°C,None,Continue Operation,Subsystem remains stable,No,Low
SCN-01946,Red,Power,Idle,Battery < 20%,Power Failure,Enter Safe Mode,Prevent complete battery depletion,Yes,Critical
SCN-01947,Green,Communication,Capturing Earth Images,Signal Stable,None,Continue Downlink,Telemetry transmitted successfully,No,Low
SCN-01948,Green,Power,Idle,Solar Output Normal,None,Continue Charging,Battery remains healthy,No,Low
SCN-01949,Red,Communication,Orbit Correction,Communication Lost,Communication Failure,Queue Commands,Resume during next communication window,Yes,Critical
SCN-01950,Green,Thermal,Idle,Temperature < 45°C,None,Continue Operation,Subsystem remains stable,No,Low
SCN-01951,Green,Communication,Downlink,Signal Stable,None,Continue Downlink,Telemetry transmitted successfully,No,Low
SCN-01952,Red,Thermal,Calibration,Temperature > 70°C,Thermal Failure,Shutdown Payload,Prevent hardware damage,Yes,Critical
SCN-01953,Red,Storage,Capturing Earth Images,Storage > 95%,Storage Failure,Stop Image Capture and Downlink,Free storage space,Yes,Critical
SCN-01954,Green,Thermal,Capturing Earth Images,Temperature < 45°C,None,Continue Operation,Subsystem remains stable,No,Low
SCN-01955,Green,Storage,Downlink,Storage < 70%,None,Continue Capturing Images,Store additional payload data,No,Low
SCN-01956,Green,Payload,Calibration,Camera Operational,None,Capture Earth Images,Mission objective achieved,No,Low
SCN-01957,Green,Power,Capturing Earth Images,Battery > 70%,None,Continue Mission,Nominal power operation,No,Low
SCN-01958,Yellow,Power,Idle,Solar Output Low,Potential Power Anomaly,Rotate Solar Panels,Increase charging efficiency,Yes,Medium
SCN-01959,Yellow,Power,Calibration,Solar Output Low,Potential Power Anomaly,Rotate Solar Panels,Increase charging efficiency,Yes,Medium
SCN-01960,Green,Thermal,Orbit Correction,Temperature < 45°C,None,Continue Operation,Subsystem remains stable,No,Low
SCN-01961,Yellow,Thermal,Capturing Earth Images,Temperature 45-65°C,Potential Thermal Anomaly,Reduce CPU Load,Prevent overheating,Yes,Medium
SCN-01962,Green,Payload,Calibration,Camera Operational,None,Capture Earth Images,Mission objective achieved,No,Low
SCN-01963,Yellow,Communication,Calibration,Weak Signal,Potential Communication Anomaly,Prepare Next Ground Pass,Avoid communication failure,Yes,Medium
SCN-01964,Green,Thermal,Idle,Temperature < 45°C,None,Continue Operation,Subsystem remains stable,No,Low
SCN-01965,Red,Payload,Idle,Camera Failure,Payload Failure,Restart Camera Module,Restore payload functionality,Yes,Critical
SCN-01966,Red,Communication,Downlink,Communication Lost,Communication Failure,Queue Commands,Resume during next communication window,Yes,Critical
SCN-01967,Yellow,Thermal,Downlink,Temperature 45-65°C,Potential Thermal Anomaly,Reduce CPU Load,Prevent overheating,Yes,Medium
SCN-01968,Green,Communication,Capturing Earth Images,Signal Stable,None,Continue Downlink,Telemetry transmitted successfully,No,Low
SCN-01969,Red,Storage,Idle,Storage > 95%,Storage Failure,Stop Image Capture and Downlink,Free storage space,Yes,Critical
SCN-01970,Yellow,Communication,Idle,Weak Signal,Potential Communication Anomaly,Prepare Next Ground Pass,Avoid communication failure,Yes,Medium
SCN-01971,Red,Payload,Calibration,Camera Failure,Payload Failure,Restart Camera Module,Restore payload functionality,Yes,Critical
SCN-01972,Green,Communication,Orbit Correction,Signal Stable,None,Continue Downlink,Telemetry transmitted successfully,No,Low
SCN-01973,Green,Payload,Calibration,Camera Operational,None,Capture Earth Images,Mission objective achieved,No,Low
SCN-01974,Green,Payload,Idle,Camera Operational,None,Capture Earth Images,Mission objective achieved,No,Low
SCN-01975,Green,Storage,Downlink,Storage < 70%,None,Continue Capturing Images,Store additional payload data,No,Low
SCN-01976,Red,Communication,Orbit Correction,Communication Lost,Communication Failure,Queue Commands,Resume during next communication window,Yes,Critical
SCN-01977,Red,Power,Calibration,Solar Panel Failure,Power Failure,Disable Payload,Reduce power consumption,Yes,Critical
SCN-01978,Yellow,Payload,Idle,Camera Temperature Rising,Potential Payload Anomaly,Reduce Image Capture Rate,Prevent camera shutdown,Yes,Medium
SCN-01979,Green,Thermal,Capturing Earth Images,Temperature < 45°C,None,Continue Operation,Subsystem remains stable,No,Low
SCN-01980,Red,Storage,Idle,Storage > 95%,Storage Failure,Stop Image Capture and Downlink,Free storage space,Yes,Critical
SCN-01981,Green,Payload,Orbit Correction,Camera Operational,None,Capture Earth Images,Mission objective achieved,No,Low
SCN-01982,Green,Storage,Idle,Storage < 70%,None,Continue Capturing Images,Store additional payload data,No,Low
SCN-01983,Green,Payload,Capturing Earth Images,Camera Operational,None,Capture Earth Images,Mission objective achieved,No,Low
SCN-01984,Green,Payload,Capturing Earth Images,Camera Operational,None,Capture Earth Images,Mission objective achieved,No,Low
SCN-01985,Yellow,Power,Downlink,Battery 30-70%,Potential Power Anomaly,Reduce Payload Power,Battery drain reduced,Yes,Medium
SCN-01986,Green,Communication,Capturing Earth Images,Signal Stable,None,Continue Downlink,Telemetry transmitted successfully,No,Low
SCN-01987,Green,Storage,Downlink,Storage < 70%,None,Continue Capturing Images,Store additional payload data,No,Low
SCN-01988,Green,Power,Orbit Correction,Battery > 70%,None,Continue Mission,Nominal power operation,No,Low
SCN-01989,Green,Thermal,Orbit Correction,Temperature < 45°C,None,Continue Operation,Subsystem remains stable,No,Low
SCN-01990,Red,Storage,Downlink,Storage > 95%,Storage Failure,Stop Image Capture and Downlink,Free storage space,Yes,Critical
SCN-01991,Green,Power,Downlink,Battery > 70%,None,Continue Mission,Nominal power operation,No,Low
SCN-01992,Yellow,Payload,Capturing Earth Images,Camera Temperature Rising,Potential Payload Anomaly,Reduce Image Capture Rate,Prevent camera shutdown,Yes,Medium
SCN-01993,Green,Communication,Idle,Signal Stable,None,Continue Downlink,Telemetry transmitted successfully,No,Low
SCN-01994,Green,Communication,Idle,Signal Stable,None,Continue Downlink,Telemetry transmitted successfully,No,Low
SCN-01995,Green,Communication,Downlink,Signal Stable,None,Continue Downlink,Telemetry transmitted successfully,No,Low
SCN-01996,Green,Payload,Orbit Correction,Camera Operational,None,Capture Earth Images,Mission objective achieved,No,Low
SCN-01997,Red,Storage,Capturing Earth Images,Storage > 95%,Storage Failure,Stop Image Capture and Downlink,Free storage space,Yes,Critical
SCN-01998,Yellow,Power,Capturing Earth Images,Battery 30-70%,Potential Power Anomaly,Reduce Payload Power,Battery drain reduced,Yes,Medium
SCN-01999,Red,Communication,Orbit Correction,Communication Lost,Communication Failure,Queue Commands,Resume during next communication window,Yes,Critical
SCN-02000,Green,Communication,Calibration,Signal Stable,None,Continue Downlink,Telemetry transmitted successfully,No,Low
SCN-02001,Yellow,Communication,Downlink,Weak Signal,Potential Communication Anomaly,Prepare Next Ground Pass,Avoid communication failure,Yes,Medium
SCN-02002,Yellow,Payload,Orbit Correction,Camera Temperature Rising,Potential Payload Anomaly,Reduce Image Capture Rate,Prevent camera shutdown,Yes,Medium
SCN-02003,Green,Payload,Downlink,Camera Operational,None,Capture Earth Images,Mission objective achieved,No,Low
SCN-02004,Yellow,Power,Calibration,Solar Output Low,Potential Power Anomaly,Rotate Solar Panels,Increase charging efficiency,Yes,Medium
SCN-02005,Yellow,Payload,Idle,Camera Temperature Rising,Potential Payload Anomaly,Reduce Image Capture Rate,Prevent camera shutdown,Yes,Medium
SCN-02006,Green,Storage,Capturing Earth Images,Storage < 70%,None,Continue Capturing Images,Store additional payload data,No,Low
SCN-02007,Green,Storage,Capturing Earth Images,Storage < 70%,None,Continue Capturing Images,Store additional payload data,No,Low
SCN-02008,Yellow,Communication,Capturing Earth Images,Weak Signal,Potential Communication Anomaly,Prepare Next Ground Pass,Avoid communication failure,Yes,Medium
SCN-02009,Yellow,Communication,Calibration,Weak Signal,Potential Communication Anomaly,Prepare Next Ground Pass,Avoid communication failure,Yes,Medium
SCN-02010,Yellow,Payload,Capturing Earth Images,Camera Temperature Rising,Potential Payload Anomaly,Reduce Image Capture Rate,Prevent camera shutdown,Yes,Medium
SCN-02011,Green,Payload,Idle,Camera Operational,None,Capture Earth Images,Mission objective achieved,No,Low
SCN-02012,Yellow,Payload,Capturing Earth Images,Camera Temperature Rising,Potential Payload Anomaly,Reduce Image Capture Rate,Prevent camera shutdown,Yes,Medium
SCN-02013,Green,Payload,Downlink,Camera Operational,None,Capture Earth Images,Mission objective achieved,No,Low
SCN-02014,Green,Communication,Orbit Correction,Signal Stable,None,Continue Downlink,Telemetry transmitted successfully,No,Low
SCN-02015,Green,Storage,Downlink,Storage < 70%,None,Continue Capturing Images,Store additional payload data,No,Low
SCN-02016,Green,Payload,Capturing Earth Images,Camera Operational,None,Capture Earth Images,Mission objective achieved,No,Low
SCN-02017,Yellow,Payload,Orbit Correction,Camera Temperature Rising,Potential Payload Anomaly,Reduce Image Capture Rate,Prevent camera shutdown,Yes,Medium
SCN-02018,Green,Thermal,Capturing Earth Images,Temperature < 45°C,None,Continue Operation,Subsystem remains stable,No,Low
SCN-02019,Green,Power,Downlink,Battery > 70%,None,Continue Mission,Nominal power operation,No,Low
SCN-02020,Green,Payload,Capturing Earth Images,Camera Operational,None,Capture Earth Images,Mission objective achieved,No,Low
SCN-02021,Green,Power,Downlink,Battery > 70%,None,Continue Mission,Nominal power operation,No,Low
SCN-02022,Yellow,Thermal,Capturing Earth Images,Temperature 45-65°C,Potential Thermal Anomaly,Reduce CPU Load,Prevent overheating,Yes,Medium
SCN-02023,Yellow,Communication,Calibration,Weak Signal,Potential Communication Anomaly,Prepare Next Ground Pass,Avoid communication failure,Yes,Medium
SCN-02024,Green,Power,Calibration,Battery > 70%,None,Continue Mission,Nominal power operation,No,Low
SCN-02025,Green,Power,Orbit Correction,Solar Output Normal,None,Continue Charging,Battery remains healthy,No,Low
SCN-02026,Red,Thermal,Idle,Temperature > 70°C,Thermal Failure,Shutdown Payload,Prevent hardware damage,Yes,Critical
SCN-02027,Yellow,Payload,Capturing Earth Images,Camera Temperature Rising,Potential Payload Anomaly,Reduce Image Capture Rate,Prevent camera shutdown,Yes,Medium
SCN-02028,Red,Communication,Calibration,Communication Lost,Communication Failure,Queue Commands,Resume during next communication window,Yes,Critical
SCN-02029,Green,Storage,Capturing Earth Images,Storage < 70%,None,Continue Capturing Images,Store additional payload data,No,Low
SCN-02030,Green,Storage,Downlink,Storage < 70%,None,Continue Capturing Images,Store additional payload data,No,Low
SCN-02031,Yellow,Communication,Calibration,Weak Signal,Potential Communication Anomaly,Prepare Next Ground Pass,Avoid communication failure,Yes,Medium
SCN-02032,Yellow,Communication,Calibration,Weak Signal,Potential Communication Anomaly,Prepare Next Ground Pass,Avoid communication failure,Yes,Medium
SCN-02033,Red,Thermal,Orbit Correction,Temperature > 70°C,Thermal Failure,Shutdown Payload,Prevent hardware damage,Yes,Critical
SCN-02034,Green,Power,Orbit Correction,Solar Output Normal,None,Continue Charging,Battery remains healthy,No,Low
SCN-02035,Red,Storage,Orbit Correction,Storage > 95%,Storage Failure,Stop Image Capture and Downlink,Free storage space,Yes,Critical
SCN-02036,Green,Storage,Calibration,Storage < 70%,None,Continue Capturing Images,Store additional payload data,No,Low
SCN-02037,Red,Thermal,Calibration,Temperature > 70°C,Thermal Failure,Shutdown Payload,Prevent hardware damage,Yes,Critical
SCN-02038,Green,Storage,Idle,Storage < 70%,None,Continue Capturing Images,Store additional payload data,No,Low
SCN-02039,Yellow,Storage,Calibration,Storage 70-90%,Potential Storage Anomaly,Schedule Downlink,Avoid storage overflow,Yes,Medium
SCN-02040,Green,Payload,Calibration,Camera Operational,None,Capture Earth Images,Mission objective achieved,No,Low
SCN-02041,Green,Communication,Capturing Earth Images,Signal Stable,None,Continue Downlink,Telemetry transmitted successfully,No,Low
SCN-02042,Green,Power,Calibration,Battery > 70%,None,Continue Mission,Nominal power operation,No,Low
SCN-02043,Red,Communication,Idle,Communication Lost,Communication Failure,Queue Commands,Resume during next communication window,Yes,Critical
SCN-02044,Green,Power,Calibration,Solar Output Normal,None,Continue Charging,Battery remains healthy,No,Low
SCN-02045,Green,Power,Calibration,Battery > 70%,None,Continue Mission,Nominal power operation,No,Low
SCN-02046,Red,Communication,Orbit Correction,Communication Lost,Communication Failure,Queue Commands,Resume during next communication window,Yes,Critical
SCN-02047,Red,Payload,Capturing Earth Images,Camera Failure,Payload Failure,Restart Camera Module,Restore payload functionality,Yes,Critical
SCN-02048,Yellow,Storage,Calibration,Storage 70-90%,Potential Storage Anomaly,Schedule Downlink,Avoid storage overflow,Yes,Medium
SCN-02049,Red,Payload,Orbit Correction,Camera Failure,Payload Failure,Restart Camera Module,Restore payload functionality,Yes,Critical
SCN-02050,Yellow,Storage,Idle,Storage 70-90%,Potential Storage Anomaly,Schedule Downlink,Avoid storage overflow,Yes,Medium
SCN-02051,Green,Communication,Calibration,Signal Stable,None,Continue Downlink,Telemetry transmitted successfully,No,Low
SCN-02052,Green,Thermal,Idle,Temperature < 45°C,None,Continue Operation,Subsystem remains stable,No,Low
SCN-02053,Yellow,Payload,Capturing Earth Images,Camera Temperature Rising,Potential Payload Anomaly,Reduce Image Capture Rate,Prevent camera shutdown,Yes,Medium
SCN-02054,Yellow,Communication,Capturing Earth Images,Weak Signal,Potential Communication Anomaly,Prepare Next Ground Pass,Avoid communication failure,Yes,Medium
SCN-02055,Yellow,Communication,Orbit Correction,Weak Signal,Potential Communication Anomaly,Prepare Next Ground Pass,Avoid communication failure,Yes,Medium
SCN-02056,Red,Power,Calibration,Battery < 20%,Power Failure,Enter Safe Mode,Prevent complete battery depletion,Yes,Critical
SCN-02057,Green,Thermal,Calibration,Temperature < 45°C,None,Continue Operation,Subsystem remains stable,No,Low
SCN-02058,Green,Storage,Calibration,Storage < 70%,None,Continue Capturing Images,Store additional payload data,No,Low
SCN-02059,Green,Storage,Idle,Storage < 70%,None,Continue Capturing Images,Store additional payload data,No,Low
SCN-02060,Green,Power,Capturing Earth Images,Battery > 70%,None,Continue Mission,Nominal power operation,No,Low
SCN-02061,Red,Communication,Calibration,Communication Lost,Communication Failure,Queue Commands,Resume during next communication window,Yes,Critical
SCN-02062,Green,Power,Downlink,Battery > 70%,None,Continue Mission,Nominal power operation,No,Low
SCN-02063,Green,Communication,Calibration,Signal Stable,None,Continue Downlink,Telemetry transmitted successfully,No,Low
SCN-02064,Green,Communication,Orbit Correction,Signal Stable,None,Continue Downlink,Telemetry transmitted successfully,No,Low
SCN-02065,Green,Communication,Orbit Correction,Signal Stable,None,Continue Downlink,Telemetry transmitted successfully,No,Low
SCN-02066,Green,Communication,Downlink,Signal Stable,None,Continue Downlink,Telemetry transmitted successfully,No,Low
SCN-02067,Red,Thermal,Capturing Earth Images,Temperature > 70°C,Thermal Failure,Shutdown Payload,Prevent hardware damage,Yes,Critical
SCN-02068,Green,Storage,Capturing Earth Images,Storage < 70%,None,Continue Capturing Images,Store additional payload data,No,Low
SCN-02069,Red,Communication,Downlink,Communication Lost,Communication Failure,Queue Commands,Resume during next communication window,Yes,Critical
SCN-02070,Green,Storage,Calibration,Storage < 70%,None,Continue Capturing Images,Store additional payload data,No,Low
SCN-02071,Green,Storage,Downlink,Storage < 70%,None,Continue Capturing Images,Store additional payload data,No,Low
SCN-02072,Green,Storage,Orbit Correction,Storage < 70%,None,Continue Capturing Images,Store additional payload data,No,Low
SCN-02073,Yellow,Thermal,Calibration,Temperature 45-65°C,Potential Thermal Anomaly,Reduce CPU Load,Prevent overheating,Yes,Medium
SCN-02074,Green,Storage,Idle,Storage < 70%,None,Continue Capturing Images,Store additional payload data,No,Low
SCN-02075,Green,Communication,Idle,Signal Stable,None,Continue Downlink,Telemetry transmitted successfully,No,Low
SCN-02076,Green,Power,Downlink,Battery > 70%,None,Continue Mission,Nominal power operation,No,Low
SCN-02077,Yellow,Storage,Capturing Earth Images,Storage 70-90%,Potential Storage Anomaly,Schedule Downlink,Avoid storage overflow,Yes,Medium
SCN-02078,Green,Thermal,Orbit Correction,Temperature < 45°C,None,Continue Operation,Subsystem remains stable,No,Low
SCN-02079,Green,Thermal,Idle,Temperature < 45°C,None,Continue Operation,Subsystem remains stable,No,Low
SCN-02080,Green,Payload,Idle,Camera Operational,None,Capture Earth Images,Mission objective achieved,No,Low
SCN-02081,Yellow,Storage,Orbit Correction,Storage 70-90%,Potential Storage Anomaly,Schedule Downlink,Avoid storage overflow,Yes,Medium
SCN-02082,Yellow,Communication,Downlink,Weak Signal,Potential Communication Anomaly,Prepare Next Ground Pass,Avoid communication failure,Yes,Medium
SCN-02083,Green,Power,Idle,Solar Output Normal,None,Continue Charging,Battery remains healthy,No,Low
SCN-02084,Green,Payload,Downlink,Camera Operational,None,Capture Earth Images,Mission objective achieved,No,Low
SCN-02085,Green,Communication,Calibration,Signal Stable,None,Continue Downlink,Telemetry transmitted successfully,No,Low
SCN-02086,Green,Thermal,Downlink,Temperature < 45°C,None,Continue Operation,Subsystem remains stable,No,Low
SCN-02087,Yellow,Power,Calibration,Solar Output Low,Potential Power Anomaly,Rotate Solar Panels,Increase charging efficiency,Yes,Medium
SCN-02088,Yellow,Power,Capturing Earth Images,Battery 30-70%,Potential Power Anomaly,Reduce Payload Power,Battery drain reduced,Yes,Medium
SCN-02089,Green,Storage,Orbit Correction,Storage < 70%,None,Continue Capturing Images,Store additional payload data,No,Low
SCN-02090,Yellow,Storage,Idle,Storage 70-90%,Potential Storage Anomaly,Schedule Downlink,Avoid storage overflow,Yes,Medium
SCN-02091,Red,Storage,Downlink,Storage > 95%,Storage Failure,Stop Image Capture and Downlink,Free storage space,Yes,Critical
SCN-02092,Red,Communication,Calibration,Communication Lost,Communication Failure,Queue Commands,Resume during next communication window,Yes,Critical
SCN-02093,Yellow,Communication,Idle,Weak Signal,Potential Communication Anomaly,Prepare Next Ground Pass,Avoid communication failure,Yes,Medium
SCN-02094,Yellow,Thermal,Downlink,Temperature 45-65°C,Potential Thermal Anomaly,Reduce CPU Load,Prevent overheating,Yes,Medium
SCN-02095,Green,Power,Idle,Solar Output Normal,None,Continue Charging,Battery remains healthy,No,Low
SCN-02096,Green,Thermal,Capturing Earth Images,Temperature < 45°C,None,Continue Operation,Subsystem remains stable,No,Low
SCN-02097,Yellow,Power,Idle,Solar Output Low,Potential Power Anomaly,Rotate Solar Panels,Increase charging efficiency,Yes,Medium
SCN-02098,Red,Thermal,Orbit Correction,Temperature > 70°C,Thermal Failure,Shutdown Payload,Prevent hardware damage,Yes,Critical
SCN-02099,Red,Power,Orbit Correction,Solar Panel Failure,Power Failure,Disable Payload,Reduce power consumption,Yes,Critical
SCN-02100,Green,Storage,Idle,Storage < 70%,None,Continue Capturing Images,Store additional payload data,No,Low
SCN-02101,Green,Thermal,Capturing Earth Images,Temperature < 45°C,None,Continue Operation,Subsystem remains stable,No,Low
SCN-02102,Green,Thermal,Calibration,Temperature < 45°C,None,Continue Operation,Subsystem remains stable,No,Low
SCN-02103,Red,Power,Orbit Correction,Battery < 20%,Power Failure,Enter Safe Mode,Prevent complete battery depletion,Yes,Critical
SCN-02104,Yellow,Storage,Downlink,Storage 70-90%,Potential Storage Anomaly,Schedule Downlink,Avoid storage overflow,Yes,Medium
SCN-02105,Yellow,Storage,Capturing Earth Images,Storage 70-90%,Potential Storage Anomaly,Schedule Downlink,Avoid storage overflow,Yes,Medium
SCN-02106,Green,Power,Orbit Correction,Battery > 70%,None,Continue Mission,Nominal power operation,No,Low
SCN-02107,Green,Power,Orbit Correction,Solar Output Normal,None,Continue Charging,Battery remains healthy,No,Low
SCN-02108,Yellow,Storage,Calibration,Storage 70-90%,Potential Storage Anomaly,Schedule Downlink,Avoid storage overflow,Yes,Medium
SCN-02109,Green,Thermal,Calibration,Temperature < 45°C,None,Continue Operation,Subsystem remains stable,No,Low
SCN-02110,Yellow,Power,Orbit Correction,Battery 30-70%,Potential Power Anomaly,Reduce Payload Power,Battery drain reduced,Yes,Medium
SCN-02111,Red,Communication,Capturing Earth Images,Communication Lost,Communication Failure,Queue Commands,Resume during next communication window,Yes,Critical
SCN-02112,Yellow,Storage,Idle,Storage 70-90%,Potential Storage Anomaly,Schedule Downlink,Avoid storage overflow,Yes,Medium
SCN-02113,Green,Communication,Downlink,Signal Stable,None,Continue Downlink,Telemetry transmitted successfully,No,Low
SCN-02114,Yellow,Communication,Calibration,Weak Signal,Potential Communication Anomaly,Prepare Next Ground Pass,Avoid communication failure,Yes,Medium
SCN-02115,Green,Power,Idle,Solar Output Normal,None,Continue Charging,Battery remains healthy,No,Low
SCN-02116,Green,Storage,Capturing Earth Images,Storage < 70%,None,Continue Capturing Images,Store additional payload data,No,Low
SCN-02117,Yellow,Payload,Downlink,Camera Temperature Rising,Potential Payload Anomaly,Reduce Image Capture Rate,Prevent camera shutdown,Yes,Medium
SCN-02118,Green,Payload,Capturing Earth Images,Camera Operational,None,Capture Earth Images,Mission objective achieved,No,Low
SCN-02119,Green,Communication,Idle,Signal Stable,None,Continue Downlink,Telemetry transmitted successfully,No,Low
SCN-02120,Yellow,Payload,Orbit Correction,Camera Temperature Rising,Potential Payload Anomaly,Reduce Image Capture Rate,Prevent camera shutdown,Yes,Medium
SCN-02121,Red,Payload,Downlink,Camera Failure,Payload Failure,Restart Camera Module,Restore payload functionality,Yes,Critical
SCN-02122,Green,Payload,Downlink,Camera Operational,None,Capture Earth Images,Mission objective achieved,No,Low
SCN-02123,Red,Thermal,Downlink,Temperature > 70°C,Thermal Failure,Shutdown Payload,Prevent hardware damage,Yes,Critical
SCN-02124,Yellow,Storage,Calibration,Storage 70-90%,Potential Storage Anomaly,Schedule Downlink,Avoid storage overflow,Yes,Medium
SCN-02125,Green,Storage,Downlink,Storage < 70%,None,Continue Capturing Images,Store additional payload data,No,Low
SCN-02126,Green,Thermal,Idle,Temperature < 45°C,None,Continue Operation,Subsystem remains stable,No,Low
SCN-02127,Green,Thermal,Calibration,Temperature < 45°C,None,Continue Operation,Subsystem remains stable,No,Low
SCN-02128,Yellow,Payload,Idle,Camera Temperature Rising,Potential Payload Anomaly,Reduce Image Capture Rate,Prevent camera shutdown,Yes,Medium
SCN-02129,Green,Power,Orbit Correction,Battery > 70%,None,Continue Mission,Nominal power operation,No,Low
SCN-02130,Green,Payload,Capturing Earth Images,Camera Operational,None,Capture Earth Images,Mission objective achieved,No,Low
SCN-02131,Yellow,Power,Downlink,Battery 30-70%,Potential Power Anomaly,Reduce Payload Power,Battery drain reduced,Yes,Medium
SCN-02132,Red,Communication,Calibration,Communication Lost,Communication Failure,Queue Commands,Resume during next communication window,Yes,Critical
SCN-02133,Yellow,Storage,Downlink,Storage 70-90%,Potential Storage Anomaly,Schedule Downlink,Avoid storage overflow,Yes,Medium
SCN-02134,Green,Payload,Downlink,Camera Operational,None,Capture Earth Images,Mission objective achieved,No,Low
SCN-02135,Red,Thermal,Orbit Correction,Temperature > 70°C,Thermal Failure,Shutdown Payload,Prevent hardware damage,Yes,Critical
SCN-02136,Yellow,Communication,Calibration,Weak Signal,Potential Communication Anomaly,Prepare Next Ground Pass,Avoid communication failure,Yes,Medium
SCN-02137,Green,Power,Calibration,Solar Output Normal,None,Continue Charging,Battery remains healthy,No,Low
SCN-02138,Yellow,Power,Calibration,Battery 30-70%,Potential Power Anomaly,Reduce Payload Power,Battery drain reduced,Yes,Medium
SCN-02139,Yellow,Payload,Capturing Earth Images,Camera Temperature Rising,Potential Payload Anomaly,Reduce Image Capture Rate,Prevent camera shutdown,Yes,Medium
SCN-02140,Green,Storage,Downlink,Storage < 70%,None,Continue Capturing Images,Store additional payload data,No,Low
SCN-02141,Green,Thermal,Idle,Temperature < 45°C,None,Continue Operation,Subsystem remains stable,No,Low
SCN-02142,Green,Power,Downlink,Solar Output Normal,None,Continue Charging,Battery remains healthy,No,Low
SCN-02143,Green,Payload,Idle,Camera Operational,None,Capture Earth Images,Mission objective achieved,No,Low
SCN-02144,Green,Thermal,Capturing Earth Images,Temperature < 45°C,None,Continue Operation,Subsystem remains stable,No,Low
SCN-02145,Red,Communication,Orbit Correction,Communication Lost,Communication Failure,Queue Commands,Resume during next communication window,Yes,Critical
SCN-02146,Yellow,Payload,Calibration,Camera Temperature Rising,Potential Payload Anomaly,Reduce Image Capture Rate,Prevent camera shutdown,Yes,Medium
SCN-02147,Green,Power,Idle,Solar Output Normal,None,Continue Charging,Battery remains healthy,No,Low
SCN-02148,Yellow,Payload,Idle,Camera Temperature Rising,Potential Payload Anomaly,Reduce Image Capture Rate,Prevent camera shutdown,Yes,Medium
SCN-02149,Green,Power,Idle,Solar Output Normal,None,Continue Charging,Battery remains healthy,No,Low
SCN-02150,Green,Power,Idle,Solar Output Normal,None,Continue Charging,Battery remains healthy,No,Low
SCN-02151,Red,Thermal,Capturing Earth Images,Temperature > 70°C,Thermal Failure,Shutdown Payload,Prevent hardware damage,Yes,Critical
SCN-02152,Yellow,Communication,Capturing Earth Images,Weak Signal,Potential Communication Anomaly,Prepare Next Ground Pass,Avoid communication failure,Yes,Medium
SCN-02153,Green,Storage,Orbit Correction,Storage < 70%,None,Continue Capturing Images,Store additional payload data,No,Low
SCN-02154,Green,Storage,Capturing Earth Images,Storage < 70%,None,Continue Capturing Images,Store additional payload data,No,Low
SCN-02155,Green,Communication,Orbit Correction,Signal Stable,None,Continue Downlink,Telemetry transmitted successfully,No,Low
SCN-02156,Green,Payload,Downlink,Camera Operational,None,Capture Earth Images,Mission objective achieved,No,Low
SCN-02157,Red,Power,Orbit Correction,Solar Panel Failure,Power Failure,Disable Payload,Reduce power consumption,Yes,Critical
SCN-02158,Green,Thermal,Capturing Earth Images,Temperature < 45°C,None,Continue Operation,Subsystem remains stable,No,Low
SCN-02159,Yellow,Payload,Calibration,Camera Temperature Rising,Potential Payload Anomaly,Reduce Image Capture Rate,Prevent camera shutdown,Yes,Medium
SCN-02160,Green,Power,Capturing Earth Images,Battery > 70%,None,Continue Mission,Nominal power operation,No,Low
SCN-02161,Green,Thermal,Orbit Correction,Temperature < 45°C,None,Continue Operation,Subsystem remains stable,No,Low
SCN-02162,Red,Communication,Idle,Communication Lost,Communication Failure,Queue Commands,Resume during next communication window,Yes,Critical
SCN-02163,Red,Power,Capturing Earth Images,Solar Panel Failure,Power Failure,Disable Payload,Reduce power consumption,Yes,Critical
SCN-02164,Green,Power,Orbit Correction,Solar Output Normal,None,Continue Charging,Battery remains healthy,No,Low
SCN-02165,Green,Thermal,Calibration,Temperature < 45°C,None,Continue Operation,Subsystem remains stable,No,Low
SCN-02166,Green,Power,Capturing Earth Images,Battery > 70%,None,Continue Mission,Nominal power operation,No,Low
SCN-02167,Green,Thermal,Calibration,Temperature < 45°C,None,Continue Operation,Subsystem remains stable,No,Low
SCN-02168,Green,Power,Calibration,Solar Output Normal,None,Continue Charging,Battery remains healthy,No,Low
SCN-02169,Green,Thermal,Capturing Earth Images,Temperature < 45°C,None,Continue Operation,Subsystem remains stable,No,Low
SCN-02170,Green,Storage,Downlink,Storage < 70%,None,Continue Capturing Images,Store additional payload data,No,Low
SCN-02171,Yellow,Communication,Orbit Correction,Weak Signal,Potential Communication Anomaly,Prepare Next Ground Pass,Avoid communication failure,Yes,Medium
SCN-02172,Yellow,Communication,Idle,Weak Signal,Potential Communication Anomaly,Prepare Next Ground Pass,Avoid communication failure,Yes,Medium
SCN-02173,Yellow,Payload,Capturing Earth Images,Camera Temperature Rising,Potential Payload Anomaly,Reduce Image Capture Rate,Prevent camera shutdown,Yes,Medium
SCN-02174,Green,Thermal,Orbit Correction,Temperature < 45°C,None,Continue Operation,Subsystem remains stable,No,Low
SCN-02175,Green,Communication,Capturing Earth Images,Signal Stable,None,Continue Downlink,Telemetry transmitted successfully,No,Low
SCN-02176,Green,Communication,Idle,Signal Stable,None,Continue Downlink,Telemetry transmitted successfully,No,Low
SCN-02177,Green,Thermal,Downlink,Temperature < 45°C,None,Continue Operation,Subsystem remains stable,No,Low
SCN-02178,Yellow,Payload,Idle,Camera Temperature Rising,Potential Payload Anomaly,Reduce Image Capture Rate,Prevent camera shutdown,Yes,Medium
SCN-02179,Red,Storage,Calibration,Storage > 95%,Storage Failure,Stop Image Capture and Downlink,Free storage space,Yes,Critical
SCN-02180,Yellow,Power,Calibration,Battery 30-70%,Potential Power Anomaly,Reduce Payload Power,Battery drain reduced,Yes,Medium
SCN-02181,Red,Power,Downlink,Solar Panel Failure,Power Failure,Disable Payload,Reduce power consumption,Yes,Critical
SCN-02182,Green,Communication,Downlink,Signal Stable,None,Continue Downlink,Telemetry transmitted successfully,No,Low
SCN-02183,Green,Power,Downlink,Battery > 70%,None,Continue Mission,Nominal power operation,No,Low
SCN-02184,Yellow,Payload,Orbit Correction,Camera Temperature Rising,Potential Payload Anomaly,Reduce Image Capture Rate,Prevent camera shutdown,Yes,Medium
SCN-02185,Green,Storage,Calibration,Storage < 70%,None,Continue Capturing Images,Store additional payload data,No,Low
SCN-02186,Green,Communication,Capturing Earth Images,Signal Stable,None,Continue Downlink,Telemetry transmitted successfully,No,Low
SCN-02187,Yellow,Communication,Calibration,Weak Signal,Potential Communication Anomaly,Prepare Next Ground Pass,Avoid communication failure,Yes,Medium
SCN-02188,Green,Storage,Downlink,Storage < 70%,None,Continue Capturing Images,Store additional payload data,No,Low
SCN-02189,Yellow,Thermal,Orbit Correction,Temperature 45-65°C,Potential Thermal Anomaly,Reduce CPU Load,Prevent overheating,Yes,Medium
SCN-02190,Green,Thermal,Orbit Correction,Temperature < 45°C,None,Continue Operation,Subsystem remains stable,No,Low
SCN-02191,Green,Thermal,Idle,Temperature < 45°C,None,Continue Operation,Subsystem remains stable,No,Low
SCN-02192,Green,Thermal,Idle,Temperature < 45°C,None,Continue Operation,Subsystem remains stable,No,Low
SCN-02193,Green,Payload,Calibration,Camera Operational,None,Capture Earth Images,Mission objective achieved,No,Low
SCN-02194,Green,Power,Downlink,Solar Output Normal,None,Continue Charging,Battery remains healthy,No,Low
SCN-02195,Yellow,Thermal,Calibration,Temperature 45-65°C,Potential Thermal Anomaly,Reduce CPU Load,Prevent overheating,Yes,Medium
SCN-02196,Red,Power,Capturing Earth Images,Solar Panel Failure,Power Failure,Disable Payload,Reduce power consumption,Yes,Critical
SCN-02197,Yellow,Storage,Downlink,Storage 70-90%,Potential Storage Anomaly,Schedule Downlink,Avoid storage overflow,Yes,Medium
SCN-02198,Red,Storage,Orbit Correction,Storage > 95%,Storage Failure,Stop Image Capture and Downlink,Free storage space,Yes,Critical
SCN-02199,Green,Power,Orbit Correction,Battery > 70%,None,Continue Mission,Nominal power operation,No,Low
SCN-02200,Yellow,Communication,Downlink,Weak Signal,Potential Communication Anomaly,Prepare Next Ground Pass,Avoid communication failure,Yes,Medium
SCN-02201,Green,Power,Calibration,Solar Output Normal,None,Continue Charging,Battery remains healthy,No,Low
SCN-02202,Yellow,Thermal,Calibration,Temperature 45-65°C,Potential Thermal Anomaly,Reduce CPU Load,Prevent overheating,Yes,Medium
SCN-02203,Green,Payload,Capturing Earth Images,Camera Operational,None,Capture Earth Images,Mission objective achieved,No,Low
SCN-02204,Red,Communication,Capturing Earth Images,Communication Lost,Communication Failure,Queue Commands,Resume during next communication window,Yes,Critical
SCN-02205,Yellow,Thermal,Orbit Correction,Temperature 45-65°C,Potential Thermal Anomaly,Reduce CPU Load,Prevent overheating,Yes,Medium
SCN-02206,Yellow,Communication,Idle,Weak Signal,Potential Communication Anomaly,Prepare Next Ground Pass,Avoid communication failure,Yes,Medium
SCN-02207,Green,Storage,Calibration,Storage < 70%,None,Continue Capturing Images,Store additional payload data,No,Low
SCN-02208,Yellow,Communication,Idle,Weak Signal,Potential Communication Anomaly,Prepare Next Ground Pass,Avoid communication failure,Yes,Medium
SCN-02209,Green,Thermal,Orbit Correction,Temperature < 45°C,None,Continue Operation,Subsystem remains stable,No,Low
SCN-02210,Green,Payload,Capturing Earth Images,Camera Operational,None,Capture Earth Images,Mission objective achieved,No,Low
SCN-02211,Green,Power,Capturing Earth Images,Solar Output Normal,None,Continue Charging,Battery remains healthy,No,Low
SCN-02212,Yellow,Payload,Downlink,Camera Temperature Rising,Potential Payload Anomaly,Reduce Image Capture Rate,Prevent camera shutdown,Yes,Medium
SCN-02213,Green,Storage,Idle,Storage < 70%,None,Continue Capturing Images,Store additional payload data,No,Low
SCN-02214,Red,Thermal,Downlink,Temperature > 70°C,Thermal Failure,Shutdown Payload,Prevent hardware damage,Yes,Critical
SCN-02215,Green,Thermal,Calibration,Temperature < 45°C,None,Continue Operation,Subsystem remains stable,No,Low
SCN-02216,Green,Thermal,Capturing Earth Images,Temperature < 45°C,None,Continue Operation,Subsystem remains stable,No,Low
SCN-02217,Green,Thermal,Calibration,Temperature < 45°C,None,Continue Operation,Subsystem remains stable,No,Low
SCN-02218,Red,Power,Calibration,Battery < 20%,Power Failure,Enter Safe Mode,Prevent complete battery depletion,Yes,Critical
SCN-02219,Green,Communication,Orbit Correction,Signal Stable,None,Continue Downlink,Telemetry transmitted successfully,No,Low
SCN-02220,Green,Storage,Calibration,Storage < 70%,None,Continue Capturing Images,Store additional payload data,No,Low
SCN-02221,Green,Payload,Idle,Camera Operational,None,Capture Earth Images,Mission objective achieved,No,Low
SCN-02222,Red,Storage,Capturing Earth Images,Storage > 95%,Storage Failure,Stop Image Capture and Downlink,Free storage space,Yes,Critical
SCN-02223,Green,Communication,Downlink,Signal Stable,None,Continue Downlink,Telemetry transmitted successfully,No,Low
SCN-02224,Yellow,Storage,Calibration,Storage 70-90%,Potential Storage Anomaly,Schedule Downlink,Avoid storage overflow,Yes,Medium
SCN-02225,Green,Thermal,Calibration,Temperature < 45°C,None,Continue Operation,Subsystem remains stable,No,Low
SCN-02226,Green,Communication,Idle,Signal Stable,None,Continue Downlink,Telemetry transmitted successfully,No,Low
SCN-02227,Green,Power,Calibration,Solar Output Normal,None,Continue Charging,Battery remains healthy,No,Low
SCN-02228,Green,Communication,Calibration,Signal Stable,None,Continue Downlink,Telemetry transmitted successfully,No,Low
SCN-02229,Green,Communication,Downlink,Signal Stable,None,Continue Downlink,Telemetry transmitted successfully,No,Low
SCN-02230,Yellow,Communication,Orbit Correction,Weak Signal,Potential Communication Anomaly,Prepare Next Ground Pass,Avoid communication failure,Yes,Medium
SCN-02231,Green,Thermal,Downlink,Temperature < 45°C,None,Continue Operation,Subsystem remains stable,No,Low
SCN-02232,Green,Thermal,Idle,Temperature < 45°C,None,Continue Operation,Subsystem remains stable,No,Low
SCN-02233,Green,Thermal,Downlink,Temperature < 45°C,None,Continue Operation,Subsystem remains stable,No,Low
SCN-02234,Yellow,Communication,Calibration,Weak Signal,Potential Communication Anomaly,Prepare Next Ground Pass,Avoid communication failure,Yes,Medium
SCN-02235,Green,Communication,Capturing Earth Images,Signal Stable,None,Continue Downlink,Telemetry transmitted successfully,No,Low
SCN-02236,Red,Communication,Downlink,Communication Lost,Communication Failure,Queue Commands,Resume during next communication window,Yes,Critical
SCN-02237,Green,Payload,Capturing Earth Images,Camera Operational,None,Capture Earth Images,Mission objective achieved,No,Low
SCN-02238,Yellow,Storage,Capturing Earth Images,Storage 70-90%,Potential Storage Anomaly,Schedule Downlink,Avoid storage overflow,Yes,Medium
SCN-02239,Green,Power,Orbit Correction,Solar Output Normal,None,Continue Charging,Battery remains healthy,No,Low
SCN-02240,Yellow,Storage,Idle,Storage 70-90%,Potential Storage Anomaly,Schedule Downlink,Avoid storage overflow,Yes,Medium
SCN-02241,Green,Communication,Calibration,Signal Stable,None,Continue Downlink,Telemetry transmitted successfully,No,Low
SCN-02242,Green,Communication,Downlink,Signal Stable,None,Continue Downlink,Telemetry transmitted successfully,No,Low
SCN-02243,Green,Payload,Downlink,Camera Operational,None,Capture Earth Images,Mission objective achieved,No,Low
SCN-02244,Red,Thermal,Calibration,Temperature > 70°C,Thermal Failure,Shutdown Payload,Prevent hardware damage,Yes,Critical
SCN-02245,Green,Thermal,Idle,Temperature < 45°C,None,Continue Operation,Subsystem remains stable,No,Low
SCN-02246,Red,Power,Idle,Solar Panel Failure,Power Failure,Disable Payload,Reduce power consumption,Yes,Critical
SCN-02247,Red,Storage,Calibration,Storage > 95%,Storage Failure,Stop Image Capture and Downlink,Free storage space,Yes,Critical
SCN-02248,Green,Payload,Idle,Camera Operational,None,Capture Earth Images,Mission objective achieved,No,Low
SCN-02249,Green,Thermal,Downlink,Temperature < 45°C,None,Continue Operation,Subsystem remains stable,No,Low
SCN-02250,Green,Thermal,Idle,Temperature < 45°C,None,Continue Operation,Subsystem remains stable,No,Low
SCN-02251,Green,Payload,Idle,Camera Operational,None,Capture Earth Images,Mission objective achieved,No,Low
SCN-02252,Yellow,Communication,Downlink,Weak Signal,Potential Communication Anomaly,Prepare Next Ground Pass,Avoid communication failure,Yes,Medium
SCN-02253,Green,Thermal,Downlink,Temperature < 45°C,None,Continue Operation,Subsystem remains stable,No,Low
SCN-02254,Green,Communication,Capturing Earth Images,Signal Stable,None,Continue Downlink,Telemetry transmitted successfully,No,Low
SCN-02255,Red,Thermal,Capturing Earth Images,Temperature > 70°C,Thermal Failure,Shutdown Payload,Prevent hardware damage,Yes,Critical
SCN-02256,Green,Power,Calibration,Battery > 70%,None,Continue Mission,Nominal power operation,No,Low
SCN-02257,Green,Payload,Idle,Camera Operational,None,Capture Earth Images,Mission objective achieved,No,Low
SCN-02258,Yellow,Power,Capturing Earth Images,Solar Output Low,Potential Power Anomaly,Rotate Solar Panels,Increase charging efficiency,Yes,Medium
SCN-02259,Green,Power,Calibration,Battery > 70%,None,Continue Mission,Nominal power operation,No,Low
SCN-02260,Red,Storage,Orbit Correction,Storage > 95%,Storage Failure,Stop Image Capture and Downlink,Free storage space,Yes,Critical
SCN-02261,Green,Payload,Capturing Earth Images,Camera Operational,None,Capture Earth Images,Mission objective achieved,No,Low
SCN-02262,Green,Storage,Capturing Earth Images,Storage < 70%,None,Continue Capturing Images,Store additional payload data,No,Low
SCN-02263,Green,Thermal,Calibration,Temperature < 45°C,None,Continue Operation,Subsystem remains stable,No,Low
SCN-02264,Green,Payload,Capturing Earth Images,Camera Operational,None,Capture Earth Images,Mission objective achieved,No,Low
SCN-02265,Green,Communication,Calibration,Signal Stable,None,Continue Downlink,Telemetry transmitted successfully,No,Low
SCN-02266,Green,Communication,Idle,Signal Stable,None,Continue Downlink,Telemetry transmitted successfully,No,Low
SCN-02267,Green,Communication,Capturing Earth Images,Signal Stable,None,Continue Downlink,Telemetry transmitted successfully,No,Low
SCN-02268,Yellow,Communication,Orbit Correction,Weak Signal,Potential Communication Anomaly,Prepare Next Ground Pass,Avoid communication failure,Yes,Medium
SCN-02269,Green,Communication,Calibration,Signal Stable,None,Continue Downlink,Telemetry transmitted successfully,No,Low
SCN-02270,Green,Power,Capturing Earth Images,Battery > 70%,None,Continue Mission,Nominal power operation,No,Low
SCN-02271,Red,Payload,Idle,Camera Failure,Payload Failure,Restart Camera Module,Restore payload functionality,Yes,Critical
SCN-02272,Green,Power,Idle,Solar Output Normal,None,Continue Charging,Battery remains healthy,No,Low
SCN-02273,Green,Payload,Orbit Correction,Camera Operational,None,Capture Earth Images,Mission objective achieved,No,Low
SCN-02274,Yellow,Power,Calibration,Battery 30-70%,Potential Power Anomaly,Reduce Payload Power,Battery drain reduced,Yes,Medium
SCN-02275,Yellow,Thermal,Downlink,Temperature 45-65°C,Potential Thermal Anomaly,Reduce CPU Load,Prevent overheating,Yes,Medium
SCN-02276,Green,Thermal,Idle,Temperature < 45°C,None,Continue Operation,Subsystem remains stable,No,Low
SCN-02277,Green,Payload,Idle,Camera Operational,None,Capture Earth Images,Mission objective achieved,No,Low
SCN-02278,Green,Power,Calibration,Battery > 70%,None,Continue Mission,Nominal power operation,No,Low
SCN-02279,Yellow,Communication,Capturing Earth Images,Weak Signal,Potential Communication Anomaly,Prepare Next Ground Pass,Avoid communication failure,Yes,Medium
SCN-02280,Green,Storage,Downlink,Storage < 70%,None,Continue Capturing Images,Store additional payload data,No,Low
SCN-02281,Yellow,Payload,Calibration,Camera Temperature Rising,Potential Payload Anomaly,Reduce Image Capture Rate,Prevent camera shutdown,Yes,Medium
SCN-02282,Green,Thermal,Calibration,Temperature < 45°C,None,Continue Operation,Subsystem remains stable,No,Low
SCN-02283,Green,Power,Downlink,Solar Output Normal,None,Continue Charging,Battery remains healthy,No,Low
SCN-02284,Green,Thermal,Downlink,Temperature < 45°C,None,Continue Operation,Subsystem remains stable,No,Low
SCN-02285,Red,Storage,Capturing Earth Images,Storage > 95%,Storage Failure,Stop Image Capture and Downlink,Free storage space,Yes,Critical
SCN-02286,Green,Payload,Capturing Earth Images,Camera Operational,None,Capture Earth Images,Mission objective achieved,No,Low
SCN-02287,Green,Thermal,Orbit Correction,Temperature < 45°C,None,Continue Operation,Subsystem remains stable,No,Low
SCN-02288,Green,Power,Downlink,Solar Output Normal,None,Continue Charging,Battery remains healthy,No,Low
SCN-02289,Green,Thermal,Idle,Temperature < 45°C,None,Continue Operation,Subsystem remains stable,No,Low
SCN-02290,Green,Thermal,Downlink,Temperature < 45°C,None,Continue Operation,Subsystem remains stable,No,Low
SCN-02291,Green,Power,Capturing Earth Images,Solar Output Normal,None,Continue Charging,Battery remains healthy,No,Low
SCN-02292,Green,Storage,Calibration,Storage < 70%,None,Continue Capturing Images,Store additional payload data,No,Low
SCN-02293,Yellow,Payload,Idle,Camera Temperature Rising,Potential Payload Anomaly,Reduce Image Capture Rate,Prevent camera shutdown,Yes,Medium
SCN-02294,Green,Power,Capturing Earth Images,Battery > 70%,None,Continue Mission,Nominal power operation,No,Low
SCN-02295,Yellow,Payload,Calibration,Camera Temperature Rising,Potential Payload Anomaly,Reduce Image Capture Rate,Prevent camera shutdown,Yes,Medium
SCN-02296,Green,Payload,Downlink,Camera Operational,None,Capture Earth Images,Mission objective achieved,No,Low
SCN-02297,Green,Communication,Downlink,Signal Stable,None,Continue Downlink,Telemetry transmitted successfully,No,Low
SCN-02298,Green,Payload,Orbit Correction,Camera Operational,None,Capture Earth Images,Mission objective achieved,No,Low
SCN-02299,Green,Thermal,Capturing Earth Images,Temperature < 45°C,None,Continue Operation,Subsystem remains stable,No,Low
SCN-02300,Green,Thermal,Calibration,Temperature < 45°C,None,Continue Operation,Subsystem remains stable,No,Low
SCN-02301,Green,Power,Orbit Correction,Solar Output Normal,None,Continue Charging,Battery remains healthy,No,Low
SCN-02302,Red,Payload,Downlink,Camera Failure,Payload Failure,Restart Camera Module,Restore payload functionality,Yes,Critical
SCN-02303,Green,Power,Orbit Correction,Solar Output Normal,None,Continue Charging,Battery remains healthy,No,Low
SCN-02304,Green,Payload,Calibration,Camera Operational,None,Capture Earth Images,Mission objective achieved,No,Low
SCN-02305,Red,Power,Idle,Solar Panel Failure,Power Failure,Disable Payload,Reduce power consumption,Yes,Critical
SCN-02306,Yellow,Power,Capturing Earth Images,Battery 30-70%,Potential Power Anomaly,Reduce Payload Power,Battery drain reduced,Yes,Medium
SCN-02307,Red,Power,Downlink,Solar Panel Failure,Power Failure,Disable Payload,Reduce power consumption,Yes,Critical
SCN-02308,Red,Payload,Idle,Camera Failure,Payload Failure,Restart Camera Module,Restore payload functionality,Yes,Critical
SCN-02309,Green,Thermal,Capturing Earth Images,Temperature < 45°C,None,Continue Operation,Subsystem remains stable,No,Low
SCN-02310,Red,Storage,Downlink,Storage > 95%,Storage Failure,Stop Image Capture and Downlink,Free storage space,Yes,Critical
SCN-02311,Green,Thermal,Idle,Temperature < 45°C,None,Continue Operation,Subsystem remains stable,No,Low
SCN-02312,Green,Storage,Capturing Earth Images,Storage < 70%,None,Continue Capturing Images,Store additional payload data,No,Low
SCN-02313,Yellow,Communication,Downlink,Weak Signal,Potential Communication Anomaly,Prepare Next Ground Pass,Avoid communication failure,Yes,Medium
SCN-02314,Red,Communication,Orbit Correction,Communication Lost,Communication Failure,Queue Commands,Resume during next communication window,Yes,Critical
SCN-02315,Green,Storage,Orbit Correction,Storage < 70%,None,Continue Capturing Images,Store additional payload data,No,Low
SCN-02316,Green,Thermal,Calibration,Temperature < 45°C,None,Continue Operation,Subsystem remains stable,No,Low
SCN-02317,Yellow,Communication,Calibration,Weak Signal,Potential Communication Anomaly,Prepare Next Ground Pass,Avoid communication failure,Yes,Medium
SCN-02318,Green,Power,Idle,Solar Output Normal,None,Continue Charging,Battery remains healthy,No,Low
SCN-02319,Red,Power,Orbit Correction,Battery < 20%,Power Failure,Enter Safe Mode,Prevent complete battery depletion,Yes,Critical
SCN-02320,Green,Storage,Downlink,Storage < 70%,None,Continue Capturing Images,Store additional payload data,No,Low
SCN-02321,Yellow,Storage,Calibration,Storage 70-90%,Potential Storage Anomaly,Schedule Downlink,Avoid storage overflow,Yes,Medium
SCN-02322,Red,Power,Capturing Earth Images,Solar Panel Failure,Power Failure,Disable Payload,Reduce power consumption,Yes,Critical
SCN-02323,Green,Power,Calibration,Solar Output Normal,None,Continue Charging,Battery remains healthy,No,Low
SCN-02324,Yellow,Power,Downlink,Solar Output Low,Potential Power Anomaly,Rotate Solar Panels,Increase charging efficiency,Yes,Medium
SCN-02325,Green,Storage,Orbit Correction,Storage < 70%,None,Continue Capturing Images,Store additional payload data,No,Low
SCN-02326,Green,Storage,Downlink,Storage < 70%,None,Continue Capturing Images,Store additional payload data,No,Low
SCN-02327,Green,Communication,Capturing Earth Images,Signal Stable,None,Continue Downlink,Telemetry transmitted successfully,No,Low
SCN-02328,Yellow,Communication,Downlink,Weak Signal,Potential Communication Anomaly,Prepare Next Ground Pass,Avoid communication failure,Yes,Medium
SCN-02329,Yellow,Communication,Idle,Weak Signal,Potential Communication Anomaly,Prepare Next Ground Pass,Avoid communication failure,Yes,Medium
SCN-02330,Green,Thermal,Orbit Correction,Temperature < 45°C,None,Continue Operation,Subsystem remains stable,No,Low
SCN-02331,Yellow,Power,Idle,Solar Output Low,Potential Power Anomaly,Rotate Solar Panels,Increase charging efficiency,Yes,Medium
SCN-02332,Red,Payload,Calibration,Camera Failure,Payload Failure,Restart Camera Module,Restore payload functionality,Yes,Critical
SCN-02333,Green,Communication,Orbit Correction,Signal Stable,None,Continue Downlink,Telemetry transmitted successfully,No,Low
SCN-02334,Green,Communication,Downlink,Signal Stable,None,Continue Downlink,Telemetry transmitted successfully,No,Low
SCN-02335,Red,Thermal,Calibration,Temperature > 70°C,Thermal Failure,Shutdown Payload,Prevent hardware damage,Yes,Critical
SCN-02336,Yellow,Payload,Calibration,Camera Temperature Rising,Potential Payload Anomaly,Reduce Image Capture Rate,Prevent camera shutdown,Yes,Medium
SCN-02337,Green,Storage,Downlink,Storage < 70%,None,Continue Capturing Images,Store additional payload data,No,Low
SCN-02338,Green,Payload,Orbit Correction,Camera Operational,None,Capture Earth Images,Mission objective achieved,No,Low
SCN-02339,Green,Storage,Idle,Storage < 70%,None,Continue Capturing Images,Store additional payload data,No,Low
SCN-02340,Red,Power,Orbit Correction,Battery < 20%,Power Failure,Enter Safe Mode,Prevent complete battery depletion,Yes,Critical
SCN-02341,Red,Payload,Capturing Earth Images,Camera Failure,Payload Failure,Restart Camera Module,Restore payload functionality,Yes,Critical
SCN-02342,Yellow,Storage,Capturing Earth Images,Storage 70-90%,Potential Storage Anomaly,Schedule Downlink,Avoid storage overflow,Yes,Medium
SCN-02343,Green,Payload,Idle,Camera Operational,None,Capture Earth Images,Mission objective achieved,No,Low
SCN-02344,Green,Communication,Idle,Signal Stable,None,Continue Downlink,Telemetry transmitted successfully,No,Low
SCN-02345,Green,Payload,Capturing Earth Images,Camera Operational,None,Capture Earth Images,Mission objective achieved,No,Low
SCN-02346,Green,Payload,Calibration,Camera Operational,None,Capture Earth Images,Mission objective achieved,No,Low
SCN-02347,Yellow,Thermal,Calibration,Temperature 45-65°C,Potential Thermal Anomaly,Reduce CPU Load,Prevent overheating,Yes,Medium
SCN-02348,Green,Power,Orbit Correction,Battery > 70%,None,Continue Mission,Nominal power operation,No,Low
SCN-02349,Yellow,Power,Orbit Correction,Solar Output Low,Potential Power Anomaly,Rotate Solar Panels,Increase charging efficiency,Yes,Medium
SCN-02350,Green,Thermal,Calibration,Temperature < 45°C,None,Continue Operation,Subsystem remains stable,No,Low
SCN-02351,Green,Power,Idle,Battery > 70%,None,Continue Mission,Nominal power operation,No,Low
SCN-02352,Green,Communication,Capturing Earth Images,Signal Stable,None,Continue Downlink,Telemetry transmitted successfully,No,Low
SCN-02353,Green,Storage,Capturing Earth Images,Storage < 70%,None,Continue Capturing Images,Store additional payload data,No,Low
SCN-02354,Green,Thermal,Orbit Correction,Temperature < 45°C,None,Continue Operation,Subsystem remains stable,No,Low
SCN-02355,Green,Payload,Capturing Earth Images,Camera Operational,None,Capture Earth Images,Mission objective achieved,No,Low
SCN-02356,Green,Power,Orbit Correction,Battery > 70%,None,Continue Mission,Nominal power operation,No,Low
SCN-02357,Green,Payload,Capturing Earth Images,Camera Operational,None,Capture Earth Images,Mission objective achieved,No,Low
SCN-02358,Red,Power,Orbit Correction,Battery < 20%,Power Failure,Enter Safe Mode,Prevent complete battery depletion,Yes,Critical
SCN-02359,Green,Thermal,Calibration,Temperature < 45°C,None,Continue Operation,Subsystem remains stable,No,Low
SCN-02360,Yellow,Power,Idle,Solar Output Low,Potential Power Anomaly,Rotate Solar Panels,Increase charging efficiency,Yes,Medium
SCN-02361,Green,Payload,Idle,Camera Operational,None,Capture Earth Images,Mission objective achieved,No,Low
SCN-02362,Green,Communication,Idle,Signal Stable,None,Continue Downlink,Telemetry transmitted successfully,No,Low
SCN-02363,Green,Storage,Idle,Storage < 70%,None,Continue Capturing Images,Store additional payload data,No,Low
SCN-02364,Yellow,Payload,Idle,Camera Temperature Rising,Potential Payload Anomaly,Reduce Image Capture Rate,Prevent camera shutdown,Yes,Medium
SCN-02365,Green,Communication,Calibration,Signal Stable,None,Continue Downlink,Telemetry transmitted successfully,No,Low
SCN-02366,Green,Communication,Orbit Correction,Signal Stable,None,Continue Downlink,Telemetry transmitted successfully,No,Low
SCN-02367,Yellow,Power,Idle,Solar Output Low,Potential Power Anomaly,Rotate Solar Panels,Increase charging efficiency,Yes,Medium
SCN-02368,Yellow,Thermal,Orbit Correction,Temperature 45-65°C,Potential Thermal Anomaly,Reduce CPU Load,Prevent overheating,Yes,Medium
SCN-02369,Red,Communication,Capturing Earth Images,Communication Lost,Communication Failure,Queue Commands,Resume during next communication window,Yes,Critical
SCN-02370,Yellow,Power,Downlink,Battery 30-70%,Potential Power Anomaly,Reduce Payload Power,Battery drain reduced,Yes,Medium
SCN-02371,Green,Communication,Capturing Earth Images,Signal Stable,None,Continue Downlink,Telemetry transmitted successfully,No,Low
SCN-02372,Red,Power,Downlink,Battery < 20%,Power Failure,Enter Safe Mode,Prevent complete battery depletion,Yes,Critical
SCN-02373,Green,Communication,Downlink,Signal Stable,None,Continue Downlink,Telemetry transmitted successfully,No,Low
SCN-02374,Red,Storage,Calibration,Storage > 95%,Storage Failure,Stop Image Capture and Downlink,Free storage space,Yes,Critical
SCN-02375,Green,Storage,Orbit Correction,Storage < 70%,None,Continue Capturing Images,Store additional payload data,No,Low
SCN-02376,Yellow,Payload,Downlink,Camera Temperature Rising,Potential Payload Anomaly,Reduce Image Capture Rate,Prevent camera shutdown,Yes,Medium
SCN-02377,Yellow,Power,Calibration,Battery 30-70%,Potential Power Anomaly,Reduce Payload Power,Battery drain reduced,Yes,Medium
SCN-02378,Green,Payload,Capturing Earth Images,Camera Operational,None,Capture Earth Images,Mission objective achieved,No,Low
SCN-02379,Green,Power,Orbit Correction,Battery > 70%,None,Continue Mission,Nominal power operation,No,Low
SCN-02380,Green,Power,Calibration,Solar Output Normal,None,Continue Charging,Battery remains healthy,No,Low
SCN-02381,Green,Payload,Capturing Earth Images,Camera Operational,None,Capture Earth Images,Mission objective achieved,No,Low
SCN-02382,Green,Power,Calibration,Solar Output Normal,None,Continue Charging,Battery remains healthy,No,Low
SCN-02383,Green,Communication,Orbit Correction,Signal Stable,None,Continue Downlink,Telemetry transmitted successfully,No,Low
SCN-02384,Green,Power,Calibration,Solar Output Normal,None,Continue Charging,Battery remains healthy,No,Low
SCN-02385,Green,Storage,Idle,Storage < 70%,None,Continue Capturing Images,Store additional payload data,No,Low
SCN-02386,Green,Storage,Downlink,Storage < 70%,None,Continue Capturing Images,Store additional payload data,No,Low
SCN-02387,Green,Storage,Idle,Storage < 70%,None,Continue Capturing Images,Store additional payload data,No,Low
SCN-02388,Yellow,Thermal,Orbit Correction,Temperature 45-65°C,Potential Thermal Anomaly,Reduce CPU Load,Prevent overheating,Yes,Medium
SCN-02389,Green,Payload,Capturing Earth Images,Camera Operational,None,Capture Earth Images,Mission objective achieved,No,Low
SCN-02390,Red,Communication,Calibration,Communication Lost,Communication Failure,Queue Commands,Resume during next communication window,Yes,Critical
SCN-02391,Green,Storage,Downlink,Storage < 70%,None,Continue Capturing Images,Store additional payload data,No,Low
SCN-02392,Green,Power,Orbit Correction,Solar Output Normal,None,Continue Charging,Battery remains healthy,No,Low
SCN-02393,Green,Thermal,Downlink,Temperature < 45°C,None,Continue Operation,Subsystem remains stable,No,Low
SCN-02394,Yellow,Power,Capturing Earth Images,Battery 30-70%,Potential Power Anomaly,Reduce Payload Power,Battery drain reduced,Yes,Medium
SCN-02395,Green,Communication,Capturing Earth Images,Signal Stable,None,Continue Downlink,Telemetry transmitted successfully,No,Low
SCN-02396,Yellow,Communication,Orbit Correction,Weak Signal,Potential Communication Anomaly,Prepare Next Ground Pass,Avoid communication failure,Yes,Medium
SCN-02397,Green,Power,Idle,Battery > 70%,None,Continue Mission,Nominal power operation,No,Low
SCN-02398,Yellow,Communication,Capturing Earth Images,Weak Signal,Potential Communication Anomaly,Prepare Next Ground Pass,Avoid communication failure,Yes,Medium
SCN-02399,Yellow,Communication,Calibration,Weak Signal,Potential Communication Anomaly,Prepare Next Ground Pass,Avoid communication failure,Yes,Medium
SCN-02400,Yellow,Power,Calibration,Battery 30-70%,Potential Power Anomaly,Reduce Payload Power,Battery drain reduced,Yes,Medium
SCN-02401,Green,Payload,Orbit Correction,Camera Operational,None,Capture Earth Images,Mission objective achieved,No,Low
SCN-02402,Green,Power,Orbit Correction,Solar Output Normal,None,Continue Charging,Battery remains healthy,No,Low
SCN-02403,Green,Power,Capturing Earth Images,Battery > 70%,None,Continue Mission,Nominal power operation,No,Low
SCN-02404,Green,Power,Orbit Correction,Battery > 70%,None,Continue Mission,Nominal power operation,No,Low
SCN-02405,Green,Power,Capturing Earth Images,Battery > 70%,None,Continue Mission,Nominal power operation,No,Low
SCN-02406,Yellow,Communication,Downlink,Weak Signal,Potential Communication Anomaly,Prepare Next Ground Pass,Avoid communication failure,Yes,Medium
SCN-02407,Green,Payload,Downlink,Camera Operational,None,Capture Earth Images,Mission objective achieved,No,Low
SCN-02408,Green,Power,Idle,Solar Output Normal,None,Continue Charging,Battery remains healthy,No,Low
SCN-02409,Red,Communication,Capturing Earth Images,Communication Lost,Communication Failure,Queue Commands,Resume during next communication window,Yes,Critical
SCN-02410,Green,Storage,Calibration,Storage < 70%,None,Continue Capturing Images,Store additional payload data,No,Low
SCN-02411,Yellow,Payload,Capturing Earth Images,Camera Temperature Rising,Potential Payload Anomaly,Reduce Image Capture Rate,Prevent camera shutdown,Yes,Medium
SCN-02412,Green,Storage,Calibration,Storage < 70%,None,Continue Capturing Images,Store additional payload data,No,Low
SCN-02413,Green,Storage,Calibration,Storage < 70%,None,Continue Capturing Images,Store additional payload data,No,Low
SCN-02414,Red,Thermal,Capturing Earth Images,Temperature > 70°C,Thermal Failure,Shutdown Payload,Prevent hardware damage,Yes,Critical
SCN-02415,Green,Power,Downlink,Battery > 70%,None,Continue Mission,Nominal power operation,No,Low
SCN-02416,Yellow,Storage,Calibration,Storage 70-90%,Potential Storage Anomaly,Schedule Downlink,Avoid storage overflow,Yes,Medium
SCN-02417,Green,Storage,Orbit Correction,Storage < 70%,None,Continue Capturing Images,Store additional payload data,No,Low
SCN-02418,Green,Storage,Orbit Correction,Storage < 70%,None,Continue Capturing Images,Store additional payload data,No,Low
SCN-02419,Green,Storage,Calibration,Storage < 70%,None,Continue Capturing Images,Store additional payload data,No,Low
SCN-02420,Red,Payload,Capturing Earth Images,Camera Failure,Payload Failure,Restart Camera Module,Restore payload functionality,Yes,Critical
SCN-02421,Red,Thermal,Downlink,Temperature > 70°C,Thermal Failure,Shutdown Payload,Prevent hardware damage,Yes,Critical
SCN-02422,Green,Power,Calibration,Solar Output Normal,None,Continue Charging,Battery remains healthy,No,Low
SCN-02423,Green,Payload,Orbit Correction,Camera Operational,None,Capture Earth Images,Mission objective achieved,No,Low
SCN-02424,Red,Communication,Capturing Earth Images,Communication Lost,Communication Failure,Queue Commands,Resume during next communication window,Yes,Critical
SCN-02425,Red,Communication,Idle,Communication Lost,Communication Failure,Queue Commands,Resume during next communication window,Yes,Critical
SCN-02426,Green,Storage,Orbit Correction,Storage < 70%,None,Continue Capturing Images,Store additional payload data,No,Low
SCN-02427,Green,Power,Capturing Earth Images,Battery > 70%,None,Continue Mission,Nominal power operation,No,Low
SCN-02428,Green,Thermal,Calibration,Temperature < 45°C,None,Continue Operation,Subsystem remains stable,No,Low
SCN-02429,Red,Thermal,Downlink,Temperature > 70°C,Thermal Failure,Shutdown Payload,Prevent hardware damage,Yes,Critical
SCN-02430,Yellow,Storage,Idle,Storage 70-90%,Potential Storage Anomaly,Schedule Downlink,Avoid storage overflow,Yes,Medium
SCN-02431,Red,Communication,Capturing Earth Images,Communication Lost,Communication Failure,Queue Commands,Resume during next communication window,Yes,Critical
SCN-02432,Yellow,Thermal,Capturing Earth Images,Temperature 45-65°C,Potential Thermal Anomaly,Reduce CPU Load,Prevent overheating,Yes,Medium
SCN-02433,Yellow,Payload,Calibration,Camera Temperature Rising,Potential Payload Anomaly,Reduce Image Capture Rate,Prevent camera shutdown,Yes,Medium
SCN-02434,Red,Payload,Orbit Correction,Camera Failure,Payload Failure,Restart Camera Module,Restore payload functionality,Yes,Critical
SCN-02435,Red,Thermal,Downlink,Temperature > 70°C,Thermal Failure,Shutdown Payload,Prevent hardware damage,Yes,Critical
SCN-02436,Green,Thermal,Orbit Correction,Temperature < 45°C,None,Continue Operation,Subsystem remains stable,No,Low
SCN-02437,Yellow,Power,Capturing Earth Images,Battery 30-70%,Potential Power Anomaly,Reduce Payload Power,Battery drain reduced,Yes,Medium
SCN-02438,Green,Thermal,Idle,Temperature < 45°C,None,Continue Operation,Subsystem remains stable,No,Low
SCN-02439,Red,Power,Downlink,Battery < 20%,Power Failure,Enter Safe Mode,Prevent complete battery depletion,Yes,Critical
SCN-02440,Yellow,Thermal,Downlink,Temperature 45-65°C,Potential Thermal Anomaly,Reduce CPU Load,Prevent overheating,Yes,Medium
SCN-02441,Red,Thermal,Capturing Earth Images,Temperature > 70°C,Thermal Failure,Shutdown Payload,Prevent hardware damage,Yes,Critical
SCN-02442,Yellow,Power,Calibration,Battery 30-70%,Potential Power Anomaly,Reduce Payload Power,Battery drain reduced,Yes,Medium
SCN-02443,Green,Payload,Downlink,Camera Operational,None,Capture Earth Images,Mission objective achieved,No,Low
SCN-02444,Green,Thermal,Downlink,Temperature < 45°C,None,Continue Operation,Subsystem remains stable,No,Low
SCN-02445,Green,Thermal,Orbit Correction,Temperature < 45°C,None,Continue Operation,Subsystem remains stable,No,Low
SCN-02446,Green,Thermal,Orbit Correction,Temperature < 45°C,None,Continue Operation,Subsystem remains stable,No,Low
SCN-02447,Yellow,Storage,Idle,Storage 70-90%,Potential Storage Anomaly,Schedule Downlink,Avoid storage overflow,Yes,Medium
SCN-02448,Yellow,Storage,Downlink,Storage 70-90%,Potential Storage Anomaly,Schedule Downlink,Avoid storage overflow,Yes,Medium
SCN-02449,Red,Power,Capturing Earth Images,Battery < 20%,Power Failure,Enter Safe Mode,Prevent complete battery depletion,Yes,Critical
SCN-02450,Green,Payload,Capturing Earth Images,Camera Operational,None,Capture Earth Images,Mission objective achieved,No,Low
SCN-02451,Yellow,Payload,Downlink,Camera Temperature Rising,Potential Payload Anomaly,Reduce Image Capture Rate,Prevent camera shutdown,Yes,Medium
SCN-02452,Green,Storage,Calibration,Storage < 70%,None,Continue Capturing Images,Store additional payload data,No,Low
SCN-02453,Yellow,Communication,Calibration,Weak Signal,Potential Communication Anomaly,Prepare Next Ground Pass,Avoid communication failure,Yes,Medium
SCN-02454,Green,Communication,Downlink,Signal Stable,None,Continue Downlink,Telemetry transmitted successfully,No,Low
SCN-02455,Yellow,Storage,Idle,Storage 70-90%,Potential Storage Anomaly,Schedule Downlink,Avoid storage overflow,Yes,Medium
SCN-02456,Green,Power,Calibration,Solar Output Normal,None,Continue Charging,Battery remains healthy,No,Low
SCN-02457,Red,Power,Calibration,Battery < 20%,Power Failure,Enter Safe Mode,Prevent complete battery depletion,Yes,Critical
SCN-02458,Green,Power,Calibration,Battery > 70%,None,Continue Mission,Nominal power operation,No,Low
SCN-02459,Red,Payload,Calibration,Camera Failure,Payload Failure,Restart Camera Module,Restore payload functionality,Yes,Critical
SCN-02460,Green,Communication,Idle,Signal Stable,None,Continue Downlink,Telemetry transmitted successfully,No,Low
SCN-02461,Red,Payload,Capturing Earth Images,Camera Failure,Payload Failure,Restart Camera Module,Restore payload functionality,Yes,Critical
SCN-02462,Green,Storage,Orbit Correction,Storage < 70%,None,Continue Capturing Images,Store additional payload data,No,Low
SCN-02463,Yellow,Power,Idle,Solar Output Low,Potential Power Anomaly,Rotate Solar Panels,Increase charging efficiency,Yes,Medium
SCN-02464,Green,Payload,Orbit Correction,Camera Operational,None,Capture Earth Images,Mission objective achieved,No,Low
SCN-02465,Yellow,Communication,Idle,Weak Signal,Potential Communication Anomaly,Prepare Next Ground Pass,Avoid communication failure,Yes,Medium
SCN-02466,Green,Thermal,Calibration,Temperature < 45°C,None,Continue Operation,Subsystem remains stable,No,Low
SCN-02467,Red,Payload,Capturing Earth Images,Camera Failure,Payload Failure,Restart Camera Module,Restore payload functionality,Yes,Critical
SCN-02468,Yellow,Payload,Orbit Correction,Camera Temperature Rising,Potential Payload Anomaly,Reduce Image Capture Rate,Prevent camera shutdown,Yes,Medium
SCN-02469,Green,Payload,Idle,Camera Operational,None,Capture Earth Images,Mission objective achieved,No,Low
SCN-02470,Yellow,Thermal,Idle,Temperature 45-65°C,Potential Thermal Anomaly,Reduce CPU Load,Prevent overheating,Yes,Medium
SCN-02471,Green,Payload,Downlink,Camera Operational,None,Capture Earth Images,Mission objective achieved,No,Low
SCN-02472,Green,Payload,Calibration,Camera Operational,None,Capture Earth Images,Mission objective achieved,No,Low
SCN-02473,Red,Storage,Calibration,Storage > 95%,Storage Failure,Stop Image Capture and Downlink,Free storage space,Yes,Critical
SCN-02474,Green,Power,Orbit Correction,Battery > 70%,None,Continue Mission,Nominal power operation,No,Low
SCN-02475,Green,Payload,Downlink,Camera Operational,None,Capture Earth Images,Mission objective achieved,No,Low
SCN-02476,Green,Storage,Downlink,Storage < 70%,None,Continue Capturing Images,Store additional payload data,No,Low
SCN-02477,Green,Communication,Calibration,Signal Stable,None,Continue Downlink,Telemetry transmitted successfully,No,Low
SCN-02478,Green,Thermal,Idle,Temperature < 45°C,None,Continue Operation,Subsystem remains stable,No,Low
SCN-02479,Green,Thermal,Downlink,Temperature < 45°C,None,Continue Operation,Subsystem remains stable,No,Low
SCN-02480,Green,Communication,Downlink,Signal Stable,None,Continue Downlink,Telemetry transmitted successfully,No,Low
SCN-02481,Red,Communication,Orbit Correction,Communication Lost,Communication Failure,Queue Commands,Resume during next communication window,Yes,Critical
SCN-02482,Red,Storage,Downlink,Storage > 95%,Storage Failure,Stop Image Capture and Downlink,Free storage space,Yes,Critical
SCN-02483,Green,Thermal,Idle,Temperature < 45°C,None,Continue Operation,Subsystem remains stable,No,Low
SCN-02484,Green,Payload,Downlink,Camera Operational,None,Capture Earth Images,Mission objective achieved,No,Low
SCN-02485,Green,Power,Orbit Correction,Solar Output Normal,None,Continue Charging,Battery remains healthy,No,Low
SCN-02486,Green,Storage,Downlink,Storage < 70%,None,Continue Capturing Images,Store additional payload data,No,Low
SCN-02487,Red,Communication,Orbit Correction,Communication Lost,Communication Failure,Queue Commands,Resume during next communication window,Yes,Critical
SCN-02488,Green,Payload,Orbit Correction,Camera Operational,None,Capture Earth Images,Mission objective achieved,No,Low
SCN-02489,Yellow,Communication,Capturing Earth Images,Weak Signal,Potential Communication Anomaly,Prepare Next Ground Pass,Avoid communication failure,Yes,Medium
SCN-02490,Green,Power,Orbit Correction,Battery > 70%,None,Continue Mission,Nominal power operation,No,Low
SCN-02491,Green,Power,Downlink,Solar Output Normal,None,Continue Charging,Battery remains healthy,No,Low
SCN-02492,Green,Storage,Capturing Earth Images,Storage < 70%,None,Continue Capturing Images,Store additional payload data,No,Low
SCN-02493,Red,Communication,Capturing Earth Images,Communication Lost,Communication Failure,Queue Commands,Resume during next communication window,Yes,Critical
SCN-02494,Yellow,Thermal,Capturing Earth Images,Temperature 45-65°C,Potential Thermal Anomaly,Reduce CPU Load,Prevent overheating,Yes,Medium
SCN-02495,Green,Communication,Capturing Earth Images,Signal Stable,None,Continue Downlink,Telemetry transmitted successfully,No,Low
SCN-02496,Yellow,Payload,Orbit Correction,Camera Temperature Rising,Potential Payload Anomaly,Reduce Image Capture Rate,Prevent camera shutdown,Yes,Medium
SCN-02497,Green,Payload,Calibration,Camera Operational,None,Capture Earth Images,Mission objective achieved,No,Low
SCN-02498,Green,Communication,Orbit Correction,Signal Stable,None,Continue Downlink,Telemetry transmitted successfully,No,Low
SCN-02499,Green,Power,Capturing Earth Images,Battery > 70%,None,Continue Mission,Nominal power operation,No,Low
SCN-02500,Yellow,Communication,Idle,Weak Signal,Potential Communication Anomaly,Prepare Next Ground Pass,Avoid communication failure,Yes,Medium
SCN-02501,Green,Payload,Downlink,Camera Operational,None,Capture Earth Images,Mission objective achieved,No,Low
SCN-02502,Yellow,Payload,Idle,Camera Temperature Rising,Potential Payload Anomaly,Reduce Image Capture Rate,Prevent camera shutdown,Yes,Medium
SCN-02503,Green,Storage,Capturing Earth Images,Storage < 70%,None,Continue Capturing Images,Store additional payload data,No,Low
SCN-02504,Green,Payload,Downlink,Camera Operational,None,Capture Earth Images,Mission objective achieved,No,Low
SCN-02505,Green,Power,Capturing Earth Images,Solar Output Normal,None,Continue Charging,Battery remains healthy,No,Low
SCN-02506,Green,Storage,Orbit Correction,Storage < 70%,None,Continue Capturing Images,Store additional payload data,No,Low
SCN-02507,Green,Thermal,Idle,Temperature < 45°C,None,Continue Operation,Subsystem remains stable,No,Low
SCN-02508,Green,Power,Calibration,Battery > 70%,None,Continue Mission,Nominal power operation,No,Low
SCN-02509,Red,Payload,Orbit Correction,Camera Failure,Payload Failure,Restart Camera Module,Restore payload functionality,Yes,Critical
SCN-02510,Green,Payload,Calibration,Camera Operational,None,Capture Earth Images,Mission objective achieved,No,Low
SCN-02511,Green,Communication,Calibration,Signal Stable,None,Continue Downlink,Telemetry transmitted successfully,No,Low
SCN-02512,Red,Storage,Downlink,Storage > 95%,Storage Failure,Stop Image Capture and Downlink,Free storage space,Yes,Critical
SCN-02513,Yellow,Storage,Calibration,Storage 70-90%,Potential Storage Anomaly,Schedule Downlink,Avoid storage overflow,Yes,Medium
SCN-02514,Yellow,Thermal,Idle,Temperature 45-65°C,Potential Thermal Anomaly,Reduce CPU Load,Prevent overheating,Yes,Medium
SCN-02515,Green,Communication,Idle,Signal Stable,None,Continue Downlink,Telemetry transmitted successfully,No,Low
SCN-02516,Yellow,Power,Orbit Correction,Solar Output Low,Potential Power Anomaly,Rotate Solar Panels,Increase charging efficiency,Yes,Medium
SCN-02517,Yellow,Thermal,Calibration,Temperature 45-65°C,Potential Thermal Anomaly,Reduce CPU Load,Prevent overheating,Yes,Medium
SCN-02518,Green,Payload,Downlink,Camera Operational,None,Capture Earth Images,Mission objective achieved,No,Low
SCN-02519,Yellow,Payload,Idle,Camera Temperature Rising,Potential Payload Anomaly,Reduce Image Capture Rate,Prevent camera shutdown,Yes,Medium
SCN-02520,Yellow,Communication,Orbit Correction,Weak Signal,Potential Communication Anomaly,Prepare Next Ground Pass,Avoid communication failure,Yes,Medium
SCN-02521,Green,Storage,Capturing Earth Images,Storage < 70%,None,Continue Capturing Images,Store additional payload data,No,Low
SCN-02522,Green,Storage,Calibration,Storage < 70%,None,Continue Capturing Images,Store additional payload data,No,Low
SCN-02523,Red,Communication,Capturing Earth Images,Communication Lost,Communication Failure,Queue Commands,Resume during next communication window,Yes,Critical
SCN-02524,Yellow,Thermal,Orbit Correction,Temperature 45-65°C,Potential Thermal Anomaly,Reduce CPU Load,Prevent overheating,Yes,Medium
SCN-02525,Red,Communication,Orbit Correction,Communication Lost,Communication Failure,Queue Commands,Resume during next communication window,Yes,Critical
SCN-02526,Red,Thermal,Capturing Earth Images,Temperature > 70°C,Thermal Failure,Shutdown Payload,Prevent hardware damage,Yes,Critical
SCN-02527,Red,Payload,Idle,Camera Failure,Payload Failure,Restart Camera Module,Restore payload functionality,Yes,Critical
SCN-02528,Red,Power,Calibration,Solar Panel Failure,Power Failure,Disable Payload,Reduce power consumption,Yes,Critical
SCN-02529,Yellow,Payload,Capturing Earth Images,Camera Temperature Rising,Potential Payload Anomaly,Reduce Image Capture Rate,Prevent camera shutdown,Yes,Medium
SCN-02530,Yellow,Communication,Capturing Earth Images,Weak Signal,Potential Communication Anomaly,Prepare Next Ground Pass,Avoid communication failure,Yes,Medium
SCN-02531,Green,Storage,Capturing Earth Images,Storage < 70%,None,Continue Capturing Images,Store additional payload data,No,Low
SCN-02532,Green,Storage,Idle,Storage < 70%,None,Continue Capturing Images,Store additional payload data,No,Low
SCN-02533,Green,Power,Calibration,Battery > 70%,None,Continue Mission,Nominal power operation,No,Low
SCN-02534,Green,Payload,Capturing Earth Images,Camera Operational,None,Capture Earth Images,Mission objective achieved,No,Low
SCN-02535,Red,Storage,Calibration,Storage > 95%,Storage Failure,Stop Image Capture and Downlink,Free storage space,Yes,Critical
SCN-02536,Green,Payload,Idle,Camera Operational,None,Capture Earth Images,Mission objective achieved,No,Low
SCN-02537,Green,Communication,Idle,Signal Stable,None,Continue Downlink,Telemetry transmitted successfully,No,Low
SCN-02538,Green,Thermal,Calibration,Temperature < 45°C,None,Continue Operation,Subsystem remains stable,No,Low
SCN-02539,Green,Communication,Capturing Earth Images,Signal Stable,None,Continue Downlink,Telemetry transmitted successfully,No,Low
SCN-02540,Red,Payload,Capturing Earth Images,Camera Failure,Payload Failure,Restart Camera Module,Restore payload functionality,Yes,Critical
SCN-02541,Yellow,Thermal,Downlink,Temperature 45-65°C,Potential Thermal Anomaly,Reduce CPU Load,Prevent overheating,Yes,Medium
SCN-02542,Yellow,Thermal,Orbit Correction,Temperature 45-65°C,Potential Thermal Anomaly,Reduce CPU Load,Prevent overheating,Yes,Medium
SCN-02543,Yellow,Storage,Calibration,Storage 70-90%,Potential Storage Anomaly,Schedule Downlink,Avoid storage overflow,Yes,Medium
SCN-02544,Red,Payload,Idle,Camera Failure,Payload Failure,Restart Camera Module,Restore payload functionality,Yes,Critical
SCN-02545,Green,Payload,Orbit Correction,Camera Operational,None,Capture Earth Images,Mission objective achieved,No,Low
SCN-02546,Green,Thermal,Idle,Temperature < 45°C,None,Continue Operation,Subsystem remains stable,No,Low
SCN-02547,Yellow,Storage,Capturing Earth Images,Storage 70-90%,Potential Storage Anomaly,Schedule Downlink,Avoid storage overflow,Yes,Medium
SCN-02548,Yellow,Thermal,Orbit Correction,Temperature 45-65°C,Potential Thermal Anomaly,Reduce CPU Load,Prevent overheating,Yes,Medium
SCN-02549,Green,Payload,Idle,Camera Operational,None,Capture Earth Images,Mission objective achieved,No,Low
SCN-02550,Yellow,Payload,Orbit Correction,Camera Temperature Rising,Potential Payload Anomaly,Reduce Image Capture Rate,Prevent camera shutdown,Yes,Medium
SCN-02551,Yellow,Storage,Idle,Storage 70-90%,Potential Storage Anomaly,Schedule Downlink,Avoid storage overflow,Yes,Medium
SCN-02552,Yellow,Storage,Downlink,Storage 70-90%,Potential Storage Anomaly,Schedule Downlink,Avoid storage overflow,Yes,Medium
SCN-02553,Green,Power,Orbit Correction,Battery > 70%,None,Continue Mission,Nominal power operation,No,Low
SCN-02554,Green,Power,Calibration,Solar Output Normal,None,Continue Charging,Battery remains healthy,No,Low
SCN-02555,Yellow,Power,Capturing Earth Images,Battery 30-70%,Potential Power Anomaly,Reduce Payload Power,Battery drain reduced,Yes,Medium
SCN-02556,Yellow,Communication,Idle,Weak Signal,Potential Communication Anomaly,Prepare Next Ground Pass,Avoid communication failure,Yes,Medium
SCN-02557,Yellow,Power,Idle,Solar Output Low,Potential Power Anomaly,Rotate Solar Panels,Increase charging efficiency,Yes,Medium
SCN-02558,Green,Storage,Capturing Earth Images,Storage < 70%,None,Continue Capturing Images,Store additional payload data,No,Low
SCN-02559,Green,Power,Downlink,Battery > 70%,None,Continue Mission,Nominal power operation,No,Low
SCN-02560,Green,Payload,Downlink,Camera Operational,None,Capture Earth Images,Mission objective achieved,No,Low
SCN-02561,Green,Communication,Idle,Signal Stable,None,Continue Downlink,Telemetry transmitted successfully,No,Low
SCN-02562,Yellow,Payload,Orbit Correction,Camera Temperature Rising,Potential Payload Anomaly,Reduce Image Capture Rate,Prevent camera shutdown,Yes,Medium
SCN-02563,Green,Power,Calibration,Solar Output Normal,None,Continue Charging,Battery remains healthy,No,Low
SCN-02564,Yellow,Thermal,Downlink,Temperature 45-65°C,Potential Thermal Anomaly,Reduce CPU Load,Prevent overheating,Yes,Medium
SCN-02565,Yellow,Thermal,Downlink,Temperature 45-65°C,Potential Thermal Anomaly,Reduce CPU Load,Prevent overheating,Yes,Medium
SCN-02566,Green,Communication,Idle,Signal Stable,None,Continue Downlink,Telemetry transmitted successfully,No,Low
SCN-02567,Yellow,Thermal,Downlink,Temperature 45-65°C,Potential Thermal Anomaly,Reduce CPU Load,Prevent overheating,Yes,Medium
SCN-02568,Yellow,Payload,Capturing Earth Images,Camera Temperature Rising,Potential Payload Anomaly,Reduce Image Capture Rate,Prevent camera shutdown,Yes,Medium
SCN-02569,Green,Power,Calibration,Solar Output Normal,None,Continue Charging,Battery remains healthy,No,Low
SCN-02570,Green,Payload,Capturing Earth Images,Camera Operational,None,Capture Earth Images,Mission objective achieved,No,Low
SCN-02571,Red,Payload,Idle,Camera Failure,Payload Failure,Restart Camera Module,Restore payload functionality,Yes,Critical
SCN-02572,Yellow,Payload,Calibration,Camera Temperature Rising,Potential Payload Anomaly,Reduce Image Capture Rate,Prevent camera shutdown,Yes,Medium
SCN-02573,Green,Thermal,Idle,Temperature < 45°C,None,Continue Operation,Subsystem remains stable,No,Low
SCN-02574,Green,Payload,Calibration,Camera Operational,None,Capture Earth Images,Mission objective achieved,No,Low
SCN-02575,Green,Payload,Idle,Camera Operational,None,Capture Earth Images,Mission objective achieved,No,Low
SCN-02576,Yellow,Thermal,Downlink,Temperature 45-65°C,Potential Thermal Anomaly,Reduce CPU Load,Prevent overheating,Yes,Medium
SCN-02577,Red,Thermal,Capturing Earth Images,Temperature > 70°C,Thermal Failure,Shutdown Payload,Prevent hardware damage,Yes,Critical
SCN-02578,Green,Thermal,Capturing Earth Images,Temperature < 45°C,None,Continue Operation,Subsystem remains stable,No,Low
SCN-02579,Green,Communication,Idle,Signal Stable,None,Continue Downlink,Telemetry transmitted successfully,No,Low
SCN-02580,Green,Storage,Downlink,Storage < 70%,None,Continue Capturing Images,Store additional payload data,No,Low
SCN-02581,Red,Payload,Orbit Correction,Camera Failure,Payload Failure,Restart Camera Module,Restore payload functionality,Yes,Critical
SCN-02582,Green,Power,Downlink,Battery > 70%,None,Continue Mission,Nominal power operation,No,Low
SCN-02583,Green,Storage,Capturing Earth Images,Storage < 70%,None,Continue Capturing Images,Store additional payload data,No,Low
SCN-02584,Red,Payload,Calibration,Camera Failure,Payload Failure,Restart Camera Module,Restore payload functionality,Yes,Critical
SCN-02585,Green,Storage,Downlink,Storage < 70%,None,Continue Capturing Images,Store additional payload data,No,Low
SCN-02586,Green,Thermal,Downlink,Temperature < 45°C,None,Continue Operation,Subsystem remains stable,No,Low
SCN-02587,Green,Thermal,Idle,Temperature < 45°C,None,Continue Operation,Subsystem remains stable,No,Low
SCN-02588,Green,Communication,Capturing Earth Images,Signal Stable,None,Continue Downlink,Telemetry transmitted successfully,No,Low
SCN-02589,Yellow,Power,Idle,Battery 30-70%,Potential Power Anomaly,Reduce Payload Power,Battery drain reduced,Yes,Medium
SCN-02590,Green,Payload,Idle,Camera Operational,None,Capture Earth Images,Mission objective achieved,No,Low
SCN-02591,Red,Payload,Orbit Correction,Camera Failure,Payload Failure,Restart Camera Module,Restore payload functionality,Yes,Critical
SCN-02592,Yellow,Storage,Orbit Correction,Storage 70-90%,Potential Storage Anomaly,Schedule Downlink,Avoid storage overflow,Yes,Medium
SCN-02593,Green,Power,Downlink,Solar Output Normal,None,Continue Charging,Battery remains healthy,No,Low
SCN-02594,Green,Payload,Calibration,Camera Operational,None,Capture Earth Images,Mission objective achieved,No,Low
SCN-02595,Yellow,Storage,Orbit Correction,Storage 70-90%,Potential Storage Anomaly,Schedule Downlink,Avoid storage overflow,Yes,Medium
SCN-02596,Red,Power,Capturing Earth Images,Battery < 20%,Power Failure,Enter Safe Mode,Prevent complete battery depletion,Yes,Critical
SCN-02597,Green,Payload,Capturing Earth Images,Camera Operational,None,Capture Earth Images,Mission objective achieved,No,Low
SCN-02598,Green,Payload,Downlink,Camera Operational,None,Capture Earth Images,Mission objective achieved,No,Low
SCN-02599,Green,Payload,Capturing Earth Images,Camera Operational,None,Capture Earth Images,Mission objective achieved,No,Low
SCN-02600,Red,Storage,Idle,Storage > 95%,Storage Failure,Stop Image Capture and Downlink,Free storage space,Yes,Critical
SCN-02601,Green,Power,Idle,Battery > 70%,None,Continue Mission,Nominal power operation,No,Low
SCN-02602,Red,Payload,Calibration,Camera Failure,Payload Failure,Restart Camera Module,Restore payload functionality,Yes,Critical
SCN-02603,Green,Power,Downlink,Solar Output Normal,None,Continue Charging,Battery remains healthy,No,Low
SCN-02604,Green,Storage,Idle,Storage < 70%,None,Continue Capturing Images,Store additional payload data,No,Low
SCN-02605,Yellow,Communication,Idle,Weak Signal,Potential Communication Anomaly,Prepare Next Ground Pass,Avoid communication failure,Yes,Medium
SCN-02606,Yellow,Payload,Idle,Camera Temperature Rising,Potential Payload Anomaly,Reduce Image Capture Rate,Prevent camera shutdown,Yes,Medium
SCN-02607,Green,Thermal,Downlink,Temperature < 45°C,None,Continue Operation,Subsystem remains stable,No,Low
SCN-02608,Green,Power,Calibration,Solar Output Normal,None,Continue Charging,Battery remains healthy,No,Low
SCN-02609,Green,Thermal,Downlink,Temperature < 45°C,None,Continue Operation,Subsystem remains stable,No,Low
SCN-02610,Red,Payload,Orbit Correction,Camera Failure,Payload Failure,Restart Camera Module,Restore payload functionality,Yes,Critical
SCN-02611,Yellow,Communication,Downlink,Weak Signal,Potential Communication Anomaly,Prepare Next Ground Pass,Avoid communication failure,Yes,Medium
SCN-02612,Green,Thermal,Idle,Temperature < 45°C,None,Continue Operation,Subsystem remains stable,No,Low
SCN-02613,Green,Thermal,Idle,Temperature < 45°C,None,Continue Operation,Subsystem remains stable,No,Low
SCN-02614,Green,Power,Downlink,Solar Output Normal,None,Continue Charging,Battery remains healthy,No,Low
SCN-02615,Yellow,Payload,Orbit Correction,Camera Temperature Rising,Potential Payload Anomaly,Reduce Image Capture Rate,Prevent camera shutdown,Yes,Medium
SCN-02616,Green,Storage,Calibration,Storage < 70%,None,Continue Capturing Images,Store additional payload data,No,Low
SCN-02617,Green,Thermal,Calibration,Temperature < 45°C,None,Continue Operation,Subsystem remains stable,No,Low
SCN-02618,Yellow,Payload,Calibration,Camera Temperature Rising,Potential Payload Anomaly,Reduce Image Capture Rate,Prevent camera shutdown,Yes,Medium
SCN-02619,Green,Thermal,Orbit Correction,Temperature < 45°C,None,Continue Operation,Subsystem remains stable,No,Low
SCN-02620,Green,Power,Downlink,Battery > 70%,None,Continue Mission,Nominal power operation,No,Low
SCN-02621,Red,Payload,Orbit Correction,Camera Failure,Payload Failure,Restart Camera Module,Restore payload functionality,Yes,Critical
SCN-02622,Red,Payload,Downlink,Camera Failure,Payload Failure,Restart Camera Module,Restore payload functionality,Yes,Critical
SCN-02623,Yellow,Thermal,Orbit Correction,Temperature 45-65°C,Potential Thermal Anomaly,Reduce CPU Load,Prevent overheating,Yes,Medium
SCN-02624,Green,Thermal,Idle,Temperature < 45°C,None,Continue Operation,Subsystem remains stable,No,Low
SCN-02625,Yellow,Communication,Calibration,Weak Signal,Potential Communication Anomaly,Prepare Next Ground Pass,Avoid communication failure,Yes,Medium
SCN-02626,Green,Power,Capturing Earth Images,Solar Output Normal,None,Continue Charging,Battery remains healthy,No,Low
SCN-02627,Green,Communication,Orbit Correction,Signal Stable,None,Continue Downlink,Telemetry transmitted successfully,No,Low
SCN-02628,Green,Communication,Idle,Signal Stable,None,Continue Downlink,Telemetry transmitted successfully,No,Low
SCN-02629,Yellow,Communication,Capturing Earth Images,Weak Signal,Potential Communication Anomaly,Prepare Next Ground Pass,Avoid communication failure,Yes,Medium
SCN-02630,Green,Storage,Calibration,Storage < 70%,None,Continue Capturing Images,Store additional payload data,No,Low
SCN-02631,Red,Storage,Orbit Correction,Storage > 95%,Storage Failure,Stop Image Capture and Downlink,Free storage space,Yes,Critical
SCN-02632,Green,Storage,Orbit Correction,Storage < 70%,None,Continue Capturing Images,Store additional payload data,No,Low
SCN-02633,Green,Payload,Downlink,Camera Operational,None,Capture Earth Images,Mission objective achieved,No,Low
SCN-02634,Green,Payload,Capturing Earth Images,Camera Operational,None,Capture Earth Images,Mission objective achieved,No,Low
SCN-02635,Green,Power,Idle,Solar Output Normal,None,Continue Charging,Battery remains healthy,No,Low
SCN-02636,Green,Payload,Idle,Camera Operational,None,Capture Earth Images,Mission objective achieved,No,Low
SCN-02637,Green,Payload,Calibration,Camera Operational,None,Capture Earth Images,Mission objective achieved,No,Low
SCN-02638,Green,Payload,Downlink,Camera Operational,None,Capture Earth Images,Mission objective achieved,No,Low
SCN-02639,Green,Thermal,Downlink,Temperature < 45°C,None,Continue Operation,Subsystem remains stable,No,Low
SCN-02640,Yellow,Power,Downlink,Battery 30-70%,Potential Power Anomaly,Reduce Payload Power,Battery drain reduced,Yes,Medium
SCN-02641,Green,Communication,Calibration,Signal Stable,None,Continue Downlink,Telemetry transmitted successfully,No,Low
SCN-02642,Green,Power,Idle,Battery > 70%,None,Continue Mission,Nominal power operation,No,Low
SCN-02643,Green,Payload,Downlink,Camera Operational,None,Capture Earth Images,Mission objective achieved,No,Low
SCN-02644,Red,Payload,Idle,Camera Failure,Payload Failure,Restart Camera Module,Restore payload functionality,Yes,Critical
SCN-02645,Yellow,Payload,Orbit Correction,Camera Temperature Rising,Potential Payload Anomaly,Reduce Image Capture Rate,Prevent camera shutdown,Yes,Medium
SCN-02646,Green,Payload,Downlink,Camera Operational,None,Capture Earth Images,Mission objective achieved,No,Low
SCN-02647,Green,Thermal,Downlink,Temperature < 45°C,None,Continue Operation,Subsystem remains stable,No,Low
SCN-02648,Green,Thermal,Calibration,Temperature < 45°C,None,Continue Operation,Subsystem remains stable,No,Low
SCN-02649,Green,Thermal,Calibration,Temperature < 45°C,None,Continue Operation,Subsystem remains stable,No,Low
SCN-02650,Green,Storage,Capturing Earth Images,Storage < 70%,None,Continue Capturing Images,Store additional payload data,No,Low
SCN-02651,Green,Thermal,Orbit Correction,Temperature < 45°C,None,Continue Operation,Subsystem remains stable,No,Low
SCN-02652,Green,Payload,Downlink,Camera Operational,None,Capture Earth Images,Mission objective achieved,No,Low
SCN-02653,Red,Thermal,Calibration,Temperature > 70°C,Thermal Failure,Shutdown Payload,Prevent hardware damage,Yes,Critical
SCN-02654,Green,Storage,Calibration,Storage < 70%,None,Continue Capturing Images,Store additional payload data,No,Low
SCN-02655,Green,Storage,Orbit Correction,Storage < 70%,None,Continue Capturing Images,Store additional payload data,No,Low
SCN-02656,Red,Power,Calibration,Solar Panel Failure,Power Failure,Disable Payload,Reduce power consumption,Yes,Critical
SCN-02657,Yellow,Power,Idle,Solar Output Low,Potential Power Anomaly,Rotate Solar Panels,Increase charging efficiency,Yes,Medium
SCN-02658,Green,Storage,Orbit Correction,Storage < 70%,None,Continue Capturing Images,Store additional payload data,No,Low
SCN-02659,Green,Storage,Capturing Earth Images,Storage < 70%,None,Continue Capturing Images,Store additional payload data,No,Low
SCN-02660,Green,Power,Calibration,Solar Output Normal,None,Continue Charging,Battery remains healthy,No,Low
SCN-02661,Green,Payload,Orbit Correction,Camera Operational,None,Capture Earth Images,Mission objective achieved,No,Low
SCN-02662,Yellow,Communication,Calibration,Weak Signal,Potential Communication Anomaly,Prepare Next Ground Pass,Avoid communication failure,Yes,Medium
SCN-02663,Green,Storage,Capturing Earth Images,Storage < 70%,None,Continue Capturing Images,Store additional payload data,No,Low
SCN-02664,Yellow,Communication,Capturing Earth Images,Weak Signal,Potential Communication Anomaly,Prepare Next Ground Pass,Avoid communication failure,Yes,Medium
SCN-02665,Green,Payload,Orbit Correction,Camera Operational,None,Capture Earth Images,Mission objective achieved,No,Low
SCN-02666,Green,Storage,Orbit Correction,Storage < 70%,None,Continue Capturing Images,Store additional payload data,No,Low
SCN-02667,Green,Storage,Calibration,Storage < 70%,None,Continue Capturing Images,Store additional payload data,No,Low
SCN-02668,Green,Payload,Idle,Camera Operational,None,Capture Earth Images,Mission objective achieved,No,Low
SCN-02669,Green,Payload,Capturing Earth Images,Camera Operational,None,Capture Earth Images,Mission objective achieved,No,Low
SCN-02670,Yellow,Communication,Calibration,Weak Signal,Potential Communication Anomaly,Prepare Next Ground Pass,Avoid communication failure,Yes,Medium
SCN-02671,Green,Power,Downlink,Battery > 70%,None,Continue Mission,Nominal power operation,No,Low
SCN-02672,Yellow,Communication,Calibration,Weak Signal,Potential Communication Anomaly,Prepare Next Ground Pass,Avoid communication failure,Yes,Medium
SCN-02673,Red,Thermal,Orbit Correction,Temperature > 70°C,Thermal Failure,Shutdown Payload,Prevent hardware damage,Yes,Critical
SCN-02674,Green,Power,Capturing Earth Images,Battery > 70%,None,Continue Mission,Nominal power operation,No,Low
SCN-02675,Yellow,Storage,Orbit Correction,Storage 70-90%,Potential Storage Anomaly,Schedule Downlink,Avoid storage overflow,Yes,Medium
SCN-02676,Yellow,Power,Downlink,Solar Output Low,Potential Power Anomaly,Rotate Solar Panels,Increase charging efficiency,Yes,Medium
SCN-02677,Green,Thermal,Idle,Temperature < 45°C,None,Continue Operation,Subsystem remains stable,No,Low
SCN-02678,Red,Payload,Capturing Earth Images,Camera Failure,Payload Failure,Restart Camera Module,Restore payload functionality,Yes,Critical
SCN-02679,Yellow,Thermal,Idle,Temperature 45-65°C,Potential Thermal Anomaly,Reduce CPU Load,Prevent overheating,Yes,Medium
SCN-02680,Yellow,Thermal,Calibration,Temperature 45-65°C,Potential Thermal Anomaly,Reduce CPU Load,Prevent overheating,Yes,Medium
SCN-02681,Green,Communication,Idle,Signal Stable,None,Continue Downlink,Telemetry transmitted successfully,No,Low
SCN-02682,Green,Storage,Idle,Storage < 70%,None,Continue Capturing Images,Store additional payload data,No,Low
SCN-02683,Green,Power,Calibration,Battery > 70%,None,Continue Mission,Nominal power operation,No,Low
SCN-02684,Green,Power,Downlink,Solar Output Normal,None,Continue Charging,Battery remains healthy,No,Low
SCN-02685,Green,Power,Idle,Battery > 70%,None,Continue Mission,Nominal power operation,No,Low
SCN-02686,Yellow,Thermal,Orbit Correction,Temperature 45-65°C,Potential Thermal Anomaly,Reduce CPU Load,Prevent overheating,Yes,Medium
SCN-02687,Yellow,Communication,Calibration,Weak Signal,Potential Communication Anomaly,Prepare Next Ground Pass,Avoid communication failure,Yes,Medium
SCN-02688,Green,Thermal,Calibration,Temperature < 45°C,None,Continue Operation,Subsystem remains stable,No,Low
SCN-02689,Green,Communication,Orbit Correction,Signal Stable,None,Continue Downlink,Telemetry transmitted successfully,No,Low
SCN-02690,Green,Payload,Capturing Earth Images,Camera Operational,None,Capture Earth Images,Mission objective achieved,No,Low
SCN-02691,Yellow,Storage,Downlink,Storage 70-90%,Potential Storage Anomaly,Schedule Downlink,Avoid storage overflow,Yes,Medium
SCN-02692,Yellow,Power,Orbit Correction,Battery 30-70%,Potential Power Anomaly,Reduce Payload Power,Battery drain reduced,Yes,Medium
SCN-02693,Yellow,Power,Idle,Solar Output Low,Potential Power Anomaly,Rotate Solar Panels,Increase charging efficiency,Yes,Medium
SCN-02694,Yellow,Payload,Orbit Correction,Camera Temperature Rising,Potential Payload Anomaly,Reduce Image Capture Rate,Prevent camera shutdown,Yes,Medium
SCN-02695,Red,Thermal,Downlink,Temperature > 70°C,Thermal Failure,Shutdown Payload,Prevent hardware damage,Yes,Critical
SCN-02696,Yellow,Communication,Idle,Weak Signal,Potential Communication Anomaly,Prepare Next Ground Pass,Avoid communication failure,Yes,Medium
SCN-02697,Green,Power,Capturing Earth Images,Battery > 70%,None,Continue Mission,Nominal power operation,No,Low
SCN-02698,Yellow,Communication,Idle,Weak Signal,Potential Communication Anomaly,Prepare Next Ground Pass,Avoid communication failure,Yes,Medium
SCN-02699,Red,Thermal,Orbit Correction,Temperature > 70°C,Thermal Failure,Shutdown Payload,Prevent hardware damage,Yes,Critical
SCN-02700,Green,Communication,Calibration,Signal Stable,None,Continue Downlink,Telemetry transmitted successfully,No,Low
SCN-02701,Yellow,Thermal,Calibration,Temperature 45-65°C,Potential Thermal Anomaly,Reduce CPU Load,Prevent overheating,Yes,Medium
SCN-02702,Green,Storage,Downlink,Storage < 70%,None,Continue Capturing Images,Store additional payload data,No,Low
SCN-02703,Yellow,Communication,Downlink,Weak Signal,Potential Communication Anomaly,Prepare Next Ground Pass,Avoid communication failure,Yes,Medium
SCN-02704,Green,Storage,Capturing Earth Images,Storage < 70%,None,Continue Capturing Images,Store additional payload data,No,Low
SCN-02705,Green,Payload,Idle,Camera Operational,None,Capture Earth Images,Mission objective achieved,No,Low
SCN-02706,Red,Payload,Orbit Correction,Camera Failure,Payload Failure,Restart Camera Module,Restore payload functionality,Yes,Critical
SCN-02707,Yellow,Thermal,Capturing Earth Images,Temperature 45-65°C,Potential Thermal Anomaly,Reduce CPU Load,Prevent overheating,Yes,Medium
SCN-02708,Red,Power,Orbit Correction,Battery < 20%,Power Failure,Enter Safe Mode,Prevent complete battery depletion,Yes,Critical
SCN-02709,Green,Storage,Idle,Storage < 70%,None,Continue Capturing Images,Store additional payload data,No,Low
SCN-02710,Green,Communication,Calibration,Signal Stable,None,Continue Downlink,Telemetry transmitted successfully,No,Low
SCN-02711,Yellow,Storage,Capturing Earth Images,Storage 70-90%,Potential Storage Anomaly,Schedule Downlink,Avoid storage overflow,Yes,Medium
SCN-02712,Green,Power,Idle,Solar Output Normal,None,Continue Charging,Battery remains healthy,No,Low
SCN-02713,Green,Payload,Idle,Camera Operational,None,Capture Earth Images,Mission objective achieved,No,Low
SCN-02714,Green,Power,Calibration,Battery > 70%,None,Continue Mission,Nominal power operation,No,Low
SCN-02715,Green,Payload,Capturing Earth Images,Camera Operational,None,Capture Earth Images,Mission objective achieved,No,Low
SCN-02716,Yellow,Thermal,Calibration,Temperature 45-65°C,Potential Thermal Anomaly,Reduce CPU Load,Prevent overheating,Yes,Medium
SCN-02717,Red,Payload,Calibration,Camera Failure,Payload Failure,Restart Camera Module,Restore payload functionality,Yes,Critical
SCN-02718,Green,Storage,Capturing Earth Images,Storage < 70%,None,Continue Capturing Images,Store additional payload data,No,Low
SCN-02719,Green,Communication,Downlink,Signal Stable,None,Continue Downlink,Telemetry transmitted successfully,No,Low
SCN-02720,Red,Payload,Calibration,Camera Failure,Payload Failure,Restart Camera Module,Restore payload functionality,Yes,Critical
SCN-02721,Green,Power,Idle,Solar Output Normal,None,Continue Charging,Battery remains healthy,No,Low
SCN-02722,Yellow,Thermal,Idle,Temperature 45-65°C,Potential Thermal Anomaly,Reduce CPU Load,Prevent overheating,Yes,Medium
SCN-02723,Green,Thermal,Downlink,Temperature < 45°C,None,Continue Operation,Subsystem remains stable,No,Low
SCN-02724,Yellow,Payload,Calibration,Camera Temperature Rising,Potential Payload Anomaly,Reduce Image Capture Rate,Prevent camera shutdown,Yes,Medium
SCN-02725,Yellow,Thermal,Calibration,Temperature 45-65°C,Potential Thermal Anomaly,Reduce CPU Load,Prevent overheating,Yes,Medium
SCN-02726,Red,Communication,Capturing Earth Images,Communication Lost,Communication Failure,Queue Commands,Resume during next communication window,Yes,Critical
SCN-02727,Yellow,Payload,Capturing Earth Images,Camera Temperature Rising,Potential Payload Anomaly,Reduce Image Capture Rate,Prevent camera shutdown,Yes,Medium
SCN-02728,Green,Storage,Calibration,Storage < 70%,None,Continue Capturing Images,Store additional payload data,No,Low
SCN-02729,Green,Payload,Capturing Earth Images,Camera Operational,None,Capture Earth Images,Mission objective achieved,No,Low
SCN-02730,Yellow,Communication,Capturing Earth Images,Weak Signal,Potential Communication Anomaly,Prepare Next Ground Pass,Avoid communication failure,Yes,Medium
SCN-02731,Red,Storage,Calibration,Storage > 95%,Storage Failure,Stop Image Capture and Downlink,Free storage space,Yes,Critical
SCN-02732,Green,Communication,Idle,Signal Stable,None,Continue Downlink,Telemetry transmitted successfully,No,Low
SCN-02733,Yellow,Communication,Downlink,Weak Signal,Potential Communication Anomaly,Prepare Next Ground Pass,Avoid communication failure,Yes,Medium
SCN-02734,Green,Storage,Orbit Correction,Storage < 70%,None,Continue Capturing Images,Store additional payload data,No,Low
SCN-02735,Green,Payload,Downlink,Camera Operational,None,Capture Earth Images,Mission objective achieved,No,Low
SCN-02736,Yellow,Storage,Calibration,Storage 70-90%,Potential Storage Anomaly,Schedule Downlink,Avoid storage overflow,Yes,Medium
SCN-02737,Red,Communication,Downlink,Communication Lost,Communication Failure,Queue Commands,Resume during next communication window,Yes,Critical
SCN-02738,Green,Power,Capturing Earth Images,Battery > 70%,None,Continue Mission,Nominal power operation,No,Low
SCN-02739,Yellow,Communication,Capturing Earth Images,Weak Signal,Potential Communication Anomaly,Prepare Next Ground Pass,Avoid communication failure,Yes,Medium
SCN-02740,Green,Communication,Calibration,Signal Stable,None,Continue Downlink,Telemetry transmitted successfully,No,Low
SCN-02741,Green,Storage,Calibration,Storage < 70%,None,Continue Capturing Images,Store additional payload data,No,Low
SCN-02742,Green,Payload,Idle,Camera Operational,None,Capture Earth Images,Mission objective achieved,No,Low
SCN-02743,Green,Payload,Capturing Earth Images,Camera Operational,None,Capture Earth Images,Mission objective achieved,No,Low
SCN-02744,Yellow,Payload,Orbit Correction,Camera Temperature Rising,Potential Payload Anomaly,Reduce Image Capture Rate,Prevent camera shutdown,Yes,Medium
SCN-02745,Green,Thermal,Orbit Correction,Temperature < 45°C,None,Continue Operation,Subsystem remains stable,No,Low
SCN-02746,Green,Thermal,Idle,Temperature < 45°C,None,Continue Operation,Subsystem remains stable,No,Low
SCN-02747,Green,Power,Capturing Earth Images,Battery > 70%,None,Continue Mission,Nominal power operation,No,Low
SCN-02748,Green,Payload,Idle,Camera Operational,None,Capture Earth Images,Mission objective achieved,No,Low
SCN-02749,Yellow,Communication,Capturing Earth Images,Weak Signal,Potential Communication Anomaly,Prepare Next Ground Pass,Avoid communication failure,Yes,Medium
SCN-02750,Green,Communication,Idle,Signal Stable,None,Continue Downlink,Telemetry transmitted successfully,No,Low
SCN-02751,Green,Power,Idle,Solar Output Normal,None,Continue Charging,Battery remains healthy,No,Low
SCN-02752,Red,Payload,Calibration,Camera Failure,Payload Failure,Restart Camera Module,Restore payload functionality,Yes,Critical
SCN-02753,Green,Power,Idle,Battery > 70%,None,Continue Mission,Nominal power operation,No,Low
SCN-02754,Green,Storage,Capturing Earth Images,Storage < 70%,None,Continue Capturing Images,Store additional payload data,No,Low
SCN-02755,Green,Communication,Orbit Correction,Signal Stable,None,Continue Downlink,Telemetry transmitted successfully,No,Low
SCN-02756,Yellow,Thermal,Orbit Correction,Temperature 45-65°C,Potential Thermal Anomaly,Reduce CPU Load,Prevent overheating,Yes,Medium
SCN-02757,Red,Storage,Capturing Earth Images,Storage > 95%,Storage Failure,Stop Image Capture and Downlink,Free storage space,Yes,Critical
SCN-02758,Yellow,Storage,Orbit Correction,Storage 70-90%,Potential Storage Anomaly,Schedule Downlink,Avoid storage overflow,Yes,Medium
SCN-02759,Green,Storage,Calibration,Storage < 70%,None,Continue Capturing Images,Store additional payload data,No,Low
SCN-02760,Green,Thermal,Downlink,Temperature < 45°C,None,Continue Operation,Subsystem remains stable,No,Low
SCN-02761,Green,Storage,Orbit Correction,Storage < 70%,None,Continue Capturing Images,Store additional payload data,No,Low
SCN-02762,Yellow,Communication,Orbit Correction,Weak Signal,Potential Communication Anomaly,Prepare Next Ground Pass,Avoid communication failure,Yes,Medium
SCN-02763,Yellow,Payload,Orbit Correction,Camera Temperature Rising,Potential Payload Anomaly,Reduce Image Capture Rate,Prevent camera shutdown,Yes,Medium
SCN-02764,Green,Thermal,Downlink,Temperature < 45°C,None,Continue Operation,Subsystem remains stable,No,Low
SCN-02765,Green,Communication,Idle,Signal Stable,None,Continue Downlink,Telemetry transmitted successfully,No,Low
SCN-02766,Green,Thermal,Downlink,Temperature < 45°C,None,Continue Operation,Subsystem remains stable,No,Low
SCN-02767,Green,Power,Idle,Battery > 70%,None,Continue Mission,Nominal power operation,No,Low
SCN-02768,Red,Power,Idle,Battery < 20%,Power Failure,Enter Safe Mode,Prevent complete battery depletion,Yes,Critical
SCN-02769,Red,Thermal,Calibration,Temperature > 70°C,Thermal Failure,Shutdown Payload,Prevent hardware damage,Yes,Critical
SCN-02770,Red,Power,Calibration,Solar Panel Failure,Power Failure,Disable Payload,Reduce power consumption,Yes,Critical
SCN-02771,Green,Communication,Capturing Earth Images,Signal Stable,None,Continue Downlink,Telemetry transmitted successfully,No,Low
SCN-02772,Green,Storage,Calibration,Storage < 70%,None,Continue Capturing Images,Store additional payload data,No,Low
SCN-02773,Yellow,Storage,Downlink,Storage 70-90%,Potential Storage Anomaly,Schedule Downlink,Avoid storage overflow,Yes,Medium
SCN-02774,Green,Storage,Orbit Correction,Storage < 70%,None,Continue Capturing Images,Store additional payload data,No,Low
SCN-02775,Green,Power,Orbit Correction,Battery > 70%,None,Continue Mission,Nominal power operation,No,Low
SCN-02776,Yellow,Payload,Downlink,Camera Temperature Rising,Potential Payload Anomaly,Reduce Image Capture Rate,Prevent camera shutdown,Yes,Medium
SCN-02777,Green,Storage,Orbit Correction,Storage < 70%,None,Continue Capturing Images,Store additional payload data,No,Low
SCN-02778,Green,Storage,Capturing Earth Images,Storage < 70%,None,Continue Capturing Images,Store additional payload data,No,Low
SCN-02779,Yellow,Payload,Idle,Camera Temperature Rising,Potential Payload Anomaly,Reduce Image Capture Rate,Prevent camera shutdown,Yes,Medium
SCN-02780,Yellow,Power,Capturing Earth Images,Battery 30-70%,Potential Power Anomaly,Reduce Payload Power,Battery drain reduced,Yes,Medium
SCN-02781,Green,Storage,Calibration,Storage < 70%,None,Continue Capturing Images,Store additional payload data,No,Low
SCN-02782,Green,Communication,Calibration,Signal Stable,None,Continue Downlink,Telemetry transmitted successfully,No,Low
SCN-02783,Green,Thermal,Calibration,Temperature < 45°C,None,Continue Operation,Subsystem remains stable,No,Low
SCN-02784,Yellow,Communication,Idle,Weak Signal,Potential Communication Anomaly,Prepare Next Ground Pass,Avoid communication failure,Yes,Medium
SCN-02785,Green,Power,Calibration,Solar Output Normal,None,Continue Charging,Battery remains healthy,No,Low
SCN-02786,Red,Payload,Downlink,Camera Failure,Payload Failure,Restart Camera Module,Restore payload functionality,Yes,Critical
SCN-02787,Red,Storage,Capturing Earth Images,Storage > 95%,Storage Failure,Stop Image Capture and Downlink,Free storage space,Yes,Critical
SCN-02788,Green,Payload,Idle,Camera Operational,None,Capture Earth Images,Mission objective achieved,No,Low
SCN-02789,Green,Thermal,Capturing Earth Images,Temperature < 45°C,None,Continue Operation,Subsystem remains stable,No,Low
SCN-02790,Yellow,Storage,Capturing Earth Images,Storage 70-90%,Potential Storage Anomaly,Schedule Downlink,Avoid storage overflow,Yes,Medium
SCN-02791,Red,Thermal,Capturing Earth Images,Temperature > 70°C,Thermal Failure,Shutdown Payload,Prevent hardware damage,Yes,Critical
SCN-02792,Red,Thermal,Orbit Correction,Temperature > 70°C,Thermal Failure,Shutdown Payload,Prevent hardware damage,Yes,Critical
SCN-02793,Green,Thermal,Idle,Temperature < 45°C,None,Continue Operation,Subsystem remains stable,No,Low
SCN-02794,Green,Payload,Downlink,Camera Operational,None,Capture Earth Images,Mission objective achieved,No,Low
SCN-02795,Yellow,Thermal,Orbit Correction,Temperature 45-65°C,Potential Thermal Anomaly,Reduce CPU Load,Prevent overheating,Yes,Medium
SCN-02796,Green,Storage,Downlink,Storage < 70%,None,Continue Capturing Images,Store additional payload data,No,Low
SCN-02797,Green,Power,Orbit Correction,Battery > 70%,None,Continue Mission,Nominal power operation,No,Low
SCN-02798,Yellow,Payload,Idle,Camera Temperature Rising,Potential Payload Anomaly,Reduce Image Capture Rate,Prevent camera shutdown,Yes,Medium
SCN-02799,Green,Payload,Orbit Correction,Camera Operational,None,Capture Earth Images,Mission objective achieved,No,Low
SCN-02800,Yellow,Storage,Orbit Correction,Storage 70-90%,Potential Storage Anomaly,Schedule Downlink,Avoid storage overflow,Yes,Medium
SCN-02801,Green,Storage,Calibration,Storage < 70%,None,Continue Capturing Images,Store additional payload data,No,Low
SCN-02802,Yellow,Thermal,Orbit Correction,Temperature 45-65°C,Potential Thermal Anomaly,Reduce CPU Load,Prevent overheating,Yes,Medium
SCN-02803,Yellow,Payload,Idle,Camera Temperature Rising,Potential Payload Anomaly,Reduce Image Capture Rate,Prevent camera shutdown,Yes,Medium
SCN-02804,Yellow,Thermal,Calibration,Temperature 45-65°C,Potential Thermal Anomaly,Reduce CPU Load,Prevent overheating,Yes,Medium
SCN-02805,Red,Thermal,Downlink,Temperature > 70°C,Thermal Failure,Shutdown Payload,Prevent hardware damage,Yes,Critical
SCN-02806,Green,Storage,Calibration,Storage < 70%,None,Continue Capturing Images,Store additional payload data,No,Low
SCN-02807,Green,Storage,Downlink,Storage < 70%,None,Continue Capturing Images,Store additional payload data,No,Low
SCN-02808,Green,Payload,Orbit Correction,Camera Operational,None,Capture Earth Images,Mission objective achieved,No,Low
SCN-02809,Yellow,Payload,Calibration,Camera Temperature Rising,Potential Payload Anomaly,Reduce Image Capture Rate,Prevent camera shutdown,Yes,Medium
SCN-02810,Green,Thermal,Capturing Earth Images,Temperature < 45°C,None,Continue Operation,Subsystem remains stable,No,Low
SCN-02811,Green,Payload,Calibration,Camera Operational,None,Capture Earth Images,Mission objective achieved,No,Low
SCN-02812,Yellow,Communication,Downlink,Weak Signal,Potential Communication Anomaly,Prepare Next Ground Pass,Avoid communication failure,Yes,Medium
SCN-02813,Green,Storage,Orbit Correction,Storage < 70%,None,Continue Capturing Images,Store additional payload data,No,Low
SCN-02814,Yellow,Payload,Idle,Camera Temperature Rising,Potential Payload Anomaly,Reduce Image Capture Rate,Prevent camera shutdown,Yes,Medium
SCN-02815,Yellow,Storage,Calibration,Storage 70-90%,Potential Storage Anomaly,Schedule Downlink,Avoid storage overflow,Yes,Medium
SCN-02816,Green,Communication,Capturing Earth Images,Signal Stable,None,Continue Downlink,Telemetry transmitted successfully,No,Low
SCN-02817,Yellow,Communication,Idle,Weak Signal,Potential Communication Anomaly,Prepare Next Ground Pass,Avoid communication failure,Yes,Medium
SCN-02818,Green,Payload,Orbit Correction,Camera Operational,None,Capture Earth Images,Mission objective achieved,No,Low
SCN-02819,Green,Storage,Idle,Storage < 70%,None,Continue Capturing Images,Store additional payload data,No,Low
SCN-02820,Red,Communication,Idle,Communication Lost,Communication Failure,Queue Commands,Resume during next communication window,Yes,Critical
SCN-02821,Green,Thermal,Idle,Temperature < 45°C,None,Continue Operation,Subsystem remains stable,No,Low
SCN-02822,Yellow,Payload,Downlink,Camera Temperature Rising,Potential Payload Anomaly,Reduce Image Capture Rate,Prevent camera shutdown,Yes,Medium
SCN-02823,Green,Payload,Idle,Camera Operational,None,Capture Earth Images,Mission objective achieved,No,Low
SCN-02824,Red,Communication,Idle,Communication Lost,Communication Failure,Queue Commands,Resume during next communication window,Yes,Critical
SCN-02825,Green,Storage,Orbit Correction,Storage < 70%,None,Continue Capturing Images,Store additional payload data,No,Low
SCN-02826,Green,Storage,Capturing Earth Images,Storage < 70%,None,Continue Capturing Images,Store additional payload data,No,Low
SCN-02827,Red,Thermal,Downlink,Temperature > 70°C,Thermal Failure,Shutdown Payload,Prevent hardware damage,Yes,Critical
SCN-02828,Red,Storage,Idle,Storage > 95%,Storage Failure,Stop Image Capture and Downlink,Free storage space,Yes,Critical
SCN-02829,Green,Communication,Calibration,Signal Stable,None,Continue Downlink,Telemetry transmitted successfully,No,Low
SCN-02830,Green,Payload,Idle,Camera Operational,None,Capture Earth Images,Mission objective achieved,No,Low
SCN-02831,Yellow,Communication,Idle,Weak Signal,Potential Communication Anomaly,Prepare Next Ground Pass,Avoid communication failure,Yes,Medium
SCN-02832,Green,Communication,Calibration,Signal Stable,None,Continue Downlink,Telemetry transmitted successfully,No,Low
SCN-02833,Green,Payload,Capturing Earth Images,Camera Operational,None,Capture Earth Images,Mission objective achieved,No,Low
SCN-02834,Yellow,Communication,Calibration,Weak Signal,Potential Communication Anomaly,Prepare Next Ground Pass,Avoid communication failure,Yes,Medium
SCN-02835,Green,Power,Calibration,Solar Output Normal,None,Continue Charging,Battery remains healthy,No,Low
SCN-02836,Red,Thermal,Idle,Temperature > 70°C,Thermal Failure,Shutdown Payload,Prevent hardware damage,Yes,Critical
SCN-02837,Red,Power,Orbit Correction,Battery < 20%,Power Failure,Enter Safe Mode,Prevent complete battery depletion,Yes,Critical
SCN-02838,Green,Storage,Orbit Correction,Storage < 70%,None,Continue Capturing Images,Store additional payload data,No,Low
SCN-02839,Green,Payload,Downlink,Camera Operational,None,Capture Earth Images,Mission objective achieved,No,Low
SCN-02840,Green,Power,Calibration,Battery > 70%,None,Continue Mission,Nominal power operation,No,Low
SCN-02841,Red,Payload,Capturing Earth Images,Camera Failure,Payload Failure,Restart Camera Module,Restore payload functionality,Yes,Critical
SCN-02842,Yellow,Payload,Capturing Earth Images,Camera Temperature Rising,Potential Payload Anomaly,Reduce Image Capture Rate,Prevent camera shutdown,Yes,Medium
SCN-02843,Red,Power,Idle,Battery < 20%,Power Failure,Enter Safe Mode,Prevent complete battery depletion,Yes,Critical
SCN-02844,Yellow,Storage,Calibration,Storage 70-90%,Potential Storage Anomaly,Schedule Downlink,Avoid storage overflow,Yes,Medium
SCN-02845,Red,Storage,Idle,Storage > 95%,Storage Failure,Stop Image Capture and Downlink,Free storage space,Yes,Critical
SCN-02846,Red,Payload,Idle,Camera Failure,Payload Failure,Restart Camera Module,Restore payload functionality,Yes,Critical
SCN-02847,Green,Thermal,Downlink,Temperature < 45°C,None,Continue Operation,Subsystem remains stable,No,Low
SCN-02848,Green,Storage,Orbit Correction,Storage < 70%,None,Continue Capturing Images,Store additional payload data,No,Low
SCN-02849,Yellow,Payload,Capturing Earth Images,Camera Temperature Rising,Potential Payload Anomaly,Reduce Image Capture Rate,Prevent camera shutdown,Yes,Medium
SCN-02850,Red,Storage,Orbit Correction,Storage > 95%,Storage Failure,Stop Image Capture and Downlink,Free storage space,Yes,Critical
SCN-02851,Yellow,Power,Capturing Earth Images,Solar Output Low,Potential Power Anomaly,Rotate Solar Panels,Increase charging efficiency,Yes,Medium
SCN-02852,Green,Power,Capturing Earth Images,Battery > 70%,None,Continue Mission,Nominal power operation,No,Low
SCN-02853,Green,Power,Downlink,Solar Output Normal,None,Continue Charging,Battery remains healthy,No,Low
SCN-02854,Green,Thermal,Orbit Correction,Temperature < 45°C,None,Continue Operation,Subsystem remains stable,No,Low
SCN-02855,Yellow,Power,Downlink,Solar Output Low,Potential Power Anomaly,Rotate Solar Panels,Increase charging efficiency,Yes,Medium
SCN-02856,Green,Power,Calibration,Battery > 70%,None,Continue Mission,Nominal power operation,No,Low
SCN-02857,Yellow,Power,Idle,Solar Output Low,Potential Power Anomaly,Rotate Solar Panels,Increase charging efficiency,Yes,Medium
SCN-02858,Green,Power,Capturing Earth Images,Battery > 70%,None,Continue Mission,Nominal power operation,No,Low
SCN-02859,Green,Storage,Capturing Earth Images,Storage < 70%,None,Continue Capturing Images,Store additional payload data,No,Low
SCN-02860,Yellow,Power,Idle,Battery 30-70%,Potential Power Anomaly,Reduce Payload Power,Battery drain reduced,Yes,Medium
SCN-02861,Green,Thermal,Downlink,Temperature < 45°C,None,Continue Operation,Subsystem remains stable,No,Low
SCN-02862,Green,Payload,Calibration,Camera Operational,None,Capture Earth Images,Mission objective achieved,No,Low
SCN-02863,Yellow,Payload,Idle,Camera Temperature Rising,Potential Payload Anomaly,Reduce Image Capture Rate,Prevent camera shutdown,Yes,Medium
SCN-02864,Green,Thermal,Capturing Earth Images,Temperature < 45°C,None,Continue Operation,Subsystem remains stable,No,Low
SCN-02865,Green,Payload,Orbit Correction,Camera Operational,None,Capture Earth Images,Mission objective achieved,No,Low
SCN-02866,Green,Payload,Calibration,Camera Operational,None,Capture Earth Images,Mission objective achieved,No,Low
SCN-02867,Green,Storage,Downlink,Storage < 70%,None,Continue Capturing Images,Store additional payload data,No,Low
SCN-02868,Red,Thermal,Capturing Earth Images,Temperature > 70°C,Thermal Failure,Shutdown Payload,Prevent hardware damage,Yes,Critical
SCN-02869,Green,Storage,Capturing Earth Images,Storage < 70%,None,Continue Capturing Images,Store additional payload data,No,Low
SCN-02870,Green,Communication,Orbit Correction,Signal Stable,None,Continue Downlink,Telemetry transmitted successfully,No,Low
SCN-02871,Red,Communication,Downlink,Communication Lost,Communication Failure,Queue Commands,Resume during next communication window,Yes,Critical
SCN-02872,Green,Storage,Orbit Correction,Storage < 70%,None,Continue Capturing Images,Store additional payload data,No,Low
SCN-02873,Green,Communication,Downlink,Signal Stable,None,Continue Downlink,Telemetry transmitted successfully,No,Low
SCN-02874,Red,Communication,Idle,Communication Lost,Communication Failure,Queue Commands,Resume during next communication window,Yes,Critical
SCN-02875,Green,Storage,Downlink,Storage < 70%,None,Continue Capturing Images,Store additional payload data,No,Low
SCN-02876,Yellow,Power,Idle,Battery 30-70%,Potential Power Anomaly,Reduce Payload Power,Battery drain reduced,Yes,Medium
SCN-02877,Green,Payload,Downlink,Camera Operational,None,Capture Earth Images,Mission objective achieved,No,Low
SCN-02878,Green,Storage,Orbit Correction,Storage < 70%,None,Continue Capturing Images,Store additional payload data,No,Low
SCN-02879,Green,Communication,Capturing Earth Images,Signal Stable,None,Continue Downlink,Telemetry transmitted successfully,No,Low
SCN-02880,Green,Payload,Downlink,Camera Operational,None,Capture Earth Images,Mission objective achieved,No,Low
SCN-02881,Green,Payload,Capturing Earth Images,Camera Operational,None,Capture Earth Images,Mission objective achieved,No,Low
SCN-02882,Green,Thermal,Calibration,Temperature < 45°C,None,Continue Operation,Subsystem remains stable,No,Low
SCN-02883,Red,Thermal,Orbit Correction,Temperature > 70°C,Thermal Failure,Shutdown Payload,Prevent hardware damage,Yes,Critical
SCN-02884,Green,Communication,Orbit Correction,Signal Stable,None,Continue Downlink,Telemetry transmitted successfully,No,Low
SCN-02885,Green,Thermal,Downlink,Temperature < 45°C,None,Continue Operation,Subsystem remains stable,No,Low
SCN-02886,Green,Communication,Downlink,Signal Stable,None,Continue Downlink,Telemetry transmitted successfully,No,Low
SCN-02887,Green,Communication,Calibration,Signal Stable,None,Continue Downlink,Telemetry transmitted successfully,No,Low
SCN-02888,Yellow,Storage,Idle,Storage 70-90%,Potential Storage Anomaly,Schedule Downlink,Avoid storage overflow,Yes,Medium
SCN-02889,Red,Communication,Calibration,Communication Lost,Communication Failure,Queue Commands,Resume during next communication window,Yes,Critical
SCN-02890,Yellow,Storage,Capturing Earth Images,Storage 70-90%,Potential Storage Anomaly,Schedule Downlink,Avoid storage overflow,Yes,Medium
SCN-02891,Yellow,Thermal,Idle,Temperature 45-65°C,Potential Thermal Anomaly,Reduce CPU Load,Prevent overheating,Yes,Medium
SCN-02892,Green,Power,Calibration,Battery > 70%,None,Continue Mission,Nominal power operation,No,Low
SCN-02893,Green,Thermal,Orbit Correction,Temperature < 45°C,None,Continue Operation,Subsystem remains stable,No,Low
SCN-02894,Green,Payload,Downlink,Camera Operational,None,Capture Earth Images,Mission objective achieved,No,Low
SCN-02895,Green,Power,Calibration,Battery > 70%,None,Continue Mission,Nominal power operation,No,Low
SCN-02896,Red,Communication,Capturing Earth Images,Communication Lost,Communication Failure,Queue Commands,Resume during next communication window,Yes,Critical
SCN-02897,Green,Thermal,Calibration,Temperature < 45°C,None,Continue Operation,Subsystem remains stable,No,Low
SCN-02898,Red,Thermal,Downlink,Temperature > 70°C,Thermal Failure,Shutdown Payload,Prevent hardware damage,Yes,Critical
SCN-02899,Yellow,Payload,Capturing Earth Images,Camera Temperature Rising,Potential Payload Anomaly,Reduce Image Capture Rate,Prevent camera shutdown,Yes,Medium
SCN-02900,Green,Communication,Capturing Earth Images,Signal Stable,None,Continue Downlink,Telemetry transmitted successfully,No,Low
SCN-02901,Red,Communication,Downlink,Communication Lost,Communication Failure,Queue Commands,Resume during next communication window,Yes,Critical
SCN-02902,Green,Communication,Idle,Signal Stable,None,Continue Downlink,Telemetry transmitted successfully,No,Low
SCN-02903,Green,Thermal,Capturing Earth Images,Temperature < 45°C,None,Continue Operation,Subsystem remains stable,No,Low
SCN-02904,Green,Power,Orbit Correction,Solar Output Normal,None,Continue Charging,Battery remains healthy,No,Low
SCN-02905,Green,Communication,Downlink,Signal Stable,None,Continue Downlink,Telemetry transmitted successfully,No,Low
SCN-02906,Green,Power,Orbit Correction,Solar Output Normal,None,Continue Charging,Battery remains healthy,No,Low
SCN-02907,Yellow,Storage,Capturing Earth Images,Storage 70-90%,Potential Storage Anomaly,Schedule Downlink,Avoid storage overflow,Yes,Medium
SCN-02908,Green,Communication,Orbit Correction,Signal Stable,None,Continue Downlink,Telemetry transmitted successfully,No,Low
SCN-02909,Green,Payload,Calibration,Camera Operational,None,Capture Earth Images,Mission objective achieved,No,Low
SCN-02910,Yellow,Thermal,Downlink,Temperature 45-65°C,Potential Thermal Anomaly,Reduce CPU Load,Prevent overheating,Yes,Medium
SCN-02911,Green,Communication,Orbit Correction,Signal Stable,None,Continue Downlink,Telemetry transmitted successfully,No,Low
SCN-02912,Green,Thermal,Orbit Correction,Temperature < 45°C,None,Continue Operation,Subsystem remains stable,No,Low
SCN-02913,Green,Storage,Orbit Correction,Storage < 70%,None,Continue Capturing Images,Store additional payload data,No,Low
SCN-02914,Green,Power,Orbit Correction,Battery > 70%,None,Continue Mission,Nominal power operation,No,Low
SCN-02915,Green,Power,Orbit Correction,Battery > 70%,None,Continue Mission,Nominal power operation,No,Low
SCN-02916,Green,Payload,Capturing Earth Images,Camera Operational,None,Capture Earth Images,Mission objective achieved,No,Low
SCN-02917,Green,Communication,Idle,Signal Stable,None,Continue Downlink,Telemetry transmitted successfully,No,Low
SCN-02918,Green,Payload,Downlink,Camera Operational,None,Capture Earth Images,Mission objective achieved,No,Low
SCN-02919,Yellow,Storage,Idle,Storage 70-90%,Potential Storage Anomaly,Schedule Downlink,Avoid storage overflow,Yes,Medium
SCN-02920,Yellow,Thermal,Downlink,Temperature 45-65°C,Potential Thermal Anomaly,Reduce CPU Load,Prevent overheating,Yes,Medium
SCN-02921,Green,Payload,Orbit Correction,Camera Operational,None,Capture Earth Images,Mission objective achieved,No,Low
SCN-02922,Green,Payload,Idle,Camera Operational,None,Capture Earth Images,Mission objective achieved,No,Low
SCN-02923,Yellow,Storage,Downlink,Storage 70-90%,Potential Storage Anomaly,Schedule Downlink,Avoid storage overflow,Yes,Medium
SCN-02924,Green,Communication,Orbit Correction,Signal Stable,None,Continue Downlink,Telemetry transmitted successfully,No,Low
SCN-02925,Red,Payload,Downlink,Camera Failure,Payload Failure,Restart Camera Module,Restore payload functionality,Yes,Critical
SCN-02926,Red,Thermal,Idle,Temperature > 70°C,Thermal Failure,Shutdown Payload,Prevent hardware damage,Yes,Critical
SCN-02927,Green,Thermal,Capturing Earth Images,Temperature < 45°C,None,Continue Operation,Subsystem remains stable,No,Low
SCN-02928,Green,Storage,Downlink,Storage < 70%,None,Continue Capturing Images,Store additional payload data,No,Low
SCN-02929,Red,Power,Capturing Earth Images,Solar Panel Failure,Power Failure,Disable Payload,Reduce power consumption,Yes,Critical
SCN-02930,Green,Payload,Capturing Earth Images,Camera Operational,None,Capture Earth Images,Mission objective achieved,No,Low
SCN-02931,Yellow,Storage,Downlink,Storage 70-90%,Potential Storage Anomaly,Schedule Downlink,Avoid storage overflow,Yes,Medium
SCN-02932,Green,Communication,Idle,Signal Stable,None,Continue Downlink,Telemetry transmitted successfully,No,Low
SCN-02933,Green,Storage,Downlink,Storage < 70%,None,Continue Capturing Images,Store additional payload data,No,Low
SCN-02934,Green,Power,Downlink,Battery > 70%,None,Continue Mission,Nominal power operation,No,Low
SCN-02935,Green,Payload,Orbit Correction,Camera Operational,None,Capture Earth Images,Mission objective achieved,No,Low
SCN-02936,Green,Thermal,Orbit Correction,Temperature < 45°C,None,Continue Operation,Subsystem remains stable,No,Low
SCN-02937,Green,Thermal,Downlink,Temperature < 45°C,None,Continue Operation,Subsystem remains stable,No,Low
SCN-02938,Green,Power,Orbit Correction,Solar Output Normal,None,Continue Charging,Battery remains healthy,No,Low
SCN-02939,Red,Power,Calibration,Solar Panel Failure,Power Failure,Disable Payload,Reduce power consumption,Yes,Critical
SCN-02940,Red,Thermal,Idle,Temperature > 70°C,Thermal Failure,Shutdown Payload,Prevent hardware damage,Yes,Critical
SCN-02941,Red,Payload,Capturing Earth Images,Camera Failure,Payload Failure,Restart Camera Module,Restore payload functionality,Yes,Critical
SCN-02942,Green,Power,Calibration,Solar Output Normal,None,Continue Charging,Battery remains healthy,No,Low
SCN-02943,Yellow,Power,Calibration,Solar Output Low,Potential Power Anomaly,Rotate Solar Panels,Increase charging efficiency,Yes,Medium
SCN-02944,Green,Payload,Calibration,Camera Operational,None,Capture Earth Images,Mission objective achieved,No,Low
SCN-02945,Green,Communication,Capturing Earth Images,Signal Stable,None,Continue Downlink,Telemetry transmitted successfully,No,Low
SCN-02946,Yellow,Thermal,Orbit Correction,Temperature 45-65°C,Potential Thermal Anomaly,Reduce CPU Load,Prevent overheating,Yes,Medium
SCN-02947,Green,Communication,Downlink,Signal Stable,None,Continue Downlink,Telemetry transmitted successfully,No,Low
SCN-02948,Green,Power,Idle,Battery > 70%,None,Continue Mission,Nominal power operation,No,Low
SCN-02949,Green,Communication,Orbit Correction,Signal Stable,None,Continue Downlink,Telemetry transmitted successfully,No,Low
SCN-02950,Yellow,Power,Calibration,Solar Output Low,Potential Power Anomaly,Rotate Solar Panels,Increase charging efficiency,Yes,Medium
SCN-02951,Green,Thermal,Orbit Correction,Temperature < 45°C,None,Continue Operation,Subsystem remains stable,No,Low
SCN-02952,Yellow,Storage,Downlink,Storage 70-90%,Potential Storage Anomaly,Schedule Downlink,Avoid storage overflow,Yes,Medium
SCN-02953,Green,Power,Capturing Earth Images,Solar Output Normal,None,Continue Charging,Battery remains healthy,No,Low
SCN-02954,Yellow,Payload,Capturing Earth Images,Camera Temperature Rising,Potential Payload Anomaly,Reduce Image Capture Rate,Prevent camera shutdown,Yes,Medium
SCN-02955,Yellow,Thermal,Capturing Earth Images,Temperature 45-65°C,Potential Thermal Anomaly,Reduce CPU Load,Prevent overheating,Yes,Medium
SCN-02956,Green,Thermal,Orbit Correction,Temperature < 45°C,None,Continue Operation,Subsystem remains stable,No,Low
SCN-02957,Green,Payload,Capturing Earth Images,Camera Operational,None,Capture Earth Images,Mission objective achieved,No,Low
SCN-02958,Green,Storage,Calibration,Storage < 70%,None,Continue Capturing Images,Store additional payload data,No,Low
SCN-02959,Yellow,Storage,Idle,Storage 70-90%,Potential Storage Anomaly,Schedule Downlink,Avoid storage overflow,Yes,Medium
SCN-02960,Green,Power,Capturing Earth Images,Battery > 70%,None,Continue Mission,Nominal power operation,No,Low
SCN-02961,Green,Storage,Idle,Storage < 70%,None,Continue Capturing Images,Store additional payload data,No,Low
SCN-02962,Green,Thermal,Calibration,Temperature < 45°C,None,Continue Operation,Subsystem remains stable,No,Low
SCN-02963,Green,Storage,Capturing Earth Images,Storage < 70%,None,Continue Capturing Images,Store additional payload data,No,Low
SCN-02964,Green,Power,Orbit Correction,Battery > 70%,None,Continue Mission,Nominal power operation,No,Low
SCN-02965,Red,Thermal,Orbit Correction,Temperature > 70°C,Thermal Failure,Shutdown Payload,Prevent hardware damage,Yes,Critical
SCN-02966,Red,Storage,Capturing Earth Images,Storage > 95%,Storage Failure,Stop Image Capture and Downlink,Free storage space,Yes,Critical
SCN-02967,Green,Payload,Idle,Camera Operational,None,Capture Earth Images,Mission objective achieved,No,Low
SCN-02968,Yellow,Storage,Orbit Correction,Storage 70-90%,Potential Storage Anomaly,Schedule Downlink,Avoid storage overflow,Yes,Medium
SCN-02969,Green,Power,Capturing Earth Images,Battery > 70%,None,Continue Mission,Nominal power operation,No,Low
SCN-02970,Green,Thermal,Capturing Earth Images,Temperature < 45°C,None,Continue Operation,Subsystem remains stable,No,Low
SCN-02971,Green,Payload,Calibration,Camera Operational,None,Capture Earth Images,Mission objective achieved,No,Low
SCN-02972,Green,Power,Downlink,Battery > 70%,None,Continue Mission,Nominal power operation,No,Low
SCN-02973,Red,Thermal,Orbit Correction,Temperature > 70°C,Thermal Failure,Shutdown Payload,Prevent hardware damage,Yes,Critical
SCN-02974,Green,Power,Calibration,Battery > 70%,None,Continue Mission,Nominal power operation,No,Low
SCN-02975,Green,Communication,Capturing Earth Images,Signal Stable,None,Continue Downlink,Telemetry transmitted successfully,No,Low
SCN-02976,Green,Payload,Capturing Earth Images,Camera Operational,None,Capture Earth Images,Mission objective achieved,No,Low
SCN-02977,Red,Power,Idle,Solar Panel Failure,Power Failure,Disable Payload,Reduce power consumption,Yes,Critical
SCN-02978,Yellow,Communication,Capturing Earth Images,Weak Signal,Potential Communication Anomaly,Prepare Next Ground Pass,Avoid communication failure,Yes,Medium
SCN-02979,Green,Thermal,Downlink,Temperature < 45°C,None,Continue Operation,Subsystem remains stable,No,Low
SCN-02980,Green,Storage,Calibration,Storage < 70%,None,Continue Capturing Images,Store additional payload data,No,Low
SCN-02981,Green,Storage,Idle,Storage < 70%,None,Continue Capturing Images,Store additional payload data,No,Low
SCN-02982,Green,Storage,Idle,Storage < 70%,None,Continue Capturing Images,Store additional payload data,No,Low
SCN-02983,Yellow,Communication,Capturing Earth Images,Weak Signal,Potential Communication Anomaly,Prepare Next Ground Pass,Avoid communication failure,Yes,Medium
SCN-02984,Green,Power,Orbit Correction,Battery > 70%,None,Continue Mission,Nominal power operation,No,Low
SCN-02985,Green,Payload,Capturing Earth Images,Camera Operational,None,Capture Earth Images,Mission objective achieved,No,Low
SCN-02986,Yellow,Payload,Capturing Earth Images,Camera Temperature Rising,Potential Payload Anomaly,Reduce Image Capture Rate,Prevent camera shutdown,Yes,Medium
SCN-02987,Green,Communication,Capturing Earth Images,Signal Stable,None,Continue Downlink,Telemetry transmitted successfully,No,Low
SCN-02988,Yellow,Payload,Capturing Earth Images,Camera Temperature Rising,Potential Payload Anomaly,Reduce Image Capture Rate,Prevent camera shutdown,Yes,Medium
SCN-02989,Green,Power,Downlink,Solar Output Normal,None,Continue Charging,Battery remains healthy,No,Low
SCN-02990,Green,Communication,Calibration,Signal Stable,None,Continue Downlink,Telemetry transmitted successfully,No,Low
SCN-02991,Red,Communication,Orbit Correction,Communication Lost,Communication Failure,Queue Commands,Resume during next communication window,Yes,Critical
SCN-02992,Yellow,Power,Capturing Earth Images,Solar Output Low,Potential Power Anomaly,Rotate Solar Panels,Increase charging efficiency,Yes,Medium
SCN-02993,Green,Communication,Capturing Earth Images,Signal Stable,None,Continue Downlink,Telemetry transmitted successfully,No,Low
SCN-02994,Yellow,Communication,Downlink,Weak Signal,Potential Communication Anomaly,Prepare Next Ground Pass,Avoid communication failure,Yes,Medium
SCN-02995,Yellow,Payload,Downlink,Camera Temperature Rising,Potential Payload Anomaly,Reduce Image Capture Rate,Prevent camera shutdown,Yes,Medium
SCN-02996,Green,Power,Calibration,Battery > 70%,None,Continue Mission,Nominal power operation,No,Low
SCN-02997,Yellow,Communication,Idle,Weak Signal,Potential Communication Anomaly,Prepare Next Ground Pass,Avoid communication failure,Yes,Medium
SCN-02998,Green,Thermal,Capturing Earth Images,Temperature < 45°C,None,Continue Operation,Subsystem remains stable,No,Low
SCN-02999,Red,Communication,Orbit Correction,Communication Lost,Communication Failure,Queue Commands,Resume during next communication window,Yes,Critical
SCN-03000,Green,Power,Calibration,Battery > 70%,None,Continue Mission,Nominal power operation,No,Low
SCN-03001,Green,Thermal,Idle,Temperature < 45°C,None,Continue Operation,Subsystem remains stable,No,Low
SCN-03002,Green,Thermal,Idle,Temperature < 45°C,None,Continue Operation,Subsystem remains stable,No,Low
SCN-03003,Green,Communication,Downlink,Signal Stable,None,Continue Downlink,Telemetry transmitted successfully,No,Low
SCN-03004,Green,Power,Capturing Earth Images,Solar Output Normal,None,Continue Charging,Battery remains healthy,No,Low
SCN-03005,Green,Power,Downlink,Solar Output Normal,None,Continue Charging,Battery remains healthy,No,Low
SCN-03006,Green,Storage,Orbit Correction,Storage < 70%,None,Continue Capturing Images,Store additional payload data,No,Low
SCN-03007,Green,Payload,Idle,Camera Operational,None,Capture Earth Images,Mission objective achieved,No,Low
SCN-03008,Red,Communication,Capturing Earth Images,Communication Lost,Communication Failure,Queue Commands,Resume during next communication window,Yes,Critical
SCN-03009,Yellow,Communication,Capturing Earth Images,Weak Signal,Potential Communication Anomaly,Prepare Next Ground Pass,Avoid communication failure,Yes,Medium
SCN-03010,Red,Payload,Calibration,Camera Failure,Payload Failure,Restart Camera Module,Restore payload functionality,Yes,Critical
SCN-03011,Green,Storage,Idle,Storage < 70%,None,Continue Capturing Images,Store additional payload data,No,Low
SCN-03012,Yellow,Power,Idle,Solar Output Low,Potential Power Anomaly,Rotate Solar Panels,Increase charging efficiency,Yes,Medium
SCN-03013,Green,Storage,Orbit Correction,Storage < 70%,None,Continue Capturing Images,Store additional payload data,No,Low
SCN-03014,Green,Communication,Capturing Earth Images,Signal Stable,None,Continue Downlink,Telemetry transmitted successfully,No,Low
SCN-03015,Yellow,Power,Idle,Battery 30-70%,Potential Power Anomaly,Reduce Payload Power,Battery drain reduced,Yes,Medium
SCN-03016,Green,Thermal,Downlink,Temperature < 45°C,None,Continue Operation,Subsystem remains stable,No,Low
SCN-03017,Green,Power,Idle,Solar Output Normal,None,Continue Charging,Battery remains healthy,No,Low
SCN-03018,Yellow,Storage,Calibration,Storage 70-90%,Potential Storage Anomaly,Schedule Downlink,Avoid storage overflow,Yes,Medium
SCN-03019,Yellow,Communication,Idle,Weak Signal,Potential Communication Anomaly,Prepare Next Ground Pass,Avoid communication failure,Yes,Medium
SCN-03020,Green,Payload,Capturing Earth Images,Camera Operational,None,Capture Earth Images,Mission objective achieved,No,Low
SCN-03021,Green,Power,Downlink,Battery > 70%,None,Continue Mission,Nominal power operation,No,Low
SCN-03022,Green,Thermal,Idle,Temperature < 45°C,None,Continue Operation,Subsystem remains stable,No,Low
SCN-03023,Green,Thermal,Capturing Earth Images,Temperature < 45°C,None,Continue Operation,Subsystem remains stable,No,Low
SCN-03024,Red,Communication,Orbit Correction,Communication Lost,Communication Failure,Queue Commands,Resume during next communication window,Yes,Critical
SCN-03025,Red,Thermal,Calibration,Temperature > 70°C,Thermal Failure,Shutdown Payload,Prevent hardware damage,Yes,Critical
SCN-03026,Yellow,Payload,Orbit Correction,Camera Temperature Rising,Potential Payload Anomaly,Reduce Image Capture Rate,Prevent camera shutdown,Yes,Medium
SCN-03027,Green,Power,Orbit Correction,Solar Output Normal,None,Continue Charging,Battery remains healthy,No,Low
SCN-03028,Green,Storage,Downlink,Storage < 70%,None,Continue Capturing Images,Store additional payload data,No,Low
SCN-03029,Red,Thermal,Idle,Temperature > 70°C,Thermal Failure,Shutdown Payload,Prevent hardware damage,Yes,Critical
SCN-03030,Green,Thermal,Downlink,Temperature < 45°C,None,Continue Operation,Subsystem remains stable,No,Low
SCN-03031,Green,Communication,Orbit Correction,Signal Stable,None,Continue Downlink,Telemetry transmitted successfully,No,Low
SCN-03032,Yellow,Storage,Downlink,Storage 70-90%,Potential Storage Anomaly,Schedule Downlink,Avoid storage overflow,Yes,Medium
SCN-03033,Yellow,Thermal,Capturing Earth Images,Temperature 45-65°C,Potential Thermal Anomaly,Reduce CPU Load,Prevent overheating,Yes,Medium
SCN-03034,Green,Payload,Downlink,Camera Operational,None,Capture Earth Images,Mission objective achieved,No,Low
SCN-03035,Green,Storage,Capturing Earth Images,Storage < 70%,None,Continue Capturing Images,Store additional payload data,No,Low
SCN-03036,Green,Power,Downlink,Battery > 70%,None,Continue Mission,Nominal power operation,No,Low
SCN-03037,Green,Payload,Downlink,Camera Operational,None,Capture Earth Images,Mission objective achieved,No,Low
SCN-03038,Yellow,Communication,Capturing Earth Images,Weak Signal,Potential Communication Anomaly,Prepare Next Ground Pass,Avoid communication failure,Yes,Medium
SCN-03039,Green,Storage,Calibration,Storage < 70%,None,Continue Capturing Images,Store additional payload data,No,Low
SCN-03040,Yellow,Power,Idle,Solar Output Low,Potential Power Anomaly,Rotate Solar Panels,Increase charging efficiency,Yes,Medium
SCN-03041,Red,Power,Capturing Earth Images,Battery < 20%,Power Failure,Enter Safe Mode,Prevent complete battery depletion,Yes,Critical
SCN-03042,Red,Payload,Orbit Correction,Camera Failure,Payload Failure,Restart Camera Module,Restore payload functionality,Yes,Critical
SCN-03043,Green,Communication,Downlink,Signal Stable,None,Continue Downlink,Telemetry transmitted successfully,No,Low
SCN-03044,Green,Storage,Downlink,Storage < 70%,None,Continue Capturing Images,Store additional payload data,No,Low
SCN-03045,Red,Thermal,Capturing Earth Images,Temperature > 70°C,Thermal Failure,Shutdown Payload,Prevent hardware damage,Yes,Critical
SCN-03046,Green,Thermal,Idle,Temperature < 45°C,None,Continue Operation,Subsystem remains stable,No,Low
SCN-03047,Green,Power,Orbit Correction,Solar Output Normal,None,Continue Charging,Battery remains healthy,No,Low
SCN-03048,Green,Communication,Idle,Signal Stable,None,Continue Downlink,Telemetry transmitted successfully,No,Low
SCN-03049,Green,Storage,Orbit Correction,Storage < 70%,None,Continue Capturing Images,Store additional payload data,No,Low
SCN-03050,Green,Communication,Downlink,Signal Stable,None,Continue Downlink,Telemetry transmitted successfully,No,Low
SCN-03051,Green,Payload,Orbit Correction,Camera Operational,None,Capture Earth Images,Mission objective achieved,No,Low
SCN-03052,Green,Payload,Idle,Camera Operational,None,Capture Earth Images,Mission objective achieved,No,Low
SCN-03053,Green,Communication,Capturing Earth Images,Signal Stable,None,Continue Downlink,Telemetry transmitted successfully,No,Low
SCN-03054,Yellow,Communication,Calibration,Weak Signal,Potential Communication Anomaly,Prepare Next Ground Pass,Avoid communication failure,Yes,Medium
SCN-03055,Green,Storage,Calibration,Storage < 70%,None,Continue Capturing Images,Store additional payload data,No,Low
SCN-03056,Green,Communication,Downlink,Signal Stable,None,Continue Downlink,Telemetry transmitted successfully,No,Low
SCN-03057,Green,Storage,Downlink,Storage < 70%,None,Continue Capturing Images,Store additional payload data,No,Low
SCN-03058,Green,Power,Orbit Correction,Solar Output Normal,None,Continue Charging,Battery remains healthy,No,Low
SCN-03059,Green,Power,Orbit Correction,Battery > 70%,None,Continue Mission,Nominal power operation,No,Low
SCN-03060,Green,Storage,Orbit Correction,Storage < 70%,None,Continue Capturing Images,Store additional payload data,No,Low
SCN-03061,Green,Thermal,Capturing Earth Images,Temperature < 45°C,None,Continue Operation,Subsystem remains stable,No,Low
SCN-03062,Green,Communication,Idle,Signal Stable,None,Continue Downlink,Telemetry transmitted successfully,No,Low
SCN-03063,Yellow,Payload,Orbit Correction,Camera Temperature Rising,Potential Payload Anomaly,Reduce Image Capture Rate,Prevent camera shutdown,Yes,Medium
SCN-03064,Green,Payload,Idle,Camera Operational,None,Capture Earth Images,Mission objective achieved,No,Low
SCN-03065,Red,Communication,Idle,Communication Lost,Communication Failure,Queue Commands,Resume during next communication window,Yes,Critical
SCN-03066,Yellow,Power,Idle,Battery 30-70%,Potential Power Anomaly,Reduce Payload Power,Battery drain reduced,Yes,Medium
SCN-03067,Green,Thermal,Orbit Correction,Temperature < 45°C,None,Continue Operation,Subsystem remains stable,No,Low
SCN-03068,Green,Thermal,Calibration,Temperature < 45°C,None,Continue Operation,Subsystem remains stable,No,Low
SCN-03069,Red,Communication,Idle,Communication Lost,Communication Failure,Queue Commands,Resume during next communication window,Yes,Critical
SCN-03070,Green,Storage,Orbit Correction,Storage < 70%,None,Continue Capturing Images,Store additional payload data,No,Low
SCN-03071,Green,Storage,Capturing Earth Images,Storage < 70%,None,Continue Capturing Images,Store additional payload data,No,Low
SCN-03072,Green,Thermal,Downlink,Temperature < 45°C,None,Continue Operation,Subsystem remains stable,No,Low
SCN-03073,Green,Storage,Orbit Correction,Storage < 70%,None,Continue Capturing Images,Store additional payload data,No,Low
SCN-03074,Yellow,Communication,Downlink,Weak Signal,Potential Communication Anomaly,Prepare Next Ground Pass,Avoid communication failure,Yes,Medium
SCN-03075,Yellow,Power,Orbit Correction,Solar Output Low,Potential Power Anomaly,Rotate Solar Panels,Increase charging efficiency,Yes,Medium
SCN-03076,Green,Communication,Idle,Signal Stable,None,Continue Downlink,Telemetry transmitted successfully,No,Low
SCN-03077,Yellow,Payload,Capturing Earth Images,Camera Temperature Rising,Potential Payload Anomaly,Reduce Image Capture Rate,Prevent camera shutdown,Yes,Medium
SCN-03078,Green,Storage,Idle,Storage < 70%,None,Continue Capturing Images,Store additional payload data,No,Low
SCN-03079,Green,Communication,Orbit Correction,Signal Stable,None,Continue Downlink,Telemetry transmitted successfully,No,Low
SCN-03080,Green,Thermal,Idle,Temperature < 45°C,None,Continue Operation,Subsystem remains stable,No,Low
SCN-03081,Green,Power,Idle,Solar Output Normal,None,Continue Charging,Battery remains healthy,No,Low
SCN-03082,Green,Storage,Calibration,Storage < 70%,None,Continue Capturing Images,Store additional payload data,No,Low
SCN-03083,Red,Payload,Idle,Camera Failure,Payload Failure,Restart Camera Module,Restore payload functionality,Yes,Critical
SCN-03084,Green,Power,Calibration,Battery > 70%,None,Continue Mission,Nominal power operation,No,Low
SCN-03085,Red,Payload,Capturing Earth Images,Camera Failure,Payload Failure,Restart Camera Module,Restore payload functionality,Yes,Critical
SCN-03086,Green,Power,Capturing Earth Images,Battery > 70%,None,Continue Mission,Nominal power operation,No,Low
SCN-03087,Green,Power,Calibration,Battery > 70%,None,Continue Mission,Nominal power operation,No,Low
SCN-03088,Green,Communication,Orbit Correction,Signal Stable,None,Continue Downlink,Telemetry transmitted successfully,No,Low
SCN-03089,Green,Power,Idle,Solar Output Normal,None,Continue Charging,Battery remains healthy,No,Low
SCN-03090,Yellow,Payload,Downlink,Camera Temperature Rising,Potential Payload Anomaly,Reduce Image Capture Rate,Prevent camera shutdown,Yes,Medium
SCN-03091,Green,Power,Capturing Earth Images,Solar Output Normal,None,Continue Charging,Battery remains healthy,No,Low
SCN-03092,Red,Storage,Calibration,Storage > 95%,Storage Failure,Stop Image Capture and Downlink,Free storage space,Yes,Critical
SCN-03093,Green,Storage,Downlink,Storage < 70%,None,Continue Capturing Images,Store additional payload data,No,Low
SCN-03094,Red,Storage,Capturing Earth Images,Storage > 95%,Storage Failure,Stop Image Capture and Downlink,Free storage space,Yes,Critical
SCN-03095,Yellow,Storage,Capturing Earth Images,Storage 70-90%,Potential Storage Anomaly,Schedule Downlink,Avoid storage overflow,Yes,Medium
SCN-03096,Green,Thermal,Idle,Temperature < 45°C,None,Continue Operation,Subsystem remains stable,No,Low
SCN-03097,Green,Storage,Calibration,Storage < 70%,None,Continue Capturing Images,Store additional payload data,No,Low
SCN-03098,Green,Storage,Downlink,Storage < 70%,None,Continue Capturing Images,Store additional payload data,No,Low
SCN-03099,Yellow,Power,Calibration,Solar Output Low,Potential Power Anomaly,Rotate Solar Panels,Increase charging efficiency,Yes,Medium
SCN-03100,Red,Communication,Capturing Earth Images,Communication Lost,Communication Failure,Queue Commands,Resume during next communication window,Yes,Critical
SCN-03101,Green,Storage,Idle,Storage < 70%,None,Continue Capturing Images,Store additional payload data,No,Low
SCN-03102,Green,Power,Idle,Battery > 70%,None,Continue Mission,Nominal power operation,No,Low
SCN-03103,Green,Thermal,Orbit Correction,Temperature < 45°C,None,Continue Operation,Subsystem remains stable,No,Low
SCN-03104,Red,Communication,Idle,Communication Lost,Communication Failure,Queue Commands,Resume during next communication window,Yes,Critical
SCN-03105,Green,Payload,Capturing Earth Images,Camera Operational,None,Capture Earth Images,Mission objective achieved,No,Low
SCN-03106,Red,Communication,Calibration,Communication Lost,Communication Failure,Queue Commands,Resume during next communication window,Yes,Critical
SCN-03107,Red,Communication,Downlink,Communication Lost,Communication Failure,Queue Commands,Resume during next communication window,Yes,Critical
SCN-03108,Red,Payload,Downlink,Camera Failure,Payload Failure,Restart Camera Module,Restore payload functionality,Yes,Critical
SCN-03109,Red,Payload,Downlink,Camera Failure,Payload Failure,Restart Camera Module,Restore payload functionality,Yes,Critical
SCN-03110,Green,Thermal,Orbit Correction,Temperature < 45°C,None,Continue Operation,Subsystem remains stable,No,Low
SCN-03111,Green,Storage,Calibration,Storage < 70%,None,Continue Capturing Images,Store additional payload data,No,Low
SCN-03112,Yellow,Communication,Idle,Weak Signal,Potential Communication Anomaly,Prepare Next Ground Pass,Avoid communication failure,Yes,Medium
SCN-03113,Green,Power,Capturing Earth Images,Solar Output Normal,None,Continue Charging,Battery remains healthy,No,Low
SCN-03114,Green,Thermal,Idle,Temperature < 45°C,None,Continue Operation,Subsystem remains stable,No,Low
SCN-03115,Yellow,Payload,Downlink,Camera Temperature Rising,Potential Payload Anomaly,Reduce Image Capture Rate,Prevent camera shutdown,Yes,Medium
SCN-03116,Green,Thermal,Calibration,Temperature < 45°C,None,Continue Operation,Subsystem remains stable,No,Low
SCN-03117,Green,Power,Downlink,Battery > 70%,None,Continue Mission,Nominal power operation,No,Low
SCN-03118,Yellow,Payload,Downlink,Camera Temperature Rising,Potential Payload Anomaly,Reduce Image Capture Rate,Prevent camera shutdown,Yes,Medium
SCN-03119,Red,Thermal,Calibration,Temperature > 70°C,Thermal Failure,Shutdown Payload,Prevent hardware damage,Yes,Critical
SCN-03120,Yellow,Thermal,Idle,Temperature 45-65°C,Potential Thermal Anomaly,Reduce CPU Load,Prevent overheating,Yes,Medium
SCN-03121,Green,Payload,Capturing Earth Images,Camera Operational,None,Capture Earth Images,Mission objective achieved,No,Low
SCN-03122,Red,Payload,Idle,Camera Failure,Payload Failure,Restart Camera Module,Restore payload functionality,Yes,Critical
SCN-03123,Green,Payload,Downlink,Camera Operational,None,Capture Earth Images,Mission objective achieved,No,Low
SCN-03124,Yellow,Communication,Capturing Earth Images,Weak Signal,Potential Communication Anomaly,Prepare Next Ground Pass,Avoid communication failure,Yes,Medium
SCN-03125,Green,Thermal,Calibration,Temperature < 45°C,None,Continue Operation,Subsystem remains stable,No,Low
SCN-03126,Red,Communication,Calibration,Communication Lost,Communication Failure,Queue Commands,Resume during next communication window,Yes,Critical
SCN-03127,Yellow,Storage,Calibration,Storage 70-90%,Potential Storage Anomaly,Schedule Downlink,Avoid storage overflow,Yes,Medium
SCN-03128,Green,Storage,Orbit Correction,Storage < 70%,None,Continue Capturing Images,Store additional payload data,No,Low
SCN-03129,Green,Storage,Idle,Storage < 70%,None,Continue Capturing Images,Store additional payload data,No,Low
SCN-03130,Green,Payload,Orbit Correction,Camera Operational,None,Capture Earth Images,Mission objective achieved,No,Low
SCN-03131,Green,Payload,Downlink,Camera Operational,None,Capture Earth Images,Mission objective achieved,No,Low
SCN-03132,Red,Power,Idle,Battery < 20%,Power Failure,Enter Safe Mode,Prevent complete battery depletion,Yes,Critical
SCN-03133,Yellow,Power,Orbit Correction,Battery 30-70%,Potential Power Anomaly,Reduce Payload Power,Battery drain reduced,Yes,Medium
SCN-03134,Yellow,Communication,Calibration,Weak Signal,Potential Communication Anomaly,Prepare Next Ground Pass,Avoid communication failure,Yes,Medium
SCN-03135,Red,Payload,Orbit Correction,Camera Failure,Payload Failure,Restart Camera Module,Restore payload functionality,Yes,Critical
SCN-03136,Yellow,Payload,Downlink,Camera Temperature Rising,Potential Payload Anomaly,Reduce Image Capture Rate,Prevent camera shutdown,Yes,Medium
SCN-03137,Green,Payload,Idle,Camera Operational,None,Capture Earth Images,Mission objective achieved,No,Low
SCN-03138,Red,Thermal,Calibration,Temperature > 70°C,Thermal Failure,Shutdown Payload,Prevent hardware damage,Yes,Critical
SCN-03139,Red,Communication,Orbit Correction,Communication Lost,Communication Failure,Queue Commands,Resume during next communication window,Yes,Critical
SCN-03140,Yellow,Payload,Capturing Earth Images,Camera Temperature Rising,Potential Payload Anomaly,Reduce Image Capture Rate,Prevent camera shutdown,Yes,Medium
SCN-03141,Green,Communication,Orbit Correction,Signal Stable,None,Continue Downlink,Telemetry transmitted successfully,No,Low
SCN-03142,Green,Payload,Downlink,Camera Operational,None,Capture Earth Images,Mission objective achieved,No,Low
SCN-03143,Green,Payload,Idle,Camera Operational,None,Capture Earth Images,Mission objective achieved,No,Low
SCN-03144,Green,Storage,Orbit Correction,Storage < 70%,None,Continue Capturing Images,Store additional payload data,No,Low
SCN-03145,Yellow,Payload,Capturing Earth Images,Camera Temperature Rising,Potential Payload Anomaly,Reduce Image Capture Rate,Prevent camera shutdown,Yes,Medium
SCN-03146,Green,Communication,Downlink,Signal Stable,None,Continue Downlink,Telemetry transmitted successfully,No,Low
SCN-03147,Yellow,Thermal,Calibration,Temperature 45-65°C,Potential Thermal Anomaly,Reduce CPU Load,Prevent overheating,Yes,Medium
SCN-03148,Yellow,Power,Downlink,Solar Output Low,Potential Power Anomaly,Rotate Solar Panels,Increase charging efficiency,Yes,Medium
SCN-03149,Green,Payload,Downlink,Camera Operational,None,Capture Earth Images,Mission objective achieved,No,Low
SCN-03150,Green,Power,Idle,Battery > 70%,None,Continue Mission,Nominal power operation,No,Low
SCN-03151,Green,Power,Orbit Correction,Battery > 70%,None,Continue Mission,Nominal power operation,No,Low
SCN-03152,Red,Payload,Orbit Correction,Camera Failure,Payload Failure,Restart Camera Module,Restore payload functionality,Yes,Critical
SCN-03153,Green,Payload,Calibration,Camera Operational,None,Capture Earth Images,Mission objective achieved,No,Low
SCN-03154,Green,Communication,Idle,Signal Stable,None,Continue Downlink,Telemetry transmitted successfully,No,Low
SCN-03155,Green,Storage,Calibration,Storage < 70%,None,Continue Capturing Images,Store additional payload data,No,Low
SCN-03156,Yellow,Payload,Calibration,Camera Temperature Rising,Potential Payload Anomaly,Reduce Image Capture Rate,Prevent camera shutdown,Yes,Medium
SCN-03157,Green,Payload,Calibration,Camera Operational,None,Capture Earth Images,Mission objective achieved,No,Low
SCN-03158,Red,Power,Downlink,Solar Panel Failure,Power Failure,Disable Payload,Reduce power consumption,Yes,Critical
SCN-03159,Green,Power,Idle,Solar Output Normal,None,Continue Charging,Battery remains healthy,No,Low
SCN-03160,Green,Storage,Idle,Storage < 70%,None,Continue Capturing Images,Store additional payload data,No,Low
SCN-03161,Green,Communication,Idle,Signal Stable,None,Continue Downlink,Telemetry transmitted successfully,No,Low
SCN-03162,Green,Payload,Orbit Correction,Camera Operational,None,Capture Earth Images,Mission objective achieved,No,Low
SCN-03163,Green,Power,Capturing Earth Images,Battery > 70%,None,Continue Mission,Nominal power operation,No,Low
SCN-03164,Green,Thermal,Idle,Temperature < 45°C,None,Continue Operation,Subsystem remains stable,No,Low
SCN-03165,Green,Thermal,Calibration,Temperature < 45°C,None,Continue Operation,Subsystem remains stable,No,Low
SCN-03166,Green,Thermal,Idle,Temperature < 45°C,None,Continue Operation,Subsystem remains stable,No,Low
SCN-03167,Green,Thermal,Capturing Earth Images,Temperature < 45°C,None,Continue Operation,Subsystem remains stable,No,Low
SCN-03168,Yellow,Power,Capturing Earth Images,Solar Output Low,Potential Power Anomaly,Rotate Solar Panels,Increase charging efficiency,Yes,Medium
SCN-03169,Red,Communication,Capturing Earth Images,Communication Lost,Communication Failure,Queue Commands,Resume during next communication window,Yes,Critical
SCN-03170,Green,Power,Capturing Earth Images,Solar Output Normal,None,Continue Charging,Battery remains healthy,No,Low
SCN-03171,Green,Thermal,Orbit Correction,Temperature < 45°C,None,Continue Operation,Subsystem remains stable,No,Low
SCN-03172,Green,Storage,Calibration,Storage < 70%,None,Continue Capturing Images,Store additional payload data,No,Low
SCN-03173,Green,Storage,Downlink,Storage < 70%,None,Continue Capturing Images,Store additional payload data,No,Low
SCN-03174,Green,Payload,Calibration,Camera Operational,None,Capture Earth Images,Mission objective achieved,No,Low
SCN-03175,Green,Communication,Downlink,Signal Stable,None,Continue Downlink,Telemetry transmitted successfully,No,Low
SCN-03176,Green,Power,Downlink,Solar Output Normal,None,Continue Charging,Battery remains healthy,No,Low
SCN-03177,Yellow,Communication,Orbit Correction,Weak Signal,Potential Communication Anomaly,Prepare Next Ground Pass,Avoid communication failure,Yes,Medium
SCN-03178,Green,Storage,Capturing Earth Images,Storage < 70%,None,Continue Capturing Images,Store additional payload data,No,Low
SCN-03179,Green,Storage,Capturing Earth Images,Storage < 70%,None,Continue Capturing Images,Store additional payload data,No,Low
SCN-03180,Red,Communication,Calibration,Communication Lost,Communication Failure,Queue Commands,Resume during next communication window,Yes,Critical
SCN-03181,Green,Communication,Capturing Earth Images,Signal Stable,None,Continue Downlink,Telemetry transmitted successfully,No,Low
SCN-03182,Red,Thermal,Calibration,Temperature > 70°C,Thermal Failure,Shutdown Payload,Prevent hardware damage,Yes,Critical
SCN-03183,Red,Storage,Calibration,Storage > 95%,Storage Failure,Stop Image Capture and Downlink,Free storage space,Yes,Critical
SCN-03184,Green,Storage,Calibration,Storage < 70%,None,Continue Capturing Images,Store additional payload data,No,Low
SCN-03185,Green,Payload,Orbit Correction,Camera Operational,None,Capture Earth Images,Mission objective achieved,No,Low
SCN-03186,Yellow,Storage,Capturing Earth Images,Storage 70-90%,Potential Storage Anomaly,Schedule Downlink,Avoid storage overflow,Yes,Medium
SCN-03187,Green,Power,Orbit Correction,Battery > 70%,None,Continue Mission,Nominal power operation,No,Low
SCN-03188,Green,Communication,Capturing Earth Images,Signal Stable,None,Continue Downlink,Telemetry transmitted successfully,No,Low
SCN-03189,Yellow,Payload,Capturing Earth Images,Camera Temperature Rising,Potential Payload Anomaly,Reduce Image Capture Rate,Prevent camera shutdown,Yes,Medium
SCN-03190,Yellow,Power,Downlink,Solar Output Low,Potential Power Anomaly,Rotate Solar Panels,Increase charging efficiency,Yes,Medium
SCN-03191,Green,Power,Downlink,Solar Output Normal,None,Continue Charging,Battery remains healthy,No,Low
SCN-03192,Yellow,Payload,Idle,Camera Temperature Rising,Potential Payload Anomaly,Reduce Image Capture Rate,Prevent camera shutdown,Yes,Medium
SCN-03193,Yellow,Storage,Downlink,Storage 70-90%,Potential Storage Anomaly,Schedule Downlink,Avoid storage overflow,Yes,Medium
SCN-03194,Red,Thermal,Downlink,Temperature > 70°C,Thermal Failure,Shutdown Payload,Prevent hardware damage,Yes,Critical
SCN-03195,Green,Payload,Capturing Earth Images,Camera Operational,None,Capture Earth Images,Mission objective achieved,No,Low
SCN-03196,Green,Thermal,Orbit Correction,Temperature < 45°C,None,Continue Operation,Subsystem remains stable,No,Low
SCN-03197,Green,Power,Capturing Earth Images,Battery > 70%,None,Continue Mission,Nominal power operation,No,Low
SCN-03198,Red,Storage,Calibration,Storage > 95%,Storage Failure,Stop Image Capture and Downlink,Free storage space,Yes,Critical
SCN-03199,Red,Communication,Orbit Correction,Communication Lost,Communication Failure,Queue Commands,Resume during next communication window,Yes,Critical
SCN-03200,Green,Payload,Downlink,Camera Operational,None,Capture Earth Images,Mission objective achieved,No,Low
SCN-03201,Green,Storage,Capturing Earth Images,Storage < 70%,None,Continue Capturing Images,Store additional payload data,No,Low
SCN-03202,Green,Communication,Capturing Earth Images,Signal Stable,None,Continue Downlink,Telemetry transmitted successfully,No,Low
SCN-03203,Red,Storage,Idle,Storage > 95%,Storage Failure,Stop Image Capture and Downlink,Free storage space,Yes,Critical
SCN-03204,Red,Power,Orbit Correction,Battery < 20%,Power Failure,Enter Safe Mode,Prevent complete battery depletion,Yes,Critical
SCN-03205,Green,Power,Calibration,Solar Output Normal,None,Continue Charging,Battery remains healthy,No,Low
SCN-03206,Yellow,Payload,Orbit Correction,Camera Temperature Rising,Potential Payload Anomaly,Reduce Image Capture Rate,Prevent camera shutdown,Yes,Medium
SCN-03207,Green,Thermal,Downlink,Temperature < 45°C,None,Continue Operation,Subsystem remains stable,No,Low
SCN-03208,Red,Payload,Downlink,Camera Failure,Payload Failure,Restart Camera Module,Restore payload functionality,Yes,Critical
SCN-03209,Green,Thermal,Calibration,Temperature < 45°C,None,Continue Operation,Subsystem remains stable,No,Low
SCN-03210,Green,Payload,Idle,Camera Operational,None,Capture Earth Images,Mission objective achieved,No,Low
SCN-03211,Green,Thermal,Downlink,Temperature < 45°C,None,Continue Operation,Subsystem remains stable,No,Low
SCN-03212,Red,Storage,Calibration,Storage > 95%,Storage Failure,Stop Image Capture and Downlink,Free storage space,Yes,Critical
SCN-03213,Green,Power,Downlink,Battery > 70%,None,Continue Mission,Nominal power operation,No,Low
SCN-03214,Yellow,Storage,Orbit Correction,Storage 70-90%,Potential Storage Anomaly,Schedule Downlink,Avoid storage overflow,Yes,Medium
SCN-03215,Yellow,Storage,Downlink,Storage 70-90%,Potential Storage Anomaly,Schedule Downlink,Avoid storage overflow,Yes,Medium
SCN-03216,Green,Communication,Orbit Correction,Signal Stable,None,Continue Downlink,Telemetry transmitted successfully,No,Low
SCN-03217,Green,Storage,Downlink,Storage < 70%,None,Continue Capturing Images,Store additional payload data,No,Low
SCN-03218,Red,Power,Calibration,Solar Panel Failure,Power Failure,Disable Payload,Reduce power consumption,Yes,Critical
SCN-03219,Green,Communication,Orbit Correction,Signal Stable,None,Continue Downlink,Telemetry transmitted successfully,No,Low
SCN-03220,Green,Storage,Calibration,Storage < 70%,None,Continue Capturing Images,Store additional payload data,No,Low
SCN-03221,Green,Thermal,Downlink,Temperature < 45°C,None,Continue Operation,Subsystem remains stable,No,Low
SCN-03222,Green,Payload,Orbit Correction,Camera Operational,None,Capture Earth Images,Mission objective achieved,No,Low
SCN-03223,Green,Communication,Idle,Signal Stable,None,Continue Downlink,Telemetry transmitted successfully,No,Low
SCN-03224,Red,Power,Calibration,Solar Panel Failure,Power Failure,Disable Payload,Reduce power consumption,Yes,Critical
SCN-03225,Red,Power,Orbit Correction,Battery < 20%,Power Failure,Enter Safe Mode,Prevent complete battery depletion,Yes,Critical
SCN-03226,Yellow,Storage,Downlink,Storage 70-90%,Potential Storage Anomaly,Schedule Downlink,Avoid storage overflow,Yes,Medium
SCN-03227,Red,Power,Downlink,Battery < 20%,Power Failure,Enter Safe Mode,Prevent complete battery depletion,Yes,Critical
SCN-03228,Yellow,Payload,Calibration,Camera Temperature Rising,Potential Payload Anomaly,Reduce Image Capture Rate,Prevent camera shutdown,Yes,Medium
SCN-03229,Red,Power,Idle,Solar Panel Failure,Power Failure,Disable Payload,Reduce power consumption,Yes,Critical
SCN-03230,Green,Communication,Orbit Correction,Signal Stable,None,Continue Downlink,Telemetry transmitted successfully,No,Low
SCN-03231,Green,Thermal,Orbit Correction,Temperature < 45°C,None,Continue Operation,Subsystem remains stable,No,Low
SCN-03232,Green,Power,Downlink,Solar Output Normal,None,Continue Charging,Battery remains healthy,No,Low
SCN-03233,Green,Communication,Downlink,Signal Stable,None,Continue Downlink,Telemetry transmitted successfully,No,Low
SCN-03234,Green,Storage,Orbit Correction,Storage < 70%,None,Continue Capturing Images,Store additional payload data,No,Low
SCN-03235,Green,Communication,Orbit Correction,Signal Stable,None,Continue Downlink,Telemetry transmitted successfully,No,Low
SCN-03236,Green,Power,Calibration,Battery > 70%,None,Continue Mission,Nominal power operation,No,Low
SCN-03237,Red,Payload,Calibration,Camera Failure,Payload Failure,Restart Camera Module,Restore payload functionality,Yes,Critical
SCN-03238,Green,Storage,Downlink,Storage < 70%,None,Continue Capturing Images,Store additional payload data,No,Low
SCN-03239,Yellow,Payload,Calibration,Camera Temperature Rising,Potential Payload Anomaly,Reduce Image Capture Rate,Prevent camera shutdown,Yes,Medium
SCN-03240,Yellow,Power,Orbit Correction,Battery 30-70%,Potential Power Anomaly,Reduce Payload Power,Battery drain reduced,Yes,Medium
SCN-03241,Green,Thermal,Idle,Temperature < 45°C,None,Continue Operation,Subsystem remains stable,No,Low
SCN-03242,Green,Power,Calibration,Solar Output Normal,None,Continue Charging,Battery remains healthy,No,Low
SCN-03243,Green,Power,Idle,Battery > 70%,None,Continue Mission,Nominal power operation,No,Low
SCN-03244,Green,Power,Idle,Solar Output Normal,None,Continue Charging,Battery remains healthy,No,Low
SCN-03245,Green,Thermal,Capturing Earth Images,Temperature < 45°C,None,Continue Operation,Subsystem remains stable,No,Low
SCN-03246,Red,Thermal,Orbit Correction,Temperature > 70°C,Thermal Failure,Shutdown Payload,Prevent hardware damage,Yes,Critical
SCN-03247,Red,Payload,Orbit Correction,Camera Failure,Payload Failure,Restart Camera Module,Restore payload functionality,Yes,Critical
SCN-03248,Green,Power,Orbit Correction,Solar Output Normal,None,Continue Charging,Battery remains healthy,No,Low
SCN-03249,Green,Storage,Idle,Storage < 70%,None,Continue Capturing Images,Store additional payload data,No,Low
SCN-03250,Green,Thermal,Orbit Correction,Temperature < 45°C,None,Continue Operation,Subsystem remains stable,No,Low
SCN-03251,Yellow,Payload,Calibration,Camera Temperature Rising,Potential Payload Anomaly,Reduce Image Capture Rate,Prevent camera shutdown,Yes,Medium
SCN-03252,Green,Power,Orbit Correction,Battery > 70%,None,Continue Mission,Nominal power operation,No,Low
SCN-03253,Green,Storage,Downlink,Storage < 70%,None,Continue Capturing Images,Store additional payload data,No,Low
SCN-03254,Yellow,Communication,Capturing Earth Images,Weak Signal,Potential Communication Anomaly,Prepare Next Ground Pass,Avoid communication failure,Yes,Medium
SCN-03255,Green,Power,Orbit Correction,Battery > 70%,None,Continue Mission,Nominal power operation,No,Low
SCN-03256,Yellow,Storage,Capturing Earth Images,Storage 70-90%,Potential Storage Anomaly,Schedule Downlink,Avoid storage overflow,Yes,Medium
SCN-03257,Green,Thermal,Capturing Earth Images,Temperature < 45°C,None,Continue Operation,Subsystem remains stable,No,Low
SCN-03258,Yellow,Communication,Downlink,Weak Signal,Potential Communication Anomaly,Prepare Next Ground Pass,Avoid communication failure,Yes,Medium
SCN-03259,Green,Communication,Orbit Correction,Signal Stable,None,Continue Downlink,Telemetry transmitted successfully,No,Low
SCN-03260,Yellow,Payload,Idle,Camera Temperature Rising,Potential Payload Anomaly,Reduce Image Capture Rate,Prevent camera shutdown,Yes,Medium
SCN-03261,Green,Thermal,Orbit Correction,Temperature < 45°C,None,Continue Operation,Subsystem remains stable,No,Low
SCN-03262,Green,Payload,Downlink,Camera Operational,None,Capture Earth Images,Mission objective achieved,No,Low
SCN-03263,Green,Communication,Calibration,Signal Stable,None,Continue Downlink,Telemetry transmitted successfully,No,Low
SCN-03264,Green,Storage,Downlink,Storage < 70%,None,Continue Capturing Images,Store additional payload data,No,Low
SCN-03265,Green,Communication,Calibration,Signal Stable,None,Continue Downlink,Telemetry transmitted successfully,No,Low
SCN-03266,Green,Thermal,Capturing Earth Images,Temperature < 45°C,None,Continue Operation,Subsystem remains stable,No,Low
SCN-03267,Green,Power,Downlink,Solar Output Normal,None,Continue Charging,Battery remains healthy,No,Low
SCN-03268,Green,Payload,Capturing Earth Images,Camera Operational,None,Capture Earth Images,Mission objective achieved,No,Low
SCN-03269,Yellow,Storage,Idle,Storage 70-90%,Potential Storage Anomaly,Schedule Downlink,Avoid storage overflow,Yes,Medium
SCN-03270,Green,Payload,Calibration,Camera Operational,None,Capture Earth Images,Mission objective achieved,No,Low
SCN-03271,Yellow,Payload,Idle,Camera Temperature Rising,Potential Payload Anomaly,Reduce Image Capture Rate,Prevent camera shutdown,Yes,Medium
SCN-03272,Green,Communication,Capturing Earth Images,Signal Stable,None,Continue Downlink,Telemetry transmitted successfully,No,Low
SCN-03273,Green,Communication,Capturing Earth Images,Signal Stable,None,Continue Downlink,Telemetry transmitted successfully,No,Low
SCN-03274,Green,Payload,Downlink,Camera Operational,None,Capture Earth Images,Mission objective achieved,No,Low
SCN-03275,Green,Storage,Orbit Correction,Storage < 70%,None,Continue Capturing Images,Store additional payload data,No,Low
SCN-03276,Green,Storage,Orbit Correction,Storage < 70%,None,Continue Capturing Images,Store additional payload data,No,Low
SCN-03277,Green,Communication,Orbit Correction,Signal Stable,None,Continue Downlink,Telemetry transmitted successfully,No,Low
SCN-03278,Green,Power,Capturing Earth Images,Solar Output Normal,None,Continue Charging,Battery remains healthy,No,Low
SCN-03279,Green,Power,Downlink,Battery > 70%,None,Continue Mission,Nominal power operation,No,Low
SCN-03280,Green,Thermal,Orbit Correction,Temperature < 45°C,None,Continue Operation,Subsystem remains stable,No,Low
SCN-03281,Green,Thermal,Orbit Correction,Temperature < 45°C,None,Continue Operation,Subsystem remains stable,No,Low
SCN-03282,Green,Payload,Orbit Correction,Camera Operational,None,Capture Earth Images,Mission objective achieved,No,Low
SCN-03283,Green,Storage,Calibration,Storage < 70%,None,Continue Capturing Images,Store additional payload data,No,Low
SCN-03284,Green,Payload,Idle,Camera Operational,None,Capture Earth Images,Mission objective achieved,No,Low
SCN-03285,Green,Storage,Downlink,Storage < 70%,None,Continue Capturing Images,Store additional payload data,No,Low
SCN-03286,Yellow,Payload,Idle,Camera Temperature Rising,Potential Payload Anomaly,Reduce Image Capture Rate,Prevent camera shutdown,Yes,Medium
SCN-03287,Green,Communication,Downlink,Signal Stable,None,Continue Downlink,Telemetry transmitted successfully,No,Low
SCN-03288,Green,Storage,Downlink,Storage < 70%,None,Continue Capturing Images,Store additional payload data,No,Low
SCN-03289,Red,Payload,Capturing Earth Images,Camera Failure,Payload Failure,Restart Camera Module,Restore payload functionality,Yes,Critical
SCN-03290,Green,Power,Orbit Correction,Battery > 70%,None,Continue Mission,Nominal power operation,No,Low
SCN-03291,Yellow,Thermal,Idle,Temperature 45-65°C,Potential Thermal Anomaly,Reduce CPU Load,Prevent overheating,Yes,Medium
SCN-03292,Green,Thermal,Orbit Correction,Temperature < 45°C,None,Continue Operation,Subsystem remains stable,No,Low
SCN-03293,Green,Thermal,Capturing Earth Images,Temperature < 45°C,None,Continue Operation,Subsystem remains stable,No,Low
SCN-03294,Yellow,Payload,Calibration,Camera Temperature Rising,Potential Payload Anomaly,Reduce Image Capture Rate,Prevent camera shutdown,Yes,Medium
SCN-03295,Green,Power,Downlink,Solar Output Normal,None,Continue Charging,Battery remains healthy,No,Low
SCN-03296,Yellow,Power,Capturing Earth Images,Battery 30-70%,Potential Power Anomaly,Reduce Payload Power,Battery drain reduced,Yes,Medium
SCN-03297,Green,Communication,Idle,Signal Stable,None,Continue Downlink,Telemetry transmitted successfully,No,Low
SCN-03298,Green,Payload,Capturing Earth Images,Camera Operational,None,Capture Earth Images,Mission objective achieved,No,Low
SCN-03299,Green,Payload,Calibration,Camera Operational,None,Capture Earth Images,Mission objective achieved,No,Low
SCN-03300,Red,Communication,Calibration,Communication Lost,Communication Failure,Queue Commands,Resume during next communication window,Yes,Critical
SCN-03301,Yellow,Storage,Downlink,Storage 70-90%,Potential Storage Anomaly,Schedule Downlink,Avoid storage overflow,Yes,Medium
SCN-03302,Red,Storage,Idle,Storage > 95%,Storage Failure,Stop Image Capture and Downlink,Free storage space,Yes,Critical
SCN-03303,Green,Storage,Capturing Earth Images,Storage < 70%,None,Continue Capturing Images,Store additional payload data,No,Low
SCN-03304,Green,Power,Orbit Correction,Solar Output Normal,None,Continue Charging,Battery remains healthy,No,Low
SCN-03305,Yellow,Communication,Capturing Earth Images,Weak Signal,Potential Communication Anomaly,Prepare Next Ground Pass,Avoid communication failure,Yes,Medium
SCN-03306,Green,Communication,Capturing Earth Images,Signal Stable,None,Continue Downlink,Telemetry transmitted successfully,No,Low
SCN-03307,Green,Payload,Calibration,Camera Operational,None,Capture Earth Images,Mission objective achieved,No,Low
SCN-03308,Green,Thermal,Capturing Earth Images,Temperature < 45°C,None,Continue Operation,Subsystem remains stable,No,Low
SCN-03309,Green,Power,Downlink,Solar Output Normal,None,Continue Charging,Battery remains healthy,No,Low
SCN-03310,Green,Power,Orbit Correction,Battery > 70%,None,Continue Mission,Nominal power operation,No,Low
SCN-03311,Green,Power,Capturing Earth Images,Battery > 70%,None,Continue Mission,Nominal power operation,No,Low
SCN-03312,Green,Payload,Idle,Camera Operational,None,Capture Earth Images,Mission objective achieved,No,Low
SCN-03313,Yellow,Power,Capturing Earth Images,Solar Output Low,Potential Power Anomaly,Rotate Solar Panels,Increase charging efficiency,Yes,Medium
SCN-03314,Green,Communication,Orbit Correction,Signal Stable,None,Continue Downlink,Telemetry transmitted successfully,No,Low
SCN-03315,Green,Thermal,Idle,Temperature < 45°C,None,Continue Operation,Subsystem remains stable,No,Low
SCN-03316,Yellow,Communication,Calibration,Weak Signal,Potential Communication Anomaly,Prepare Next Ground Pass,Avoid communication failure,Yes,Medium
SCN-03317,Green,Payload,Orbit Correction,Camera Operational,None,Capture Earth Images,Mission objective achieved,No,Low
SCN-03318,Green,Communication,Capturing Earth Images,Signal Stable,None,Continue Downlink,Telemetry transmitted successfully,No,Low
SCN-03319,Green,Storage,Capturing Earth Images,Storage < 70%,None,Continue Capturing Images,Store additional payload data,No,Low
SCN-03320,Green,Storage,Capturing Earth Images,Storage < 70%,None,Continue Capturing Images,Store additional payload data,No,Low
SCN-03321,Green,Storage,Capturing Earth Images,Storage < 70%,None,Continue Capturing Images,Store additional payload data,No,Low
SCN-03322,Yellow,Thermal,Orbit Correction,Temperature 45-65°C,Potential Thermal Anomaly,Reduce CPU Load,Prevent overheating,Yes,Medium
SCN-03323,Green,Payload,Calibration,Camera Operational,None,Capture Earth Images,Mission objective achieved,No,Low
SCN-03324,Green,Communication,Idle,Signal Stable,None,Continue Downlink,Telemetry transmitted successfully,No,Low
SCN-03325,Red,Storage,Calibration,Storage > 95%,Storage Failure,Stop Image Capture and Downlink,Free storage space,Yes,Critical
SCN-03326,Green,Payload,Calibration,Camera Operational,None,Capture Earth Images,Mission objective achieved,No,Low
SCN-03327,Green,Storage,Downlink,Storage < 70%,None,Continue Capturing Images,Store additional payload data,No,Low
SCN-03328,Green,Payload,Capturing Earth Images,Camera Operational,None,Capture Earth Images,Mission objective achieved,No,Low
SCN-03329,Yellow,Storage,Idle,Storage 70-90%,Potential Storage Anomaly,Schedule Downlink,Avoid storage overflow,Yes,Medium
SCN-03330,Red,Thermal,Capturing Earth Images,Temperature > 70°C,Thermal Failure,Shutdown Payload,Prevent hardware damage,Yes,Critical
SCN-03331,Red,Storage,Capturing Earth Images,Storage > 95%,Storage Failure,Stop Image Capture and Downlink,Free storage space,Yes,Critical
SCN-03332,Green,Communication,Idle,Signal Stable,None,Continue Downlink,Telemetry transmitted successfully,No,Low
SCN-03333,Green,Thermal,Calibration,Temperature < 45°C,None,Continue Operation,Subsystem remains stable,No,Low
SCN-03334,Green,Power,Orbit Correction,Battery > 70%,None,Continue Mission,Nominal power operation,No,Low
SCN-03335,Green,Communication,Downlink,Signal Stable,None,Continue Downlink,Telemetry transmitted successfully,No,Low
SCN-03336,Yellow,Power,Idle,Battery 30-70%,Potential Power Anomaly,Reduce Payload Power,Battery drain reduced,Yes,Medium
SCN-03337,Green,Communication,Calibration,Signal Stable,None,Continue Downlink,Telemetry transmitted successfully,No,Low
SCN-03338,Green,Thermal,Capturing Earth Images,Temperature < 45°C,None,Continue Operation,Subsystem remains stable,No,Low
SCN-03339,Green,Communication,Orbit Correction,Signal Stable,None,Continue Downlink,Telemetry transmitted successfully,No,Low
SCN-03340,Green,Payload,Calibration,Camera Operational,None,Capture Earth Images,Mission objective achieved,No,Low
SCN-03341,Yellow,Communication,Capturing Earth Images,Weak Signal,Potential Communication Anomaly,Prepare Next Ground Pass,Avoid communication failure,Yes,Medium
SCN-03342,Yellow,Communication,Calibration,Weak Signal,Potential Communication Anomaly,Prepare Next Ground Pass,Avoid communication failure,Yes,Medium
SCN-03343,Green,Communication,Downlink,Signal Stable,None,Continue Downlink,Telemetry transmitted successfully,No,Low
SCN-03344,Green,Thermal,Downlink,Temperature < 45°C,None,Continue Operation,Subsystem remains stable,No,Low
SCN-03345,Green,Payload,Capturing Earth Images,Camera Operational,None,Capture Earth Images,Mission objective achieved,No,Low
SCN-03346,Green,Payload,Calibration,Camera Operational,None,Capture Earth Images,Mission objective achieved,No,Low
SCN-03347,Red,Storage,Downlink,Storage > 95%,Storage Failure,Stop Image Capture and Downlink,Free storage space,Yes,Critical
SCN-03348,Green,Payload,Downlink,Camera Operational,None,Capture Earth Images,Mission objective achieved,No,Low
SCN-03349,Yellow,Thermal,Capturing Earth Images,Temperature 45-65°C,Potential Thermal Anomaly,Reduce CPU Load,Prevent overheating,Yes,Medium
SCN-03350,Yellow,Power,Orbit Correction,Solar Output Low,Potential Power Anomaly,Rotate Solar Panels,Increase charging efficiency,Yes,Medium
SCN-03351,Green,Storage,Calibration,Storage < 70%,None,Continue Capturing Images,Store additional payload data,No,Low
SCN-03352,Green,Communication,Orbit Correction,Signal Stable,None,Continue Downlink,Telemetry transmitted successfully,No,Low
SCN-03353,Green,Payload,Capturing Earth Images,Camera Operational,None,Capture Earth Images,Mission objective achieved,No,Low
SCN-03354,Yellow,Power,Capturing Earth Images,Battery 30-70%,Potential Power Anomaly,Reduce Payload Power,Battery drain reduced,Yes,Medium
SCN-03355,Red,Thermal,Idle,Temperature > 70°C,Thermal Failure,Shutdown Payload,Prevent hardware damage,Yes,Critical
SCN-03356,Green,Storage,Orbit Correction,Storage < 70%,None,Continue Capturing Images,Store additional payload data,No,Low
SCN-03357,Green,Communication,Orbit Correction,Signal Stable,None,Continue Downlink,Telemetry transmitted successfully,No,Low
SCN-03358,Green,Payload,Calibration,Camera Operational,None,Capture Earth Images,Mission objective achieved,No,Low
SCN-03359,Yellow,Payload,Calibration,Camera Temperature Rising,Potential Payload Anomaly,Reduce Image Capture Rate,Prevent camera shutdown,Yes,Medium
SCN-03360,Green,Thermal,Downlink,Temperature < 45°C,None,Continue Operation,Subsystem remains stable,No,Low
SCN-03361,Green,Communication,Calibration,Signal Stable,None,Continue Downlink,Telemetry transmitted successfully,No,Low
SCN-03362,Yellow,Payload,Capturing Earth Images,Camera Temperature Rising,Potential Payload Anomaly,Reduce Image Capture Rate,Prevent camera shutdown,Yes,Medium
SCN-03363,Green,Power,Idle,Solar Output Normal,None,Continue Charging,Battery remains healthy,No,Low
SCN-03364,Yellow,Storage,Orbit Correction,Storage 70-90%,Potential Storage Anomaly,Schedule Downlink,Avoid storage overflow,Yes,Medium
SCN-03365,Yellow,Thermal,Orbit Correction,Temperature 45-65°C,Potential Thermal Anomaly,Reduce CPU Load,Prevent overheating,Yes,Medium
SCN-03366,Red,Storage,Calibration,Storage > 95%,Storage Failure,Stop Image Capture and Downlink,Free storage space,Yes,Critical
SCN-03367,Green,Storage,Idle,Storage < 70%,None,Continue Capturing Images,Store additional payload data,No,Low
SCN-03368,Green,Storage,Calibration,Storage < 70%,None,Continue Capturing Images,Store additional payload data,No,Low
SCN-03369,Green,Payload,Orbit Correction,Camera Operational,None,Capture Earth Images,Mission objective achieved,No,Low
SCN-03370,Yellow,Payload,Downlink,Camera Temperature Rising,Potential Payload Anomaly,Reduce Image Capture Rate,Prevent camera shutdown,Yes,Medium
SCN-03371,Red,Thermal,Orbit Correction,Temperature > 70°C,Thermal Failure,Shutdown Payload,Prevent hardware damage,Yes,Critical
SCN-03372,Green,Payload,Calibration,Camera Operational,None,Capture Earth Images,Mission objective achieved,No,Low
SCN-03373,Green,Storage,Idle,Storage < 70%,None,Continue Capturing Images,Store additional payload data,No,Low
SCN-03374,Green,Storage,Capturing Earth Images,Storage < 70%,None,Continue Capturing Images,Store additional payload data,No,Low
SCN-03375,Red,Communication,Orbit Correction,Communication Lost,Communication Failure,Queue Commands,Resume during next communication window,Yes,Critical
SCN-03376,Yellow,Storage,Orbit Correction,Storage 70-90%,Potential Storage Anomaly,Schedule Downlink,Avoid storage overflow,Yes,Medium
SCN-03377,Green,Thermal,Orbit Correction,Temperature < 45°C,None,Continue Operation,Subsystem remains stable,No,Low
SCN-03378,Green,Power,Idle,Battery > 70%,None,Continue Mission,Nominal power operation,No,Low
SCN-03379,Yellow,Communication,Idle,Weak Signal,Potential Communication Anomaly,Prepare Next Ground Pass,Avoid communication failure,Yes,Medium
SCN-03380,Green,Storage,Capturing Earth Images,Storage < 70%,None,Continue Capturing Images,Store additional payload data,No,Low
SCN-03381,Yellow,Power,Orbit Correction,Solar Output Low,Potential Power Anomaly,Rotate Solar Panels,Increase charging efficiency,Yes,Medium
SCN-03382,Green,Communication,Idle,Signal Stable,None,Continue Downlink,Telemetry transmitted successfully,No,Low
SCN-03383,Green,Payload,Downlink,Camera Operational,None,Capture Earth Images,Mission objective achieved,No,Low
SCN-03384,Red,Power,Orbit Correction,Battery < 20%,Power Failure,Enter Safe Mode,Prevent complete battery depletion,Yes,Critical
SCN-03385,Green,Storage,Capturing Earth Images,Storage < 70%,None,Continue Capturing Images,Store additional payload data,No,Low
SCN-03386,Green,Thermal,Idle,Temperature < 45°C,None,Continue Operation,Subsystem remains stable,No,Low
SCN-03387,Green,Power,Orbit Correction,Solar Output Normal,None,Continue Charging,Battery remains healthy,No,Low
SCN-03388,Green,Power,Downlink,Solar Output Normal,None,Continue Charging,Battery remains healthy,No,Low
SCN-03389,Yellow,Payload,Idle,Camera Temperature Rising,Potential Payload Anomaly,Reduce Image Capture Rate,Prevent camera shutdown,Yes,Medium
SCN-03390,Green,Storage,Downlink,Storage < 70%,None,Continue Capturing Images,Store additional payload data,No,Low
SCN-03391,Yellow,Thermal,Idle,Temperature 45-65°C,Potential Thermal Anomaly,Reduce CPU Load,Prevent overheating,Yes,Medium
SCN-03392,Yellow,Payload,Downlink,Camera Temperature Rising,Potential Payload Anomaly,Reduce Image Capture Rate,Prevent camera shutdown,Yes,Medium
SCN-03393,Green,Storage,Calibration,Storage < 70%,None,Continue Capturing Images,Store additional payload data,No,Low
SCN-03394,Green,Payload,Idle,Camera Operational,None,Capture Earth Images,Mission objective achieved,No,Low
SCN-03395,Green,Thermal,Calibration,Temperature < 45°C,None,Continue Operation,Subsystem remains stable,No,Low
SCN-03396,Red,Storage,Downlink,Storage > 95%,Storage Failure,Stop Image Capture and Downlink,Free storage space,Yes,Critical
SCN-03397,Green,Payload,Calibration,Camera Operational,None,Capture Earth Images,Mission objective achieved,No,Low
SCN-03398,Green,Power,Downlink,Solar Output Normal,None,Continue Charging,Battery remains healthy,No,Low
SCN-03399,Yellow,Payload,Idle,Camera Temperature Rising,Potential Payload Anomaly,Reduce Image Capture Rate,Prevent camera shutdown,Yes,Medium
SCN-03400,Red,Communication,Calibration,Communication Lost,Communication Failure,Queue Commands,Resume during next communication window,Yes,Critical
SCN-03401,Green,Payload,Orbit Correction,Camera Operational,None,Capture Earth Images,Mission objective achieved,No,Low
SCN-03402,Green,Storage,Downlink,Storage < 70%,None,Continue Capturing Images,Store additional payload data,No,Low
SCN-03403,Yellow,Storage,Capturing Earth Images,Storage 70-90%,Potential Storage Anomaly,Schedule Downlink,Avoid storage overflow,Yes,Medium
SCN-03404,Green,Communication,Downlink,Signal Stable,None,Continue Downlink,Telemetry transmitted successfully,No,Low
SCN-03405,Green,Communication,Downlink,Signal Stable,None,Continue Downlink,Telemetry transmitted successfully,No,Low
SCN-03406,Red,Payload,Capturing Earth Images,Camera Failure,Payload Failure,Restart Camera Module,Restore payload functionality,Yes,Critical
SCN-03407,Green,Payload,Calibration,Camera Operational,None,Capture Earth Images,Mission objective achieved,No,Low
SCN-03408,Green,Power,Calibration,Solar Output Normal,None,Continue Charging,Battery remains healthy,No,Low
SCN-03409,Green,Power,Idle,Solar Output Normal,None,Continue Charging,Battery remains healthy,No,Low
SCN-03410,Yellow,Power,Orbit Correction,Solar Output Low,Potential Power Anomaly,Rotate Solar Panels,Increase charging efficiency,Yes,Medium
SCN-03411,Green,Thermal,Calibration,Temperature < 45°C,None,Continue Operation,Subsystem remains stable,No,Low
SCN-03412,Green,Thermal,Calibration,Temperature < 45°C,None,Continue Operation,Subsystem remains stable,No,Low
SCN-03413,Green,Communication,Orbit Correction,Signal Stable,None,Continue Downlink,Telemetry transmitted successfully,No,Low
SCN-03414,Yellow,Power,Calibration,Battery 30-70%,Potential Power Anomaly,Reduce Payload Power,Battery drain reduced,Yes,Medium
SCN-03415,Green,Storage,Idle,Storage < 70%,None,Continue Capturing Images,Store additional payload data,No,Low
SCN-03416,Green,Power,Orbit Correction,Solar Output Normal,None,Continue Charging,Battery remains healthy,No,Low
SCN-03417,Red,Communication,Orbit Correction,Communication Lost,Communication Failure,Queue Commands,Resume during next communication window,Yes,Critical
SCN-03418,Green,Power,Orbit Correction,Solar Output Normal,None,Continue Charging,Battery remains healthy,No,Low
SCN-03419,Red,Storage,Capturing Earth Images,Storage > 95%,Storage Failure,Stop Image Capture and Downlink,Free storage space,Yes,Critical
SCN-03420,Red,Power,Orbit Correction,Solar Panel Failure,Power Failure,Disable Payload,Reduce power consumption,Yes,Critical
SCN-03421,Green,Communication,Capturing Earth Images,Signal Stable,None,Continue Downlink,Telemetry transmitted successfully,No,Low
SCN-03422,Green,Communication,Calibration,Signal Stable,None,Continue Downlink,Telemetry transmitted successfully,No,Low
SCN-03423,Green,Power,Calibration,Battery > 70%,None,Continue Mission,Nominal power operation,No,Low
SCN-03424,Yellow,Communication,Downlink,Weak Signal,Potential Communication Anomaly,Prepare Next Ground Pass,Avoid communication failure,Yes,Medium
SCN-03425,Yellow,Power,Idle,Battery 30-70%,Potential Power Anomaly,Reduce Payload Power,Battery drain reduced,Yes,Medium
SCN-03426,Green,Storage,Capturing Earth Images,Storage < 70%,None,Continue Capturing Images,Store additional payload data,No,Low
SCN-03427,Green,Storage,Downlink,Storage < 70%,None,Continue Capturing Images,Store additional payload data,No,Low
SCN-03428,Red,Storage,Capturing Earth Images,Storage > 95%,Storage Failure,Stop Image Capture and Downlink,Free storage space,Yes,Critical
SCN-03429,Green,Storage,Capturing Earth Images,Storage < 70%,None,Continue Capturing Images,Store additional payload data,No,Low
SCN-03430,Green,Communication,Capturing Earth Images,Signal Stable,None,Continue Downlink,Telemetry transmitted successfully,No,Low
SCN-03431,Red,Thermal,Idle,Temperature > 70°C,Thermal Failure,Shutdown Payload,Prevent hardware damage,Yes,Critical
SCN-03432,Yellow,Thermal,Calibration,Temperature 45-65°C,Potential Thermal Anomaly,Reduce CPU Load,Prevent overheating,Yes,Medium
SCN-03433,Green,Payload,Idle,Camera Operational,None,Capture Earth Images,Mission objective achieved,No,Low
SCN-03434,Yellow,Power,Idle,Solar Output Low,Potential Power Anomaly,Rotate Solar Panels,Increase charging efficiency,Yes,Medium
SCN-03435,Green,Power,Capturing Earth Images,Battery > 70%,None,Continue Mission,Nominal power operation,No,Low
SCN-03436,Green,Storage,Orbit Correction,Storage < 70%,None,Continue Capturing Images,Store additional payload data,No,Low
SCN-03437,Green,Payload,Downlink,Camera Operational,None,Capture Earth Images,Mission objective achieved,No,Low
SCN-03438,Yellow,Power,Downlink,Solar Output Low,Potential Power Anomaly,Rotate Solar Panels,Increase charging efficiency,Yes,Medium
SCN-03439,Green,Power,Idle,Battery > 70%,None,Continue Mission,Nominal power operation,No,Low
SCN-03440,Yellow,Thermal,Downlink,Temperature 45-65°C,Potential Thermal Anomaly,Reduce CPU Load,Prevent overheating,Yes,Medium
SCN-03441,Red,Communication,Capturing Earth Images,Communication Lost,Communication Failure,Queue Commands,Resume during next communication window,Yes,Critical
SCN-03442,Green,Storage,Capturing Earth Images,Storage < 70%,None,Continue Capturing Images,Store additional payload data,No,Low
SCN-03443,Red,Payload,Downlink,Camera Failure,Payload Failure,Restart Camera Module,Restore payload functionality,Yes,Critical
SCN-03444,Yellow,Power,Capturing Earth Images,Solar Output Low,Potential Power Anomaly,Rotate Solar Panels,Increase charging efficiency,Yes,Medium
SCN-03445,Green,Payload,Idle,Camera Operational,None,Capture Earth Images,Mission objective achieved,No,Low
SCN-03446,Green,Storage,Calibration,Storage < 70%,None,Continue Capturing Images,Store additional payload data,No,Low
SCN-03447,Green,Power,Orbit Correction,Battery > 70%,None,Continue Mission,Nominal power operation,No,Low
SCN-03448,Green,Payload,Capturing Earth Images,Camera Operational,None,Capture Earth Images,Mission objective achieved,No,Low
SCN-03449,Green,Power,Downlink,Battery > 70%,None,Continue Mission,Nominal power operation,No,Low
SCN-03450,Green,Storage,Idle,Storage < 70%,None,Continue Capturing Images,Store additional payload data,No,Low
SCN-03451,Red,Power,Idle,Solar Panel Failure,Power Failure,Disable Payload,Reduce power consumption,Yes,Critical
SCN-03452,Green,Thermal,Calibration,Temperature < 45°C,None,Continue Operation,Subsystem remains stable,No,Low
SCN-03453,Green,Power,Idle,Solar Output Normal,None,Continue Charging,Battery remains healthy,No,Low
SCN-03454,Green,Payload,Downlink,Camera Operational,None,Capture Earth Images,Mission objective achieved,No,Low
SCN-03455,Green,Power,Orbit Correction,Battery > 70%,None,Continue Mission,Nominal power operation,No,Low
SCN-03456,Green,Communication,Calibration,Signal Stable,None,Continue Downlink,Telemetry transmitted successfully,No,Low
SCN-03457,Red,Payload,Downlink,Camera Failure,Payload Failure,Restart Camera Module,Restore payload functionality,Yes,Critical
SCN-03458,Red,Payload,Capturing Earth Images,Camera Failure,Payload Failure,Restart Camera Module,Restore payload functionality,Yes,Critical
SCN-03459,Green,Power,Orbit Correction,Battery > 70%,None,Continue Mission,Nominal power operation,No,Low
SCN-03460,Yellow,Payload,Calibration,Camera Temperature Rising,Potential Payload Anomaly,Reduce Image Capture Rate,Prevent camera shutdown,Yes,Medium
SCN-03461,Green,Communication,Capturing Earth Images,Signal Stable,None,Continue Downlink,Telemetry transmitted successfully,No,Low
SCN-03462,Green,Power,Capturing Earth Images,Battery > 70%,None,Continue Mission,Nominal power operation,No,Low
SCN-03463,Green,Thermal,Idle,Temperature < 45°C,None,Continue Operation,Subsystem remains stable,No,Low
SCN-03464,Green,Thermal,Idle,Temperature < 45°C,None,Continue Operation,Subsystem remains stable,No,Low
SCN-03465,Green,Communication,Calibration,Signal Stable,None,Continue Downlink,Telemetry transmitted successfully,No,Low
SCN-03466,Green,Payload,Downlink,Camera Operational,None,Capture Earth Images,Mission objective achieved,No,Low
SCN-03467,Green,Storage,Calibration,Storage < 70%,None,Continue Capturing Images,Store additional payload data,No,Low
SCN-03468,Green,Storage,Calibration,Storage < 70%,None,Continue Capturing Images,Store additional payload data,No,Low
SCN-03469,Green,Thermal,Orbit Correction,Temperature < 45°C,None,Continue Operation,Subsystem remains stable,No,Low
SCN-03470,Yellow,Thermal,Orbit Correction,Temperature 45-65°C,Potential Thermal Anomaly,Reduce CPU Load,Prevent overheating,Yes,Medium
SCN-03471,Red,Power,Calibration,Battery < 20%,Power Failure,Enter Safe Mode,Prevent complete battery depletion,Yes,Critical
SCN-03472,Green,Communication,Idle,Signal Stable,None,Continue Downlink,Telemetry transmitted successfully,No,Low
SCN-03473,Green,Thermal,Orbit Correction,Temperature < 45°C,None,Continue Operation,Subsystem remains stable,No,Low
SCN-03474,Green,Communication,Orbit Correction,Signal Stable,None,Continue Downlink,Telemetry transmitted successfully,No,Low
SCN-03475,Green,Payload,Idle,Camera Operational,None,Capture Earth Images,Mission objective achieved,No,Low
SCN-03476,Red,Communication,Downlink,Communication Lost,Communication Failure,Queue Commands,Resume during next communication window,Yes,Critical
SCN-03477,Green,Communication,Idle,Signal Stable,None,Continue Downlink,Telemetry transmitted successfully,No,Low
SCN-03478,Green,Power,Capturing Earth Images,Battery > 70%,None,Continue Mission,Nominal power operation,No,Low
SCN-03479,Green,Power,Capturing Earth Images,Battery > 70%,None,Continue Mission,Nominal power operation,No,Low
SCN-03480,Green,Power,Calibration,Solar Output Normal,None,Continue Charging,Battery remains healthy,No,Low
SCN-03481,Green,Storage,Orbit Correction,Storage < 70%,None,Continue Capturing Images,Store additional payload data,No,Low
SCN-03482,Green,Power,Capturing Earth Images,Solar Output Normal,None,Continue Charging,Battery remains healthy,No,Low
SCN-03483,Red,Storage,Idle,Storage > 95%,Storage Failure,Stop Image Capture and Downlink,Free storage space,Yes,Critical
SCN-03484,Green,Thermal,Capturing Earth Images,Temperature < 45°C,None,Continue Operation,Subsystem remains stable,No,Low
SCN-03485,Red,Thermal,Idle,Temperature > 70°C,Thermal Failure,Shutdown Payload,Prevent hardware damage,Yes,Critical
SCN-03486,Green,Communication,Calibration,Signal Stable,None,Continue Downlink,Telemetry transmitted successfully,No,Low
SCN-03487,Green,Payload,Capturing Earth Images,Camera Operational,None,Capture Earth Images,Mission objective achieved,No,Low
SCN-03488,Green,Storage,Downlink,Storage < 70%,None,Continue Capturing Images,Store additional payload data,No,Low
SCN-03489,Yellow,Power,Capturing Earth Images,Solar Output Low,Potential Power Anomaly,Rotate Solar Panels,Increase charging efficiency,Yes,Medium
SCN-03490,Green,Payload,Downlink,Camera Operational,None,Capture Earth Images,Mission objective achieved,No,Low
SCN-03491,Green,Storage,Idle,Storage < 70%,None,Continue Capturing Images,Store additional payload data,No,Low
SCN-03492,Green,Communication,Calibration,Signal Stable,None,Continue Downlink,Telemetry transmitted successfully,No,Low
SCN-03493,Yellow,Storage,Idle,Storage 70-90%,Potential Storage Anomaly,Schedule Downlink,Avoid storage overflow,Yes,Medium
SCN-03494,Yellow,Thermal,Downlink,Temperature 45-65°C,Potential Thermal Anomaly,Reduce CPU Load,Prevent overheating,Yes,Medium
SCN-03495,Green,Payload,Orbit Correction,Camera Operational,None,Capture Earth Images,Mission objective achieved,No,Low
SCN-03496,Red,Storage,Orbit Correction,Storage > 95%,Storage Failure,Stop Image Capture and Downlink,Free storage space,Yes,Critical
SCN-03497,Yellow,Storage,Idle,Storage 70-90%,Potential Storage Anomaly,Schedule Downlink,Avoid storage overflow,Yes,Medium
SCN-03498,Green,Thermal,Idle,Temperature < 45°C,None,Continue Operation,Subsystem remains stable,No,Low
SCN-03499,Red,Payload,Capturing Earth Images,Camera Failure,Payload Failure,Restart Camera Module,Restore payload functionality,Yes,Critical
SCN-03500,Green,Power,Orbit Correction,Solar Output Normal,None,Continue Charging,Battery remains healthy,No,Low
SCN-03501,Yellow,Storage,Downlink,Storage 70-90%,Potential Storage Anomaly,Schedule Downlink,Avoid storage overflow,Yes,Medium
SCN-03502,Green,Thermal,Orbit Correction,Temperature < 45°C,None,Continue Operation,Subsystem remains stable,No,Low
SCN-03503,Yellow,Thermal,Idle,Temperature 45-65°C,Potential Thermal Anomaly,Reduce CPU Load,Prevent overheating,Yes,Medium
SCN-03504,Green,Storage,Orbit Correction,Storage < 70%,None,Continue Capturing Images,Store additional payload data,No,Low
SCN-03505,Yellow,Thermal,Capturing Earth Images,Temperature 45-65°C,Potential Thermal Anomaly,Reduce CPU Load,Prevent overheating,Yes,Medium
SCN-03506,Yellow,Power,Calibration,Solar Output Low,Potential Power Anomaly,Rotate Solar Panels,Increase charging efficiency,Yes,Medium
SCN-03507,Green,Communication,Downlink,Signal Stable,None,Continue Downlink,Telemetry transmitted successfully,No,Low
SCN-03508,Yellow,Payload,Downlink,Camera Temperature Rising,Potential Payload Anomaly,Reduce Image Capture Rate,Prevent camera shutdown,Yes,Medium
SCN-03509,Green,Storage,Downlink,Storage < 70%,None,Continue Capturing Images,Store additional payload data,No,Low
SCN-03510,Green,Payload,Downlink,Camera Operational,None,Capture Earth Images,Mission objective achieved,No,Low
SCN-03511,Yellow,Power,Capturing Earth Images,Solar Output Low,Potential Power Anomaly,Rotate Solar Panels,Increase charging efficiency,Yes,Medium
SCN-03512,Green,Thermal,Capturing Earth Images,Temperature < 45°C,None,Continue Operation,Subsystem remains stable,No,Low
SCN-03513,Yellow,Communication,Calibration,Weak Signal,Potential Communication Anomaly,Prepare Next Ground Pass,Avoid communication failure,Yes,Medium
SCN-03514,Green,Storage,Idle,Storage < 70%,None,Continue Capturing Images,Store additional payload data,No,Low
SCN-03515,Yellow,Communication,Orbit Correction,Weak Signal,Potential Communication Anomaly,Prepare Next Ground Pass,Avoid communication failure,Yes,Medium
SCN-03516,Green,Storage,Idle,Storage < 70%,None,Continue Capturing Images,Store additional payload data,No,Low
SCN-03517,Green,Payload,Idle,Camera Operational,None,Capture Earth Images,Mission objective achieved,No,Low
SCN-03518,Yellow,Payload,Calibration,Camera Temperature Rising,Potential Payload Anomaly,Reduce Image Capture Rate,Prevent camera shutdown,Yes,Medium
SCN-03519,Yellow,Thermal,Idle,Temperature 45-65°C,Potential Thermal Anomaly,Reduce CPU Load,Prevent overheating,Yes,Medium
SCN-03520,Green,Communication,Orbit Correction,Signal Stable,None,Continue Downlink,Telemetry transmitted successfully,No,Low
SCN-03521,Red,Payload,Downlink,Camera Failure,Payload Failure,Restart Camera Module,Restore payload functionality,Yes,Critical
SCN-03522,Red,Power,Downlink,Solar Panel Failure,Power Failure,Disable Payload,Reduce power consumption,Yes,Critical
SCN-03523,Yellow,Power,Calibration,Battery 30-70%,Potential Power Anomaly,Reduce Payload Power,Battery drain reduced,Yes,Medium
SCN-03524,Green,Thermal,Downlink,Temperature < 45°C,None,Continue Operation,Subsystem remains stable,No,Low
SCN-03525,Green,Payload,Calibration,Camera Operational,None,Capture Earth Images,Mission objective achieved,No,Low
SCN-03526,Yellow,Power,Calibration,Solar Output Low,Potential Power Anomaly,Rotate Solar Panels,Increase charging efficiency,Yes,Medium
SCN-03527,Green,Communication,Orbit Correction,Signal Stable,None,Continue Downlink,Telemetry transmitted successfully,No,Low
SCN-03528,Green,Storage,Capturing Earth Images,Storage < 70%,None,Continue Capturing Images,Store additional payload data,No,Low
SCN-03529,Green,Thermal,Orbit Correction,Temperature < 45°C,None,Continue Operation,Subsystem remains stable,No,Low
SCN-03530,Red,Payload,Orbit Correction,Camera Failure,Payload Failure,Restart Camera Module,Restore payload functionality,Yes,Critical
SCN-03531,Red,Thermal,Orbit Correction,Temperature > 70°C,Thermal Failure,Shutdown Payload,Prevent hardware damage,Yes,Critical
SCN-03532,Green,Thermal,Orbit Correction,Temperature < 45°C,None,Continue Operation,Subsystem remains stable,No,Low
SCN-03533,Green,Thermal,Capturing Earth Images,Temperature < 45°C,None,Continue Operation,Subsystem remains stable,No,Low
SCN-03534,Red,Storage,Downlink,Storage > 95%,Storage Failure,Stop Image Capture and Downlink,Free storage space,Yes,Critical
SCN-03535,Green,Payload,Capturing Earth Images,Camera Operational,None,Capture Earth Images,Mission objective achieved,No,Low
SCN-03536,Green,Storage,Calibration,Storage < 70%,None,Continue Capturing Images,Store additional payload data,No,Low
SCN-03537,Green,Storage,Idle,Storage < 70%,None,Continue Capturing Images,Store additional payload data,No,Low
SCN-03538,Green,Storage,Capturing Earth Images,Storage < 70%,None,Continue Capturing Images,Store additional payload data,No,Low
SCN-03539,Green,Communication,Downlink,Signal Stable,None,Continue Downlink,Telemetry transmitted successfully,No,Low
SCN-03540,Green,Storage,Capturing Earth Images,Storage < 70%,None,Continue Capturing Images,Store additional payload data,No,Low
SCN-03541,Yellow,Storage,Orbit Correction,Storage 70-90%,Potential Storage Anomaly,Schedule Downlink,Avoid storage overflow,Yes,Medium
SCN-03542,Green,Power,Calibration,Battery > 70%,None,Continue Mission,Nominal power operation,No,Low
SCN-03543,Yellow,Thermal,Downlink,Temperature 45-65°C,Potential Thermal Anomaly,Reduce CPU Load,Prevent overheating,Yes,Medium
SCN-03544,Green,Communication,Orbit Correction,Signal Stable,None,Continue Downlink,Telemetry transmitted successfully,No,Low
SCN-03545,Green,Storage,Calibration,Storage < 70%,None,Continue Capturing Images,Store additional payload data,No,Low
SCN-03546,Green,Payload,Calibration,Camera Operational,None,Capture Earth Images,Mission objective achieved,No,Low
SCN-03547,Red,Thermal,Calibration,Temperature > 70°C,Thermal Failure,Shutdown Payload,Prevent hardware damage,Yes,Critical
SCN-03548,Yellow,Payload,Orbit Correction,Camera Temperature Rising,Potential Payload Anomaly,Reduce Image Capture Rate,Prevent camera shutdown,Yes,Medium
SCN-03549,Green,Thermal,Downlink,Temperature < 45°C,None,Continue Operation,Subsystem remains stable,No,Low
SCN-03550,Green,Payload,Calibration,Camera Operational,None,Capture Earth Images,Mission objective achieved,No,Low
SCN-03551,Green,Thermal,Calibration,Temperature < 45°C,None,Continue Operation,Subsystem remains stable,No,Low
SCN-03552,Green,Communication,Capturing Earth Images,Signal Stable,None,Continue Downlink,Telemetry transmitted successfully,No,Low
SCN-03553,Green,Communication,Calibration,Signal Stable,None,Continue Downlink,Telemetry transmitted successfully,No,Low
SCN-03554,Yellow,Communication,Calibration,Weak Signal,Potential Communication Anomaly,Prepare Next Ground Pass,Avoid communication failure,Yes,Medium
SCN-03555,Green,Power,Idle,Battery > 70%,None,Continue Mission,Nominal power operation,No,Low
SCN-03556,Green,Storage,Orbit Correction,Storage < 70%,None,Continue Capturing Images,Store additional payload data,No,Low
SCN-03557,Green,Power,Calibration,Battery > 70%,None,Continue Mission,Nominal power operation,No,Low
SCN-03558,Green,Power,Calibration,Solar Output Normal,None,Continue Charging,Battery remains healthy,No,Low
SCN-03559,Yellow,Power,Downlink,Solar Output Low,Potential Power Anomaly,Rotate Solar Panels,Increase charging efficiency,Yes,Medium
SCN-03560,Yellow,Thermal,Orbit Correction,Temperature 45-65°C,Potential Thermal Anomaly,Reduce CPU Load,Prevent overheating,Yes,Medium
SCN-03561,Red,Storage,Calibration,Storage > 95%,Storage Failure,Stop Image Capture and Downlink,Free storage space,Yes,Critical
SCN-03562,Yellow,Communication,Calibration,Weak Signal,Potential Communication Anomaly,Prepare Next Ground Pass,Avoid communication failure,Yes,Medium
SCN-03563,Green,Payload,Orbit Correction,Camera Operational,None,Capture Earth Images,Mission objective achieved,No,Low
SCN-03564,Yellow,Thermal,Orbit Correction,Temperature 45-65°C,Potential Thermal Anomaly,Reduce CPU Load,Prevent overheating,Yes,Medium
SCN-03565,Green,Storage,Idle,Storage < 70%,None,Continue Capturing Images,Store additional payload data,No,Low
SCN-03566,Green,Communication,Orbit Correction,Signal Stable,None,Continue Downlink,Telemetry transmitted successfully,No,Low
SCN-03567,Red,Communication,Orbit Correction,Communication Lost,Communication Failure,Queue Commands,Resume during next communication window,Yes,Critical
SCN-03568,Green,Storage,Capturing Earth Images,Storage < 70%,None,Continue Capturing Images,Store additional payload data,No,Low
SCN-03569,Green,Storage,Capturing Earth Images,Storage < 70%,None,Continue Capturing Images,Store additional payload data,No,Low
SCN-03570,Green,Payload,Capturing Earth Images,Camera Operational,None,Capture Earth Images,Mission objective achieved,No,Low
SCN-03571,Red,Thermal,Idle,Temperature > 70°C,Thermal Failure,Shutdown Payload,Prevent hardware damage,Yes,Critical
SCN-03572,Green,Power,Downlink,Battery > 70%,None,Continue Mission,Nominal power operation,No,Low
SCN-03573,Red,Storage,Orbit Correction,Storage > 95%,Storage Failure,Stop Image Capture and Downlink,Free storage space,Yes,Critical
SCN-03574,Green,Thermal,Downlink,Temperature < 45°C,None,Continue Operation,Subsystem remains stable,No,Low
SCN-03575,Green,Payload,Capturing Earth Images,Camera Operational,None,Capture Earth Images,Mission objective achieved,No,Low
SCN-03576,Green,Storage,Calibration,Storage < 70%,None,Continue Capturing Images,Store additional payload data,No,Low
SCN-03577,Green,Payload,Capturing Earth Images,Camera Operational,None,Capture Earth Images,Mission objective achieved,No,Low
SCN-03578,Yellow,Power,Idle,Battery 30-70%,Potential Power Anomaly,Reduce Payload Power,Battery drain reduced,Yes,Medium
SCN-03579,Green,Thermal,Calibration,Temperature < 45°C,None,Continue Operation,Subsystem remains stable,No,Low
SCN-03580,Green,Power,Calibration,Solar Output Normal,None,Continue Charging,Battery remains healthy,No,Low
SCN-03581,Yellow,Power,Downlink,Battery 30-70%,Potential Power Anomaly,Reduce Payload Power,Battery drain reduced,Yes,Medium
SCN-03582,Green,Storage,Orbit Correction,Storage < 70%,None,Continue Capturing Images,Store additional payload data,No,Low
SCN-03583,Green,Payload,Idle,Camera Operational,None,Capture Earth Images,Mission objective achieved,No,Low
SCN-03584,Green,Payload,Downlink,Camera Operational,None,Capture Earth Images,Mission objective achieved,No,Low
SCN-03585,Green,Payload,Calibration,Camera Operational,None,Capture Earth Images,Mission objective achieved,No,Low
SCN-03586,Green,Power,Orbit Correction,Battery > 70%,None,Continue Mission,Nominal power operation,No,Low
SCN-03587,Green,Power,Idle,Battery > 70%,None,Continue Mission,Nominal power operation,No,Low
SCN-03588,Green,Thermal,Downlink,Temperature < 45°C,None,Continue Operation,Subsystem remains stable,No,Low
SCN-03589,Green,Communication,Orbit Correction,Signal Stable,None,Continue Downlink,Telemetry transmitted successfully,No,Low
SCN-03590,Yellow,Thermal,Orbit Correction,Temperature 45-65°C,Potential Thermal Anomaly,Reduce CPU Load,Prevent overheating,Yes,Medium
SCN-03591,Green,Thermal,Calibration,Temperature < 45°C,None,Continue Operation,Subsystem remains stable,No,Low
SCN-03592,Yellow,Storage,Orbit Correction,Storage 70-90%,Potential Storage Anomaly,Schedule Downlink,Avoid storage overflow,Yes,Medium
SCN-03593,Green,Thermal,Orbit Correction,Temperature < 45°C,None,Continue Operation,Subsystem remains stable,No,Low
SCN-03594,Green,Payload,Capturing Earth Images,Camera Operational,None,Capture Earth Images,Mission objective achieved,No,Low
SCN-03595,Yellow,Storage,Downlink,Storage 70-90%,Potential Storage Anomaly,Schedule Downlink,Avoid storage overflow,Yes,Medium
SCN-03596,Green,Storage,Orbit Correction,Storage < 70%,None,Continue Capturing Images,Store additional payload data,No,Low
SCN-03597,Green,Payload,Orbit Correction,Camera Operational,None,Capture Earth Images,Mission objective achieved,No,Low
SCN-03598,Green,Thermal,Downlink,Temperature < 45°C,None,Continue Operation,Subsystem remains stable,No,Low
SCN-03599,Green,Thermal,Calibration,Temperature < 45°C,None,Continue Operation,Subsystem remains stable,No,Low
SCN-03600,Green,Communication,Capturing Earth Images,Signal Stable,None,Continue Downlink,Telemetry transmitted successfully,No,Low
SCN-03601,Green,Storage,Downlink,Storage < 70%,None,Continue Capturing Images,Store additional payload data,No,Low
SCN-03602,Green,Thermal,Capturing Earth Images,Temperature < 45°C,None,Continue Operation,Subsystem remains stable,No,Low
SCN-03603,Yellow,Communication,Orbit Correction,Weak Signal,Potential Communication Anomaly,Prepare Next Ground Pass,Avoid communication failure,Yes,Medium
SCN-03604,Green,Storage,Orbit Correction,Storage < 70%,None,Continue Capturing Images,Store additional payload data,No,Low
SCN-03605,Green,Payload,Calibration,Camera Operational,None,Capture Earth Images,Mission objective achieved,No,Low
SCN-03606,Green,Power,Idle,Solar Output Normal,None,Continue Charging,Battery remains healthy,No,Low
SCN-03607,Green,Power,Idle,Battery > 70%,None,Continue Mission,Nominal power operation,No,Low
SCN-03608,Green,Power,Idle,Battery > 70%,None,Continue Mission,Nominal power operation,No,Low
SCN-03609,Red,Power,Downlink,Solar Panel Failure,Power Failure,Disable Payload,Reduce power consumption,Yes,Critical
SCN-03610,Red,Thermal,Downlink,Temperature > 70°C,Thermal Failure,Shutdown Payload,Prevent hardware damage,Yes,Critical
SCN-03611,Yellow,Power,Capturing Earth Images,Solar Output Low,Potential Power Anomaly,Rotate Solar Panels,Increase charging efficiency,Yes,Medium
SCN-03612,Green,Payload,Idle,Camera Operational,None,Capture Earth Images,Mission objective achieved,No,Low
SCN-03613,Yellow,Thermal,Orbit Correction,Temperature 45-65°C,Potential Thermal Anomaly,Reduce CPU Load,Prevent overheating,Yes,Medium
SCN-03614,Green,Storage,Capturing Earth Images,Storage < 70%,None,Continue Capturing Images,Store additional payload data,No,Low
SCN-03615,Yellow,Thermal,Calibration,Temperature 45-65°C,Potential Thermal Anomaly,Reduce CPU Load,Prevent overheating,Yes,Medium
SCN-03616,Green,Payload,Downlink,Camera Operational,None,Capture Earth Images,Mission objective achieved,No,Low
SCN-03617,Green,Payload,Capturing Earth Images,Camera Operational,None,Capture Earth Images,Mission objective achieved,No,Low
SCN-03618,Yellow,Storage,Downlink,Storage 70-90%,Potential Storage Anomaly,Schedule Downlink,Avoid storage overflow,Yes,Medium
SCN-03619,Green,Storage,Orbit Correction,Storage < 70%,None,Continue Capturing Images,Store additional payload data,No,Low
SCN-03620,Green,Thermal,Downlink,Temperature < 45°C,None,Continue Operation,Subsystem remains stable,No,Low
SCN-03621,Green,Payload,Downlink,Camera Operational,None,Capture Earth Images,Mission objective achieved,No,Low
SCN-03622,Yellow,Thermal,Idle,Temperature 45-65°C,Potential Thermal Anomaly,Reduce CPU Load,Prevent overheating,Yes,Medium
SCN-03623,Green,Storage,Orbit Correction,Storage < 70%,None,Continue Capturing Images,Store additional payload data,No,Low
SCN-03624,Green,Storage,Capturing Earth Images,Storage < 70%,None,Continue Capturing Images,Store additional payload data,No,Low
SCN-03625,Green,Power,Capturing Earth Images,Battery > 70%,None,Continue Mission,Nominal power operation,No,Low
SCN-03626,Red,Communication,Capturing Earth Images,Communication Lost,Communication Failure,Queue Commands,Resume during next communication window,Yes,Critical
SCN-03627,Red,Payload,Orbit Correction,Camera Failure,Payload Failure,Restart Camera Module,Restore payload functionality,Yes,Critical
SCN-03628,Red,Payload,Downlink,Camera Failure,Payload Failure,Restart Camera Module,Restore payload functionality,Yes,Critical
SCN-03629,Green,Storage,Downlink,Storage < 70%,None,Continue Capturing Images,Store additional payload data,No,Low
SCN-03630,Green,Storage,Idle,Storage < 70%,None,Continue Capturing Images,Store additional payload data,No,Low
SCN-03631,Green,Payload,Downlink,Camera Operational,None,Capture Earth Images,Mission objective achieved,No,Low
SCN-03632,Green,Storage,Downlink,Storage < 70%,None,Continue Capturing Images,Store additional payload data,No,Low
SCN-03633,Green,Payload,Downlink,Camera Operational,None,Capture Earth Images,Mission objective achieved,No,Low
SCN-03634,Yellow,Thermal,Calibration,Temperature 45-65°C,Potential Thermal Anomaly,Reduce CPU Load,Prevent overheating,Yes,Medium
SCN-03635,Red,Power,Idle,Solar Panel Failure,Power Failure,Disable Payload,Reduce power consumption,Yes,Critical
SCN-03636,Yellow,Power,Orbit Correction,Solar Output Low,Potential Power Anomaly,Rotate Solar Panels,Increase charging efficiency,Yes,Medium
SCN-03637,Green,Power,Capturing Earth Images,Battery > 70%,None,Continue Mission,Nominal power operation,No,Low
SCN-03638,Red,Power,Calibration,Solar Panel Failure,Power Failure,Disable Payload,Reduce power consumption,Yes,Critical
SCN-03639,Green,Communication,Capturing Earth Images,Signal Stable,None,Continue Downlink,Telemetry transmitted successfully,No,Low
SCN-03640,Yellow,Communication,Orbit Correction,Weak Signal,Potential Communication Anomaly,Prepare Next Ground Pass,Avoid communication failure,Yes,Medium
SCN-03641,Green,Payload,Idle,Camera Operational,None,Capture Earth Images,Mission objective achieved,No,Low
SCN-03642,Yellow,Storage,Idle,Storage 70-90%,Potential Storage Anomaly,Schedule Downlink,Avoid storage overflow,Yes,Medium
SCN-03643,Green,Payload,Downlink,Camera Operational,None,Capture Earth Images,Mission objective achieved,No,Low
SCN-03644,Green,Communication,Orbit Correction,Signal Stable,None,Continue Downlink,Telemetry transmitted successfully,No,Low
SCN-03645,Green,Thermal,Capturing Earth Images,Temperature < 45°C,None,Continue Operation,Subsystem remains stable,No,Low
SCN-03646,Green,Power,Orbit Correction,Battery > 70%,None,Continue Mission,Nominal power operation,No,Low
SCN-03647,Yellow,Payload,Downlink,Camera Temperature Rising,Potential Payload Anomaly,Reduce Image Capture Rate,Prevent camera shutdown,Yes,Medium
SCN-03648,Green,Storage,Calibration,Storage < 70%,None,Continue Capturing Images,Store additional payload data,No,Low
SCN-03649,Yellow,Storage,Downlink,Storage 70-90%,Potential Storage Anomaly,Schedule Downlink,Avoid storage overflow,Yes,Medium
SCN-03650,Green,Communication,Calibration,Signal Stable,None,Continue Downlink,Telemetry transmitted successfully,No,Low
SCN-03651,Red,Storage,Calibration,Storage > 95%,Storage Failure,Stop Image Capture and Downlink,Free storage space,Yes,Critical
SCN-03652,Yellow,Payload,Idle,Camera Temperature Rising,Potential Payload Anomaly,Reduce Image Capture Rate,Prevent camera shutdown,Yes,Medium
SCN-03653,Green,Storage,Downlink,Storage < 70%,None,Continue Capturing Images,Store additional payload data,No,Low
SCN-03654,Green,Storage,Calibration,Storage < 70%,None,Continue Capturing Images,Store additional payload data,No,Low
SCN-03655,Green,Communication,Calibration,Signal Stable,None,Continue Downlink,Telemetry transmitted successfully,No,Low
SCN-03656,Green,Storage,Orbit Correction,Storage < 70%,None,Continue Capturing Images,Store additional payload data,No,Low
SCN-03657,Green,Communication,Idle,Signal Stable,None,Continue Downlink,Telemetry transmitted successfully,No,Low
SCN-03658,Yellow,Payload,Calibration,Camera Temperature Rising,Potential Payload Anomaly,Reduce Image Capture Rate,Prevent camera shutdown,Yes,Medium
SCN-03659,Green,Power,Orbit Correction,Solar Output Normal,None,Continue Charging,Battery remains healthy,No,Low
SCN-03660,Yellow,Communication,Calibration,Weak Signal,Potential Communication Anomaly,Prepare Next Ground Pass,Avoid communication failure,Yes,Medium
SCN-03661,Yellow,Power,Downlink,Solar Output Low,Potential Power Anomaly,Rotate Solar Panels,Increase charging efficiency,Yes,Medium
SCN-03662,Green,Storage,Downlink,Storage < 70%,None,Continue Capturing Images,Store additional payload data,No,Low
SCN-03663,Yellow,Thermal,Orbit Correction,Temperature 45-65°C,Potential Thermal Anomaly,Reduce CPU Load,Prevent overheating,Yes,Medium
SCN-03664,Yellow,Communication,Capturing Earth Images,Weak Signal,Potential Communication Anomaly,Prepare Next Ground Pass,Avoid communication failure,Yes,Medium
SCN-03665,Green,Thermal,Downlink,Temperature < 45°C,None,Continue Operation,Subsystem remains stable,No,Low
SCN-03666,Green,Payload,Calibration,Camera Operational,None,Capture Earth Images,Mission objective achieved,No,Low
SCN-03667,Green,Storage,Downlink,Storage < 70%,None,Continue Capturing Images,Store additional payload data,No,Low
SCN-03668,Red,Communication,Capturing Earth Images,Communication Lost,Communication Failure,Queue Commands,Resume during next communication window,Yes,Critical
SCN-03669,Green,Payload,Capturing Earth Images,Camera Operational,None,Capture Earth Images,Mission objective achieved,No,Low
SCN-03670,Yellow,Payload,Capturing Earth Images,Camera Temperature Rising,Potential Payload Anomaly,Reduce Image Capture Rate,Prevent camera shutdown,Yes,Medium
SCN-03671,Green,Communication,Calibration,Signal Stable,None,Continue Downlink,Telemetry transmitted successfully,No,Low
SCN-03672,Green,Storage,Orbit Correction,Storage < 70%,None,Continue Capturing Images,Store additional payload data,No,Low
SCN-03673,Yellow,Payload,Calibration,Camera Temperature Rising,Potential Payload Anomaly,Reduce Image Capture Rate,Prevent camera shutdown,Yes,Medium
SCN-03674,Red,Thermal,Idle,Temperature > 70°C,Thermal Failure,Shutdown Payload,Prevent hardware damage,Yes,Critical
SCN-03675,Yellow,Storage,Orbit Correction,Storage 70-90%,Potential Storage Anomaly,Schedule Downlink,Avoid storage overflow,Yes,Medium
SCN-03676,Green,Power,Orbit Correction,Solar Output Normal,None,Continue Charging,Battery remains healthy,No,Low
SCN-03677,Green,Thermal,Idle,Temperature < 45°C,None,Continue Operation,Subsystem remains stable,No,Low
SCN-03678,Yellow,Storage,Capturing Earth Images,Storage 70-90%,Potential Storage Anomaly,Schedule Downlink,Avoid storage overflow,Yes,Medium
SCN-03679,Green,Storage,Idle,Storage < 70%,None,Continue Capturing Images,Store additional payload data,No,Low
SCN-03680,Green,Payload,Orbit Correction,Camera Operational,None,Capture Earth Images,Mission objective achieved,No,Low
SCN-03681,Green,Payload,Capturing Earth Images,Camera Operational,None,Capture Earth Images,Mission objective achieved,No,Low
SCN-03682,Green,Storage,Downlink,Storage < 70%,None,Continue Capturing Images,Store additional payload data,No,Low
SCN-03683,Green,Payload,Downlink,Camera Operational,None,Capture Earth Images,Mission objective achieved,No,Low
SCN-03684,Green,Thermal,Downlink,Temperature < 45°C,None,Continue Operation,Subsystem remains stable,No,Low
SCN-03685,Green,Storage,Idle,Storage < 70%,None,Continue Capturing Images,Store additional payload data,No,Low
SCN-03686,Green,Storage,Capturing Earth Images,Storage < 70%,None,Continue Capturing Images,Store additional payload data,No,Low
SCN-03687,Yellow,Payload,Calibration,Camera Temperature Rising,Potential Payload Anomaly,Reduce Image Capture Rate,Prevent camera shutdown,Yes,Medium
SCN-03688,Red,Storage,Calibration,Storage > 95%,Storage Failure,Stop Image Capture and Downlink,Free storage space,Yes,Critical
SCN-03689,Green,Payload,Capturing Earth Images,Camera Operational,None,Capture Earth Images,Mission objective achieved,No,Low
SCN-03690,Red,Thermal,Capturing Earth Images,Temperature > 70°C,Thermal Failure,Shutdown Payload,Prevent hardware damage,Yes,Critical
SCN-03691,Green,Storage,Capturing Earth Images,Storage < 70%,None,Continue Capturing Images,Store additional payload data,No,Low
SCN-03692,Yellow,Storage,Orbit Correction,Storage 70-90%,Potential Storage Anomaly,Schedule Downlink,Avoid storage overflow,Yes,Medium
SCN-03693,Green,Power,Orbit Correction,Solar Output Normal,None,Continue Charging,Battery remains healthy,No,Low
SCN-03694,Yellow,Payload,Orbit Correction,Camera Temperature Rising,Potential Payload Anomaly,Reduce Image Capture Rate,Prevent camera shutdown,Yes,Medium
SCN-03695,Green,Storage,Downlink,Storage < 70%,None,Continue Capturing Images,Store additional payload data,No,Low
SCN-03696,Green,Thermal,Downlink,Temperature < 45°C,None,Continue Operation,Subsystem remains stable,No,Low
SCN-03697,Yellow,Power,Capturing Earth Images,Solar Output Low,Potential Power Anomaly,Rotate Solar Panels,Increase charging efficiency,Yes,Medium
SCN-03698,Yellow,Storage,Downlink,Storage 70-90%,Potential Storage Anomaly,Schedule Downlink,Avoid storage overflow,Yes,Medium
SCN-03699,Yellow,Power,Downlink,Solar Output Low,Potential Power Anomaly,Rotate Solar Panels,Increase charging efficiency,Yes,Medium
SCN-03700,Green,Thermal,Calibration,Temperature < 45°C,None,Continue Operation,Subsystem remains stable,No,Low
SCN-03701,Yellow,Power,Capturing Earth Images,Solar Output Low,Potential Power Anomaly,Rotate Solar Panels,Increase charging efficiency,Yes,Medium
SCN-03702,Yellow,Communication,Idle,Weak Signal,Potential Communication Anomaly,Prepare Next Ground Pass,Avoid communication failure,Yes,Medium
SCN-03703,Green,Communication,Downlink,Signal Stable,None,Continue Downlink,Telemetry transmitted successfully,No,Low
SCN-03704,Green,Communication,Orbit Correction,Signal Stable,None,Continue Downlink,Telemetry transmitted successfully,No,Low
SCN-03705,Red,Storage,Orbit Correction,Storage > 95%,Storage Failure,Stop Image Capture and Downlink,Free storage space,Yes,Critical
SCN-03706,Green,Thermal,Idle,Temperature < 45°C,None,Continue Operation,Subsystem remains stable,No,Low
SCN-03707,Green,Communication,Orbit Correction,Signal Stable,None,Continue Downlink,Telemetry transmitted successfully,No,Low
SCN-03708,Red,Power,Orbit Correction,Battery < 20%,Power Failure,Enter Safe Mode,Prevent complete battery depletion,Yes,Critical
SCN-03709,Yellow,Payload,Orbit Correction,Camera Temperature Rising,Potential Payload Anomaly,Reduce Image Capture Rate,Prevent camera shutdown,Yes,Medium
SCN-03710,Green,Storage,Orbit Correction,Storage < 70%,None,Continue Capturing Images,Store additional payload data,No,Low
SCN-03711,Green,Storage,Downlink,Storage < 70%,None,Continue Capturing Images,Store additional payload data,No,Low
SCN-03712,Green,Storage,Orbit Correction,Storage < 70%,None,Continue Capturing Images,Store additional payload data,No,Low
SCN-03713,Green,Power,Downlink,Battery > 70%,None,Continue Mission,Nominal power operation,No,Low
SCN-03714,Yellow,Storage,Idle,Storage 70-90%,Potential Storage Anomaly,Schedule Downlink,Avoid storage overflow,Yes,Medium
SCN-03715,Red,Power,Idle,Battery < 20%,Power Failure,Enter Safe Mode,Prevent complete battery depletion,Yes,Critical
SCN-03716,Green,Communication,Capturing Earth Images,Signal Stable,None,Continue Downlink,Telemetry transmitted successfully,No,Low
SCN-03717,Green,Thermal,Downlink,Temperature < 45°C,None,Continue Operation,Subsystem remains stable,No,Low
SCN-03718,Green,Communication,Orbit Correction,Signal Stable,None,Continue Downlink,Telemetry transmitted successfully,No,Low
SCN-03719,Green,Payload,Orbit Correction,Camera Operational,None,Capture Earth Images,Mission objective achieved,No,Low
SCN-03720,Red,Communication,Calibration,Communication Lost,Communication Failure,Queue Commands,Resume during next communication window,Yes,Critical
SCN-03721,Green,Storage,Downlink,Storage < 70%,None,Continue Capturing Images,Store additional payload data,No,Low
SCN-03722,Green,Payload,Orbit Correction,Camera Operational,None,Capture Earth Images,Mission objective achieved,No,Low
SCN-03723,Green,Communication,Downlink,Signal Stable,None,Continue Downlink,Telemetry transmitted successfully,No,Low
SCN-03724,Red,Thermal,Calibration,Temperature > 70°C,Thermal Failure,Shutdown Payload,Prevent hardware damage,Yes,Critical
SCN-03725,Green,Power,Orbit Correction,Battery > 70%,None,Continue Mission,Nominal power operation,No,Low
SCN-03726,Red,Payload,Orbit Correction,Camera Failure,Payload Failure,Restart Camera Module,Restore payload functionality,Yes,Critical
SCN-03727,Green,Power,Idle,Solar Output Normal,None,Continue Charging,Battery remains healthy,No,Low
SCN-03728,Red,Power,Idle,Battery < 20%,Power Failure,Enter Safe Mode,Prevent complete battery depletion,Yes,Critical
SCN-03729,Green,Payload,Idle,Camera Operational,None,Capture Earth Images,Mission objective achieved,No,Low
SCN-03730,Yellow,Power,Idle,Battery 30-70%,Potential Power Anomaly,Reduce Payload Power,Battery drain reduced,Yes,Medium
SCN-03731,Green,Communication,Downlink,Signal Stable,None,Continue Downlink,Telemetry transmitted successfully,No,Low
SCN-03732,Green,Thermal,Idle,Temperature < 45°C,None,Continue Operation,Subsystem remains stable,No,Low
SCN-03733,Green,Thermal,Calibration,Temperature < 45°C,None,Continue Operation,Subsystem remains stable,No,Low
SCN-03734,Yellow,Power,Idle,Solar Output Low,Potential Power Anomaly,Rotate Solar Panels,Increase charging efficiency,Yes,Medium
SCN-03735,Yellow,Communication,Downlink,Weak Signal,Potential Communication Anomaly,Prepare Next Ground Pass,Avoid communication failure,Yes,Medium
SCN-03736,Green,Communication,Downlink,Signal Stable,None,Continue Downlink,Telemetry transmitted successfully,No,Low
SCN-03737,Yellow,Communication,Calibration,Weak Signal,Potential Communication Anomaly,Prepare Next Ground Pass,Avoid communication failure,Yes,Medium
SCN-03738,Green,Communication,Idle,Signal Stable,None,Continue Downlink,Telemetry transmitted successfully,No,Low
SCN-03739,Red,Thermal,Idle,Temperature > 70°C,Thermal Failure,Shutdown Payload,Prevent hardware damage,Yes,Critical
SCN-03740,Green,Thermal,Capturing Earth Images,Temperature < 45°C,None,Continue Operation,Subsystem remains stable,No,Low
SCN-03741,Red,Thermal,Orbit Correction,Temperature > 70°C,Thermal Failure,Shutdown Payload,Prevent hardware damage,Yes,Critical
SCN-03742,Green,Thermal,Idle,Temperature < 45°C,None,Continue Operation,Subsystem remains stable,No,Low
SCN-03743,Green,Power,Capturing Earth Images,Battery > 70%,None,Continue Mission,Nominal power operation,No,Low
SCN-03744,Green,Communication,Capturing Earth Images,Signal Stable,None,Continue Downlink,Telemetry transmitted successfully,No,Low
SCN-03745,Green,Power,Orbit Correction,Solar Output Normal,None,Continue Charging,Battery remains healthy,No,Low
SCN-03746,Yellow,Power,Downlink,Solar Output Low,Potential Power Anomaly,Rotate Solar Panels,Increase charging efficiency,Yes,Medium
SCN-03747,Green,Storage,Capturing Earth Images,Storage < 70%,None,Continue Capturing Images,Store additional payload data,No,Low
SCN-03748,Yellow,Storage,Calibration,Storage 70-90%,Potential Storage Anomaly,Schedule Downlink,Avoid storage overflow,Yes,Medium
SCN-03749,Yellow,Storage,Downlink,Storage 70-90%,Potential Storage Anomaly,Schedule Downlink,Avoid storage overflow,Yes,Medium
SCN-03750,Green,Storage,Idle,Storage < 70%,None,Continue Capturing Images,Store additional payload data,No,Low
SCN-03751,Yellow,Payload,Calibration,Camera Temperature Rising,Potential Payload Anomaly,Reduce Image Capture Rate,Prevent camera shutdown,Yes,Medium
SCN-03752,Green,Communication,Downlink,Signal Stable,None,Continue Downlink,Telemetry transmitted successfully,No,Low
SCN-03753,Yellow,Payload,Idle,Camera Temperature Rising,Potential Payload Anomaly,Reduce Image Capture Rate,Prevent camera shutdown,Yes,Medium
SCN-03754,Green,Thermal,Orbit Correction,Temperature < 45°C,None,Continue Operation,Subsystem remains stable,No,Low
SCN-03755,Yellow,Communication,Idle,Weak Signal,Potential Communication Anomaly,Prepare Next Ground Pass,Avoid communication failure,Yes,Medium
SCN-03756,Red,Power,Orbit Correction,Battery < 20%,Power Failure,Enter Safe Mode,Prevent complete battery depletion,Yes,Critical
SCN-03757,Red,Storage,Idle,Storage > 95%,Storage Failure,Stop Image Capture and Downlink,Free storage space,Yes,Critical
SCN-03758,Yellow,Storage,Idle,Storage 70-90%,Potential Storage Anomaly,Schedule Downlink,Avoid storage overflow,Yes,Medium
SCN-03759,Green,Thermal,Calibration,Temperature < 45°C,None,Continue Operation,Subsystem remains stable,No,Low
SCN-03760,Green,Thermal,Capturing Earth Images,Temperature < 45°C,None,Continue Operation,Subsystem remains stable,No,Low
SCN-03761,Green,Storage,Calibration,Storage < 70%,None,Continue Capturing Images,Store additional payload data,No,Low
SCN-03762,Green,Power,Capturing Earth Images,Battery > 70%,None,Continue Mission,Nominal power operation,No,Low
SCN-03763,Red,Communication,Idle,Communication Lost,Communication Failure,Queue Commands,Resume during next communication window,Yes,Critical
SCN-03764,Yellow,Storage,Calibration,Storage 70-90%,Potential Storage Anomaly,Schedule Downlink,Avoid storage overflow,Yes,Medium
SCN-03765,Red,Storage,Calibration,Storage > 95%,Storage Failure,Stop Image Capture and Downlink,Free storage space,Yes,Critical
SCN-03766,Red,Communication,Idle,Communication Lost,Communication Failure,Queue Commands,Resume during next communication window,Yes,Critical
SCN-03767,Green,Thermal,Idle,Temperature < 45°C,None,Continue Operation,Subsystem remains stable,No,Low
SCN-03768,Green,Payload,Calibration,Camera Operational,None,Capture Earth Images,Mission objective achieved,No,Low
SCN-03769,Green,Thermal,Orbit Correction,Temperature < 45°C,None,Continue Operation,Subsystem remains stable,No,Low
SCN-03770,Green,Thermal,Idle,Temperature < 45°C,None,Continue Operation,Subsystem remains stable,No,Low
SCN-03771,Yellow,Communication,Calibration,Weak Signal,Potential Communication Anomaly,Prepare Next Ground Pass,Avoid communication failure,Yes,Medium
SCN-03772,Green,Storage,Idle,Storage < 70%,None,Continue Capturing Images,Store additional payload data,No,Low
SCN-03773,Green,Thermal,Calibration,Temperature < 45°C,None,Continue Operation,Subsystem remains stable,No,Low
SCN-03774,Red,Power,Capturing Earth Images,Solar Panel Failure,Power Failure,Disable Payload,Reduce power consumption,Yes,Critical
SCN-03775,Yellow,Communication,Idle,Weak Signal,Potential Communication Anomaly,Prepare Next Ground Pass,Avoid communication failure,Yes,Medium
SCN-03776,Green,Thermal,Downlink,Temperature < 45°C,None,Continue Operation,Subsystem remains stable,No,Low
SCN-03777,Yellow,Thermal,Idle,Temperature 45-65°C,Potential Thermal Anomaly,Reduce CPU Load,Prevent overheating,Yes,Medium
SCN-03778,Green,Storage,Calibration,Storage < 70%,None,Continue Capturing Images,Store additional payload data,No,Low
SCN-03779,Green,Thermal,Calibration,Temperature < 45°C,None,Continue Operation,Subsystem remains stable,No,Low
SCN-03780,Green,Thermal,Idle,Temperature < 45°C,None,Continue Operation,Subsystem remains stable,No,Low
SCN-03781,Green,Power,Downlink,Solar Output Normal,None,Continue Charging,Battery remains healthy,No,Low
SCN-03782,Yellow,Storage,Orbit Correction,Storage 70-90%,Potential Storage Anomaly,Schedule Downlink,Avoid storage overflow,Yes,Medium
SCN-03783,Green,Thermal,Orbit Correction,Temperature < 45°C,None,Continue Operation,Subsystem remains stable,No,Low
SCN-03784,Red,Communication,Orbit Correction,Communication Lost,Communication Failure,Queue Commands,Resume during next communication window,Yes,Critical
SCN-03785,Green,Power,Calibration,Battery > 70%,None,Continue Mission,Nominal power operation,No,Low
SCN-03786,Green,Power,Downlink,Solar Output Normal,None,Continue Charging,Battery remains healthy,No,Low
SCN-03787,Red,Communication,Orbit Correction,Communication Lost,Communication Failure,Queue Commands,Resume during next communication window,Yes,Critical
SCN-03788,Yellow,Storage,Capturing Earth Images,Storage 70-90%,Potential Storage Anomaly,Schedule Downlink,Avoid storage overflow,Yes,Medium
SCN-03789,Green,Payload,Orbit Correction,Camera Operational,None,Capture Earth Images,Mission objective achieved,No,Low
SCN-03790,Green,Thermal,Orbit Correction,Temperature < 45°C,None,Continue Operation,Subsystem remains stable,No,Low
SCN-03791,Green,Storage,Calibration,Storage < 70%,None,Continue Capturing Images,Store additional payload data,No,Low
SCN-03792,Yellow,Storage,Downlink,Storage 70-90%,Potential Storage Anomaly,Schedule Downlink,Avoid storage overflow,Yes,Medium
SCN-03793,Green,Communication,Orbit Correction,Signal Stable,None,Continue Downlink,Telemetry transmitted successfully,No,Low
SCN-03794,Yellow,Storage,Calibration,Storage 70-90%,Potential Storage Anomaly,Schedule Downlink,Avoid storage overflow,Yes,Medium
SCN-03795,Red,Storage,Orbit Correction,Storage > 95%,Storage Failure,Stop Image Capture and Downlink,Free storage space,Yes,Critical
SCN-03796,Yellow,Communication,Idle,Weak Signal,Potential Communication Anomaly,Prepare Next Ground Pass,Avoid communication failure,Yes,Medium
SCN-03797,Red,Power,Calibration,Solar Panel Failure,Power Failure,Disable Payload,Reduce power consumption,Yes,Critical
SCN-03798,Yellow,Communication,Downlink,Weak Signal,Potential Communication Anomaly,Prepare Next Ground Pass,Avoid communication failure,Yes,Medium
SCN-03799,Green,Thermal,Idle,Temperature < 45°C,None,Continue Operation,Subsystem remains stable,No,Low
SCN-03800,Green,Thermal,Idle,Temperature < 45°C,None,Continue Operation,Subsystem remains stable,No,Low
SCN-03801,Green,Thermal,Calibration,Temperature < 45°C,None,Continue Operation,Subsystem remains stable,No,Low
SCN-03802,Green,Communication,Downlink,Signal Stable,None,Continue Downlink,Telemetry transmitted successfully,No,Low
SCN-03803,Green,Thermal,Idle,Temperature < 45°C,None,Continue Operation,Subsystem remains stable,No,Low
SCN-03804,Yellow,Storage,Idle,Storage 70-90%,Potential Storage Anomaly,Schedule Downlink,Avoid storage overflow,Yes,Medium
SCN-03805,Green,Thermal,Orbit Correction,Temperature < 45°C,None,Continue Operation,Subsystem remains stable,No,Low
SCN-03806,Green,Storage,Idle,Storage < 70%,None,Continue Capturing Images,Store additional payload data,No,Low
SCN-03807,Yellow,Storage,Capturing Earth Images,Storage 70-90%,Potential Storage Anomaly,Schedule Downlink,Avoid storage overflow,Yes,Medium
SCN-03808,Yellow,Thermal,Capturing Earth Images,Temperature 45-65°C,Potential Thermal Anomaly,Reduce CPU Load,Prevent overheating,Yes,Medium
SCN-03809,Green,Thermal,Calibration,Temperature < 45°C,None,Continue Operation,Subsystem remains stable,No,Low
SCN-03810,Green,Storage,Calibration,Storage < 70%,None,Continue Capturing Images,Store additional payload data,No,Low
SCN-03811,Green,Storage,Calibration,Storage < 70%,None,Continue Capturing Images,Store additional payload data,No,Low
SCN-03812,Green,Storage,Orbit Correction,Storage < 70%,None,Continue Capturing Images,Store additional payload data,No,Low
SCN-03813,Green,Thermal,Downlink,Temperature < 45°C,None,Continue Operation,Subsystem remains stable,No,Low
SCN-03814,Red,Thermal,Orbit Correction,Temperature > 70°C,Thermal Failure,Shutdown Payload,Prevent hardware damage,Yes,Critical
SCN-03815,Green,Payload,Downlink,Camera Operational,None,Capture Earth Images,Mission objective achieved,No,Low
SCN-03816,Yellow,Power,Orbit Correction,Solar Output Low,Potential Power Anomaly,Rotate Solar Panels,Increase charging efficiency,Yes,Medium
SCN-03817,Red,Thermal,Calibration,Temperature > 70°C,Thermal Failure,Shutdown Payload,Prevent hardware damage,Yes,Critical
SCN-03818,Green,Storage,Calibration,Storage < 70%,None,Continue Capturing Images,Store additional payload data,No,Low
SCN-03819,Green,Communication,Calibration,Signal Stable,None,Continue Downlink,Telemetry transmitted successfully,No,Low
SCN-03820,Yellow,Storage,Capturing Earth Images,Storage 70-90%,Potential Storage Anomaly,Schedule Downlink,Avoid storage overflow,Yes,Medium
SCN-03821,Green,Storage,Idle,Storage < 70%,None,Continue Capturing Images,Store additional payload data,No,Low
SCN-03822,Yellow,Power,Capturing Earth Images,Solar Output Low,Potential Power Anomaly,Rotate Solar Panels,Increase charging efficiency,Yes,Medium
SCN-03823,Red,Thermal,Downlink,Temperature > 70°C,Thermal Failure,Shutdown Payload,Prevent hardware damage,Yes,Critical
SCN-03824,Green,Storage,Downlink,Storage < 70%,None,Continue Capturing Images,Store additional payload data,No,Low
SCN-03825,Green,Thermal,Idle,Temperature < 45°C,None,Continue Operation,Subsystem remains stable,No,Low
SCN-03826,Red,Communication,Calibration,Communication Lost,Communication Failure,Queue Commands,Resume during next communication window,Yes,Critical
SCN-03827,Yellow,Payload,Idle,Camera Temperature Rising,Potential Payload Anomaly,Reduce Image Capture Rate,Prevent camera shutdown,Yes,Medium
SCN-03828,Green,Thermal,Calibration,Temperature < 45°C,None,Continue Operation,Subsystem remains stable,No,Low
SCN-03829,Yellow,Payload,Idle,Camera Temperature Rising,Potential Payload Anomaly,Reduce Image Capture Rate,Prevent camera shutdown,Yes,Medium
SCN-03830,Yellow,Communication,Calibration,Weak Signal,Potential Communication Anomaly,Prepare Next Ground Pass,Avoid communication failure,Yes,Medium
SCN-03831,Yellow,Storage,Downlink,Storage 70-90%,Potential Storage Anomaly,Schedule Downlink,Avoid storage overflow,Yes,Medium
SCN-03832,Red,Payload,Calibration,Camera Failure,Payload Failure,Restart Camera Module,Restore payload functionality,Yes,Critical
SCN-03833,Yellow,Power,Capturing Earth Images,Solar Output Low,Potential Power Anomaly,Rotate Solar Panels,Increase charging efficiency,Yes,Medium
SCN-03834,Green,Thermal,Orbit Correction,Temperature < 45°C,None,Continue Operation,Subsystem remains stable,No,Low
SCN-03835,Yellow,Power,Idle,Solar Output Low,Potential Power Anomaly,Rotate Solar Panels,Increase charging efficiency,Yes,Medium
SCN-03836,Green,Storage,Capturing Earth Images,Storage < 70%,None,Continue Capturing Images,Store additional payload data,No,Low
SCN-03837,Green,Power,Capturing Earth Images,Solar Output Normal,None,Continue Charging,Battery remains healthy,No,Low
SCN-03838,Red,Payload,Calibration,Camera Failure,Payload Failure,Restart Camera Module,Restore payload functionality,Yes,Critical
SCN-03839,Green,Communication,Capturing Earth Images,Signal Stable,None,Continue Downlink,Telemetry transmitted successfully,No,Low
SCN-03840,Green,Power,Calibration,Battery > 70%,None,Continue Mission,Nominal power operation,No,Low
SCN-03841,Yellow,Communication,Calibration,Weak Signal,Potential Communication Anomaly,Prepare Next Ground Pass,Avoid communication failure,Yes,Medium
SCN-03842,Yellow,Payload,Idle,Camera Temperature Rising,Potential Payload Anomaly,Reduce Image Capture Rate,Prevent camera shutdown,Yes,Medium
SCN-03843,Yellow,Thermal,Idle,Temperature 45-65°C,Potential Thermal Anomaly,Reduce CPU Load,Prevent overheating,Yes,Medium
SCN-03844,Yellow,Thermal,Orbit Correction,Temperature 45-65°C,Potential Thermal Anomaly,Reduce CPU Load,Prevent overheating,Yes,Medium
SCN-03845,Red,Communication,Downlink,Communication Lost,Communication Failure,Queue Commands,Resume during next communication window,Yes,Critical
SCN-03846,Yellow,Storage,Capturing Earth Images,Storage 70-90%,Potential Storage Anomaly,Schedule Downlink,Avoid storage overflow,Yes,Medium
SCN-03847,Green,Payload,Capturing Earth Images,Camera Operational,None,Capture Earth Images,Mission objective achieved,No,Low
SCN-03848,Yellow,Thermal,Idle,Temperature 45-65°C,Potential Thermal Anomaly,Reduce CPU Load,Prevent overheating,Yes,Medium
SCN-03849,Yellow,Payload,Downlink,Camera Temperature Rising,Potential Payload Anomaly,Reduce Image Capture Rate,Prevent camera shutdown,Yes,Medium
SCN-03850,Yellow,Communication,Idle,Weak Signal,Potential Communication Anomaly,Prepare Next Ground Pass,Avoid communication failure,Yes,Medium
SCN-03851,Green,Storage,Capturing Earth Images,Storage < 70%,None,Continue Capturing Images,Store additional payload data,No,Low
SCN-03852,Yellow,Storage,Orbit Correction,Storage 70-90%,Potential Storage Anomaly,Schedule Downlink,Avoid storage overflow,Yes,Medium
SCN-03853,Green,Payload,Orbit Correction,Camera Operational,None,Capture Earth Images,Mission objective achieved,No,Low
SCN-03854,Green,Thermal,Calibration,Temperature < 45°C,None,Continue Operation,Subsystem remains stable,No,Low
SCN-03855,Yellow,Storage,Calibration,Storage 70-90%,Potential Storage Anomaly,Schedule Downlink,Avoid storage overflow,Yes,Medium
SCN-03856,Green,Thermal,Idle,Temperature < 45°C,None,Continue Operation,Subsystem remains stable,No,Low
SCN-03857,Red,Communication,Calibration,Communication Lost,Communication Failure,Queue Commands,Resume during next communication window,Yes,Critical
SCN-03858,Green,Thermal,Downlink,Temperature < 45°C,None,Continue Operation,Subsystem remains stable,No,Low
SCN-03859,Green,Thermal,Orbit Correction,Temperature < 45°C,None,Continue Operation,Subsystem remains stable,No,Low
SCN-03860,Green,Storage,Idle,Storage < 70%,None,Continue Capturing Images,Store additional payload data,No,Low
SCN-03861,Green,Thermal,Capturing Earth Images,Temperature < 45°C,None,Continue Operation,Subsystem remains stable,No,Low
SCN-03862,Yellow,Power,Capturing Earth Images,Battery 30-70%,Potential Power Anomaly,Reduce Payload Power,Battery drain reduced,Yes,Medium
SCN-03863,Yellow,Communication,Capturing Earth Images,Weak Signal,Potential Communication Anomaly,Prepare Next Ground Pass,Avoid communication failure,Yes,Medium
SCN-03864,Green,Power,Downlink,Solar Output Normal,None,Continue Charging,Battery remains healthy,No,Low
SCN-03865,Green,Communication,Capturing Earth Images,Signal Stable,None,Continue Downlink,Telemetry transmitted successfully,No,Low
SCN-03866,Red,Power,Downlink,Battery < 20%,Power Failure,Enter Safe Mode,Prevent complete battery depletion,Yes,Critical
SCN-03867,Yellow,Storage,Capturing Earth Images,Storage 70-90%,Potential Storage Anomaly,Schedule Downlink,Avoid storage overflow,Yes,Medium
SCN-03868,Green,Storage,Calibration,Storage < 70%,None,Continue Capturing Images,Store additional payload data,No,Low
SCN-03869,Yellow,Thermal,Orbit Correction,Temperature 45-65°C,Potential Thermal Anomaly,Reduce CPU Load,Prevent overheating,Yes,Medium
SCN-03870,Green,Thermal,Idle,Temperature < 45°C,None,Continue Operation,Subsystem remains stable,No,Low
SCN-03871,Green,Payload,Capturing Earth Images,Camera Operational,None,Capture Earth Images,Mission objective achieved,No,Low
SCN-03872,Green,Communication,Capturing Earth Images,Signal Stable,None,Continue Downlink,Telemetry transmitted successfully,No,Low
SCN-03873,Yellow,Power,Calibration,Battery 30-70%,Potential Power Anomaly,Reduce Payload Power,Battery drain reduced,Yes,Medium
SCN-03874,Red,Payload,Orbit Correction,Camera Failure,Payload Failure,Restart Camera Module,Restore payload functionality,Yes,Critical
SCN-03875,Yellow,Power,Idle,Battery 30-70%,Potential Power Anomaly,Reduce Payload Power,Battery drain reduced,Yes,Medium
SCN-03876,Red,Storage,Idle,Storage > 95%,Storage Failure,Stop Image Capture and Downlink,Free storage space,Yes,Critical
SCN-03877,Green,Communication,Orbit Correction,Signal Stable,None,Continue Downlink,Telemetry transmitted successfully,No,Low
SCN-03878,Green,Payload,Calibration,Camera Operational,None,Capture Earth Images,Mission objective achieved,No,Low
SCN-03879,Yellow,Payload,Capturing Earth Images,Camera Temperature Rising,Potential Payload Anomaly,Reduce Image Capture Rate,Prevent camera shutdown,Yes,Medium
SCN-03880,Yellow,Power,Orbit Correction,Solar Output Low,Potential Power Anomaly,Rotate Solar Panels,Increase charging efficiency,Yes,Medium
SCN-03881,Green,Thermal,Downlink,Temperature < 45°C,None,Continue Operation,Subsystem remains stable,No,Low
SCN-03882,Green,Communication,Capturing Earth Images,Signal Stable,None,Continue Downlink,Telemetry transmitted successfully,No,Low
SCN-03883,Yellow,Thermal,Calibration,Temperature 45-65°C,Potential Thermal Anomaly,Reduce CPU Load,Prevent overheating,Yes,Medium
SCN-03884,Yellow,Power,Calibration,Battery 30-70%,Potential Power Anomaly,Reduce Payload Power,Battery drain reduced,Yes,Medium
SCN-03885,Red,Communication,Orbit Correction,Communication Lost,Communication Failure,Queue Commands,Resume during next communication window,Yes,Critical
SCN-03886,Yellow,Storage,Orbit Correction,Storage 70-90%,Potential Storage Anomaly,Schedule Downlink,Avoid storage overflow,Yes,Medium
SCN-03887,Yellow,Thermal,Orbit Correction,Temperature 45-65°C,Potential Thermal Anomaly,Reduce CPU Load,Prevent overheating,Yes,Medium
SCN-03888,Green,Storage,Idle,Storage < 70%,None,Continue Capturing Images,Store additional payload data,No,Low
SCN-03889,Green,Power,Downlink,Solar Output Normal,None,Continue Charging,Battery remains healthy,No,Low
SCN-03890,Green,Communication,Calibration,Signal Stable,None,Continue Downlink,Telemetry transmitted successfully,No,Low
SCN-03891,Yellow,Communication,Orbit Correction,Weak Signal,Potential Communication Anomaly,Prepare Next Ground Pass,Avoid communication failure,Yes,Medium
SCN-03892,Yellow,Communication,Orbit Correction,Weak Signal,Potential Communication Anomaly,Prepare Next Ground Pass,Avoid communication failure,Yes,Medium
SCN-03893,Green,Thermal,Calibration,Temperature < 45°C,None,Continue Operation,Subsystem remains stable,No,Low
SCN-03894,Red,Communication,Idle,Communication Lost,Communication Failure,Queue Commands,Resume during next communication window,Yes,Critical
SCN-03895,Yellow,Thermal,Calibration,Temperature 45-65°C,Potential Thermal Anomaly,Reduce CPU Load,Prevent overheating,Yes,Medium
SCN-03896,Red,Storage,Downlink,Storage > 95%,Storage Failure,Stop Image Capture and Downlink,Free storage space,Yes,Critical
SCN-03897,Yellow,Payload,Capturing Earth Images,Camera Temperature Rising,Potential Payload Anomaly,Reduce Image Capture Rate,Prevent camera shutdown,Yes,Medium
SCN-03898,Green,Power,Idle,Solar Output Normal,None,Continue Charging,Battery remains healthy,No,Low
SCN-03899,Yellow,Communication,Downlink,Weak Signal,Potential Communication Anomaly,Prepare Next Ground Pass,Avoid communication failure,Yes,Medium
SCN-03900,Green,Power,Orbit Correction,Battery > 70%,None,Continue Mission,Nominal power operation,No,Low
SCN-03901,Yellow,Thermal,Idle,Temperature 45-65°C,Potential Thermal Anomaly,Reduce CPU Load,Prevent overheating,Yes,Medium
SCN-03902,Yellow,Thermal,Idle,Temperature 45-65°C,Potential Thermal Anomaly,Reduce CPU Load,Prevent overheating,Yes,Medium
SCN-03903,Red,Communication,Idle,Communication Lost,Communication Failure,Queue Commands,Resume during next communication window,Yes,Critical
SCN-03904,Red,Storage,Capturing Earth Images,Storage > 95%,Storage Failure,Stop Image Capture and Downlink,Free storage space,Yes,Critical
SCN-03905,Green,Thermal,Capturing Earth Images,Temperature < 45°C,None,Continue Operation,Subsystem remains stable,No,Low
SCN-03906,Green,Power,Calibration,Battery > 70%,None,Continue Mission,Nominal power operation,No,Low
SCN-03907,Green,Thermal,Capturing Earth Images,Temperature < 45°C,None,Continue Operation,Subsystem remains stable,No,Low
SCN-03908,Green,Power,Downlink,Battery > 70%,None,Continue Mission,Nominal power operation,No,Low
SCN-03909,Red,Thermal,Calibration,Temperature > 70°C,Thermal Failure,Shutdown Payload,Prevent hardware damage,Yes,Critical
SCN-03910,Red,Thermal,Capturing Earth Images,Temperature > 70°C,Thermal Failure,Shutdown Payload,Prevent hardware damage,Yes,Critical
SCN-03911,Green,Storage,Calibration,Storage < 70%,None,Continue Capturing Images,Store additional payload data,No,Low
SCN-03912,Green,Payload,Capturing Earth Images,Camera Operational,None,Capture Earth Images,Mission objective achieved,No,Low
SCN-03913,Green,Power,Capturing Earth Images,Solar Output Normal,None,Continue Charging,Battery remains healthy,No,Low
SCN-03914,Green,Thermal,Orbit Correction,Temperature < 45°C,None,Continue Operation,Subsystem remains stable,No,Low
SCN-03915,Green,Communication,Calibration,Signal Stable,None,Continue Downlink,Telemetry transmitted successfully,No,Low
SCN-03916,Green,Payload,Capturing Earth Images,Camera Operational,None,Capture Earth Images,Mission objective achieved,No,Low
SCN-03917,Red,Storage,Orbit Correction,Storage > 95%,Storage Failure,Stop Image Capture and Downlink,Free storage space,Yes,Critical
SCN-03918,Green,Storage,Capturing Earth Images,Storage < 70%,None,Continue Capturing Images,Store additional payload data,No,Low
SCN-03919,Yellow,Storage,Capturing Earth Images,Storage 70-90%,Potential Storage Anomaly,Schedule Downlink,Avoid storage overflow,Yes,Medium
SCN-03920,Red,Payload,Capturing Earth Images,Camera Failure,Payload Failure,Restart Camera Module,Restore payload functionality,Yes,Critical
SCN-03921,Green,Thermal,Calibration,Temperature < 45°C,None,Continue Operation,Subsystem remains stable,No,Low
SCN-03922,Green,Payload,Capturing Earth Images,Camera Operational,None,Capture Earth Images,Mission objective achieved,No,Low
SCN-03923,Green,Thermal,Idle,Temperature < 45°C,None,Continue Operation,Subsystem remains stable,No,Low
SCN-03924,Green,Communication,Idle,Signal Stable,None,Continue Downlink,Telemetry transmitted successfully,No,Low
SCN-03925,Yellow,Power,Orbit Correction,Battery 30-70%,Potential Power Anomaly,Reduce Payload Power,Battery drain reduced,Yes,Medium
SCN-03926,Green,Communication,Orbit Correction,Signal Stable,None,Continue Downlink,Telemetry transmitted successfully,No,Low
SCN-03927,Yellow,Power,Downlink,Battery 30-70%,Potential Power Anomaly,Reduce Payload Power,Battery drain reduced,Yes,Medium
SCN-03928,Yellow,Power,Capturing Earth Images,Battery 30-70%,Potential Power Anomaly,Reduce Payload Power,Battery drain reduced,Yes,Medium
SCN-03929,Yellow,Thermal,Capturing Earth Images,Temperature 45-65°C,Potential Thermal Anomaly,Reduce CPU Load,Prevent overheating,Yes,Medium
SCN-03930,Green,Power,Downlink,Solar Output Normal,None,Continue Charging,Battery remains healthy,No,Low
SCN-03931,Green,Thermal,Idle,Temperature < 45°C,None,Continue Operation,Subsystem remains stable,No,Low
SCN-03932,Green,Power,Calibration,Solar Output Normal,None,Continue Charging,Battery remains healthy,No,Low
SCN-03933,Yellow,Storage,Downlink,Storage 70-90%,Potential Storage Anomaly,Schedule Downlink,Avoid storage overflow,Yes,Medium
SCN-03934,Red,Payload,Downlink,Camera Failure,Payload Failure,Restart Camera Module,Restore payload functionality,Yes,Critical
SCN-03935,Red,Payload,Downlink,Camera Failure,Payload Failure,Restart Camera Module,Restore payload functionality,Yes,Critical
SCN-03936,Yellow,Storage,Capturing Earth Images,Storage 70-90%,Potential Storage Anomaly,Schedule Downlink,Avoid storage overflow,Yes,Medium
SCN-03937,Yellow,Storage,Capturing Earth Images,Storage 70-90%,Potential Storage Anomaly,Schedule Downlink,Avoid storage overflow,Yes,Medium
SCN-03938,Green,Payload,Orbit Correction,Camera Operational,None,Capture Earth Images,Mission objective achieved,No,Low
SCN-03939,Green,Storage,Capturing Earth Images,Storage < 70%,None,Continue Capturing Images,Store additional payload data,No,Low
SCN-03940,Green,Power,Calibration,Solar Output Normal,None,Continue Charging,Battery remains healthy,No,Low
SCN-03941,Green,Payload,Capturing Earth Images,Camera Operational,None,Capture Earth Images,Mission objective achieved,No,Low
SCN-03942,Green,Payload,Idle,Camera Operational,None,Capture Earth Images,Mission objective achieved,No,Low
SCN-03943,Green,Storage,Downlink,Storage < 70%,None,Continue Capturing Images,Store additional payload data,No,Low
SCN-03944,Green,Communication,Capturing Earth Images,Signal Stable,None,Continue Downlink,Telemetry transmitted successfully,No,Low
SCN-03945,Red,Thermal,Capturing Earth Images,Temperature > 70°C,Thermal Failure,Shutdown Payload,Prevent hardware damage,Yes,Critical
SCN-03946,Yellow,Payload,Idle,Camera Temperature Rising,Potential Payload Anomaly,Reduce Image Capture Rate,Prevent camera shutdown,Yes,Medium
SCN-03947,Yellow,Thermal,Downlink,Temperature 45-65°C,Potential Thermal Anomaly,Reduce CPU Load,Prevent overheating,Yes,Medium
SCN-03948,Green,Power,Idle,Solar Output Normal,None,Continue Charging,Battery remains healthy,No,Low
SCN-03949,Green,Thermal,Downlink,Temperature < 45°C,None,Continue Operation,Subsystem remains stable,No,Low
SCN-03950,Red,Payload,Calibration,Camera Failure,Payload Failure,Restart Camera Module,Restore payload functionality,Yes,Critical
SCN-03951,Green,Power,Orbit Correction,Battery > 70%,None,Continue Mission,Nominal power operation,No,Low
SCN-03952,Green,Thermal,Calibration,Temperature < 45°C,None,Continue Operation,Subsystem remains stable,No,Low
SCN-03953,Yellow,Payload,Capturing Earth Images,Camera Temperature Rising,Potential Payload Anomaly,Reduce Image Capture Rate,Prevent camera shutdown,Yes,Medium
SCN-03954,Green,Thermal,Downlink,Temperature < 45°C,None,Continue Operation,Subsystem remains stable,No,Low
SCN-03955,Green,Storage,Idle,Storage < 70%,None,Continue Capturing Images,Store additional payload data,No,Low
SCN-03956,Green,Communication,Orbit Correction,Signal Stable,None,Continue Downlink,Telemetry transmitted successfully,No,Low
SCN-03957,Green,Payload,Downlink,Camera Operational,None,Capture Earth Images,Mission objective achieved,No,Low
SCN-03958,Yellow,Communication,Downlink,Weak Signal,Potential Communication Anomaly,Prepare Next Ground Pass,Avoid communication failure,Yes,Medium
SCN-03959,Yellow,Thermal,Orbit Correction,Temperature 45-65°C,Potential Thermal Anomaly,Reduce CPU Load,Prevent overheating,Yes,Medium
SCN-03960,Green,Payload,Capturing Earth Images,Camera Operational,None,Capture Earth Images,Mission objective achieved,No,Low
SCN-03961,Green,Communication,Orbit Correction,Signal Stable,None,Continue Downlink,Telemetry transmitted successfully,No,Low
SCN-03962,Green,Communication,Calibration,Signal Stable,None,Continue Downlink,Telemetry transmitted successfully,No,Low
SCN-03963,Green,Thermal,Orbit Correction,Temperature < 45°C,None,Continue Operation,Subsystem remains stable,No,Low
SCN-03964,Red,Communication,Idle,Communication Lost,Communication Failure,Queue Commands,Resume during next communication window,Yes,Critical
SCN-03965,Green,Payload,Downlink,Camera Operational,None,Capture Earth Images,Mission objective achieved,No,Low
SCN-03966,Green,Communication,Orbit Correction,Signal Stable,None,Continue Downlink,Telemetry transmitted successfully,No,Low
SCN-03967,Yellow,Payload,Idle,Camera Temperature Rising,Potential Payload Anomaly,Reduce Image Capture Rate,Prevent camera shutdown,Yes,Medium
SCN-03968,Red,Payload,Calibration,Camera Failure,Payload Failure,Restart Camera Module,Restore payload functionality,Yes,Critical
SCN-03969,Green,Payload,Orbit Correction,Camera Operational,None,Capture Earth Images,Mission objective achieved,No,Low
SCN-03970,Green,Power,Calibration,Battery > 70%,None,Continue Mission,Nominal power operation,No,Low
SCN-03971,Green,Payload,Calibration,Camera Operational,None,Capture Earth Images,Mission objective achieved,No,Low
SCN-03972,Green,Communication,Downlink,Signal Stable,None,Continue Downlink,Telemetry transmitted successfully,No,Low
SCN-03973,Yellow,Thermal,Downlink,Temperature 45-65°C,Potential Thermal Anomaly,Reduce CPU Load,Prevent overheating,Yes,Medium
SCN-03974,Green,Storage,Idle,Storage < 70%,None,Continue Capturing Images,Store additional payload data,No,Low
SCN-03975,Yellow,Power,Calibration,Battery 30-70%,Potential Power Anomaly,Reduce Payload Power,Battery drain reduced,Yes,Medium
SCN-03976,Green,Communication,Idle,Signal Stable,None,Continue Downlink,Telemetry transmitted successfully,No,Low
SCN-03977,Green,Payload,Orbit Correction,Camera Operational,None,Capture Earth Images,Mission objective achieved,No,Low
SCN-03978,Yellow,Power,Downlink,Solar Output Low,Potential Power Anomaly,Rotate Solar Panels,Increase charging efficiency,Yes,Medium
SCN-03979,Green,Payload,Downlink,Camera Operational,None,Capture Earth Images,Mission objective achieved,No,Low
SCN-03980,Green,Storage,Downlink,Storage < 70%,None,Continue Capturing Images,Store additional payload data,No,Low
SCN-03981,Yellow,Payload,Downlink,Camera Temperature Rising,Potential Payload Anomaly,Reduce Image Capture Rate,Prevent camera shutdown,Yes,Medium
SCN-03982,Green,Communication,Idle,Signal Stable,None,Continue Downlink,Telemetry transmitted successfully,No,Low
SCN-03983,Yellow,Communication,Capturing Earth Images,Weak Signal,Potential Communication Anomaly,Prepare Next Ground Pass,Avoid communication failure,Yes,Medium
SCN-03984,Green,Thermal,Capturing Earth Images,Temperature < 45°C,None,Continue Operation,Subsystem remains stable,No,Low
SCN-03985,Red,Power,Orbit Correction,Solar Panel Failure,Power Failure,Disable Payload,Reduce power consumption,Yes,Critical
SCN-03986,Green,Power,Downlink,Battery > 70%,None,Continue Mission,Nominal power operation,No,Low
SCN-03987,Green,Communication,Orbit Correction,Signal Stable,None,Continue Downlink,Telemetry transmitted successfully,No,Low
SCN-03988,Green,Power,Orbit Correction,Battery > 70%,None,Continue Mission,Nominal power operation,No,Low
SCN-03989,Green,Power,Orbit Correction,Battery > 70%,None,Continue Mission,Nominal power operation,No,Low
SCN-03990,Green,Payload,Downlink,Camera Operational,None,Capture Earth Images,Mission objective achieved,No,Low
SCN-03991,Yellow,Storage,Calibration,Storage 70-90%,Potential Storage Anomaly,Schedule Downlink,Avoid storage overflow,Yes,Medium
SCN-03992,Green,Thermal,Downlink,Temperature < 45°C,None,Continue Operation,Subsystem remains stable,No,Low
SCN-03993,Yellow,Storage,Orbit Correction,Storage 70-90%,Potential Storage Anomaly,Schedule Downlink,Avoid storage overflow,Yes,Medium
SCN-03994,Yellow,Thermal,Capturing Earth Images,Temperature 45-65°C,Potential Thermal Anomaly,Reduce CPU Load,Prevent overheating,Yes,Medium
SCN-03995,Yellow,Payload,Downlink,Camera Temperature Rising,Potential Payload Anomaly,Reduce Image Capture Rate,Prevent camera shutdown,Yes,Medium
SCN-03996,Green,Thermal,Capturing Earth Images,Temperature < 45°C,None,Continue Operation,Subsystem remains stable,No,Low
SCN-03997,Green,Storage,Idle,Storage < 70%,None,Continue Capturing Images,Store additional payload data,No,Low
SCN-03998,Yellow,Storage,Downlink,Storage 70-90%,Potential Storage Anomaly,Schedule Downlink,Avoid storage overflow,Yes,Medium
SCN-03999,Yellow,Communication,Orbit Correction,Weak Signal,Potential Communication Anomaly,Prepare Next Ground Pass,Avoid communication failure,Yes,Medium
SCN-04000,Yellow,Payload,Calibration,Camera Temperature Rising,Potential Payload Anomaly,Reduce Image Capture Rate,Prevent camera shutdown,Yes,Medium
SCN-04001,Yellow,Payload,Idle,Camera Temperature Rising,Potential Payload Anomaly,Reduce Image Capture Rate,Prevent camera shutdown,Yes,Medium
SCN-04002,Green,Storage,Downlink,Storage < 70%,None,Continue Capturing Images,Store additional payload data,No,Low
SCN-04003,Green,Thermal,Orbit Correction,Temperature < 45°C,None,Continue Operation,Subsystem remains stable,No,Low
SCN-04004,Green,Communication,Capturing Earth Images,Signal Stable,None,Continue Downlink,Telemetry transmitted successfully,No,Low
SCN-04005,Yellow,Communication,Calibration,Weak Signal,Potential Communication Anomaly,Prepare Next Ground Pass,Avoid communication failure,Yes,Medium
SCN-04006,Red,Communication,Capturing Earth Images,Communication Lost,Communication Failure,Queue Commands,Resume during next communication window,Yes,Critical
SCN-04007,Green,Communication,Idle,Signal Stable,None,Continue Downlink,Telemetry transmitted successfully,No,Low
SCN-04008,Green,Communication,Orbit Correction,Signal Stable,None,Continue Downlink,Telemetry transmitted successfully,No,Low
SCN-04009,Green,Thermal,Orbit Correction,Temperature < 45°C,None,Continue Operation,Subsystem remains stable,No,Low
SCN-04010,Green,Payload,Calibration,Camera Operational,None,Capture Earth Images,Mission objective achieved,No,Low
SCN-04011,Red,Payload,Downlink,Camera Failure,Payload Failure,Restart Camera Module,Restore payload functionality,Yes,Critical
SCN-04012,Green,Payload,Capturing Earth Images,Camera Operational,None,Capture Earth Images,Mission objective achieved,No,Low
SCN-04013,Green,Communication,Downlink,Signal Stable,None,Continue Downlink,Telemetry transmitted successfully,No,Low
SCN-04014,Green,Storage,Downlink,Storage < 70%,None,Continue Capturing Images,Store additional payload data,No,Low
SCN-04015,Yellow,Storage,Capturing Earth Images,Storage 70-90%,Potential Storage Anomaly,Schedule Downlink,Avoid storage overflow,Yes,Medium
SCN-04016,Yellow,Payload,Calibration,Camera Temperature Rising,Potential Payload Anomaly,Reduce Image Capture Rate,Prevent camera shutdown,Yes,Medium
SCN-04017,Yellow,Payload,Calibration,Camera Temperature Rising,Potential Payload Anomaly,Reduce Image Capture Rate,Prevent camera shutdown,Yes,Medium
SCN-04018,Green,Power,Idle,Battery > 70%,None,Continue Mission,Nominal power operation,No,Low
SCN-04019,Yellow,Thermal,Calibration,Temperature 45-65°C,Potential Thermal Anomaly,Reduce CPU Load,Prevent overheating,Yes,Medium
SCN-04020,Green,Payload,Calibration,Camera Operational,None,Capture Earth Images,Mission objective achieved,No,Low
SCN-04021,Green,Payload,Calibration,Camera Operational,None,Capture Earth Images,Mission objective achieved,No,Low
SCN-04022,Green,Storage,Idle,Storage < 70%,None,Continue Capturing Images,Store additional payload data,No,Low
SCN-04023,Yellow,Storage,Idle,Storage 70-90%,Potential Storage Anomaly,Schedule Downlink,Avoid storage overflow,Yes,Medium
SCN-04024,Red,Communication,Capturing Earth Images,Communication Lost,Communication Failure,Queue Commands,Resume during next communication window,Yes,Critical
SCN-04025,Red,Thermal,Capturing Earth Images,Temperature > 70°C,Thermal Failure,Shutdown Payload,Prevent hardware damage,Yes,Critical
SCN-04026,Green,Communication,Calibration,Signal Stable,None,Continue Downlink,Telemetry transmitted successfully,No,Low
SCN-04027,Red,Power,Idle,Solar Panel Failure,Power Failure,Disable Payload,Reduce power consumption,Yes,Critical
SCN-04028,Red,Communication,Downlink,Communication Lost,Communication Failure,Queue Commands,Resume during next communication window,Yes,Critical
SCN-04029,Green,Power,Idle,Battery > 70%,None,Continue Mission,Nominal power operation,No,Low
SCN-04030,Yellow,Storage,Capturing Earth Images,Storage 70-90%,Potential Storage Anomaly,Schedule Downlink,Avoid storage overflow,Yes,Medium
SCN-04031,Green,Communication,Calibration,Signal Stable,None,Continue Downlink,Telemetry transmitted successfully,No,Low
SCN-04032,Green,Power,Calibration,Battery > 70%,None,Continue Mission,Nominal power operation,No,Low
SCN-04033,Green,Storage,Calibration,Storage < 70%,None,Continue Capturing Images,Store additional payload data,No,Low
SCN-04034,Green,Storage,Calibration,Storage < 70%,None,Continue Capturing Images,Store additional payload data,No,Low
SCN-04035,Green,Power,Downlink,Solar Output Normal,None,Continue Charging,Battery remains healthy,No,Low
SCN-04036,Green,Storage,Capturing Earth Images,Storage < 70%,None,Continue Capturing Images,Store additional payload data,No,Low
SCN-04037,Green,Payload,Idle,Camera Operational,None,Capture Earth Images,Mission objective achieved,No,Low
SCN-04038,Yellow,Power,Capturing Earth Images,Battery 30-70%,Potential Power Anomaly,Reduce Payload Power,Battery drain reduced,Yes,Medium
SCN-04039,Green,Thermal,Capturing Earth Images,Temperature < 45°C,None,Continue Operation,Subsystem remains stable,No,Low
SCN-04040,Yellow,Thermal,Orbit Correction,Temperature 45-65°C,Potential Thermal Anomaly,Reduce CPU Load,Prevent overheating,Yes,Medium
SCN-04041,Green,Power,Idle,Solar Output Normal,None,Continue Charging,Battery remains healthy,No,Low
SCN-04042,Yellow,Communication,Downlink,Weak Signal,Potential Communication Anomaly,Prepare Next Ground Pass,Avoid communication failure,Yes,Medium
SCN-04043,Green,Payload,Orbit Correction,Camera Operational,None,Capture Earth Images,Mission objective achieved,No,Low
SCN-04044,Green,Payload,Downlink,Camera Operational,None,Capture Earth Images,Mission objective achieved,No,Low
SCN-04045,Red,Payload,Downlink,Camera Failure,Payload Failure,Restart Camera Module,Restore payload functionality,Yes,Critical
SCN-04046,Red,Communication,Orbit Correction,Communication Lost,Communication Failure,Queue Commands,Resume during next communication window,Yes,Critical
SCN-04047,Red,Storage,Orbit Correction,Storage > 95%,Storage Failure,Stop Image Capture and Downlink,Free storage space,Yes,Critical
SCN-04048,Green,Communication,Calibration,Signal Stable,None,Continue Downlink,Telemetry transmitted successfully,No,Low
SCN-04049,Green,Communication,Downlink,Signal Stable,None,Continue Downlink,Telemetry transmitted successfully,No,Low
SCN-04050,Green,Payload,Orbit Correction,Camera Operational,None,Capture Earth Images,Mission objective achieved,No,Low
SCN-04051,Yellow,Storage,Capturing Earth Images,Storage 70-90%,Potential Storage Anomaly,Schedule Downlink,Avoid storage overflow,Yes,Medium
SCN-04052,Green,Communication,Orbit Correction,Signal Stable,None,Continue Downlink,Telemetry transmitted successfully,No,Low
SCN-04053,Yellow,Storage,Orbit Correction,Storage 70-90%,Potential Storage Anomaly,Schedule Downlink,Avoid storage overflow,Yes,Medium
SCN-04054,Green,Power,Idle,Battery > 70%,None,Continue Mission,Nominal power operation,No,Low
SCN-04055,Green,Payload,Idle,Camera Operational,None,Capture Earth Images,Mission objective achieved,No,Low
SCN-04056,Green,Power,Capturing Earth Images,Battery > 70%,None,Continue Mission,Nominal power operation,No,Low
SCN-04057,Green,Power,Idle,Solar Output Normal,None,Continue Charging,Battery remains healthy,No,Low
SCN-04058,Green,Thermal,Calibration,Temperature < 45°C,None,Continue Operation,Subsystem remains stable,No,Low
SCN-04059,Red,Power,Downlink,Battery < 20%,Power Failure,Enter Safe Mode,Prevent complete battery depletion,Yes,Critical
SCN-04060,Yellow,Power,Orbit Correction,Battery 30-70%,Potential Power Anomaly,Reduce Payload Power,Battery drain reduced,Yes,Medium
SCN-04061,Green,Storage,Calibration,Storage < 70%,None,Continue Capturing Images,Store additional payload data,No,Low
SCN-04062,Yellow,Thermal,Capturing Earth Images,Temperature 45-65°C,Potential Thermal Anomaly,Reduce CPU Load,Prevent overheating,Yes,Medium
SCN-04063,Green,Communication,Calibration,Signal Stable,None,Continue Downlink,Telemetry transmitted successfully,No,Low
SCN-04064,Green,Thermal,Calibration,Temperature < 45°C,None,Continue Operation,Subsystem remains stable,No,Low
SCN-04065,Yellow,Power,Orbit Correction,Battery 30-70%,Potential Power Anomaly,Reduce Payload Power,Battery drain reduced,Yes,Medium
SCN-04066,Red,Power,Orbit Correction,Solar Panel Failure,Power Failure,Disable Payload,Reduce power consumption,Yes,Critical
SCN-04067,Green,Thermal,Downlink,Temperature < 45°C,None,Continue Operation,Subsystem remains stable,No,Low
SCN-04068,Green,Thermal,Idle,Temperature < 45°C,None,Continue Operation,Subsystem remains stable,No,Low
SCN-04069,Yellow,Thermal,Capturing Earth Images,Temperature 45-65°C,Potential Thermal Anomaly,Reduce CPU Load,Prevent overheating,Yes,Medium
SCN-04070,Green,Thermal,Idle,Temperature < 45°C,None,Continue Operation,Subsystem remains stable,No,Low
SCN-04071,Green,Payload,Downlink,Camera Operational,None,Capture Earth Images,Mission objective achieved,No,Low
SCN-04072,Yellow,Power,Idle,Solar Output Low,Potential Power Anomaly,Rotate Solar Panels,Increase charging efficiency,Yes,Medium
SCN-04073,Green,Thermal,Downlink,Temperature < 45°C,None,Continue Operation,Subsystem remains stable,No,Low
SCN-04074,Green,Storage,Orbit Correction,Storage < 70%,None,Continue Capturing Images,Store additional payload data,No,Low
SCN-04075,Yellow,Power,Downlink,Battery 30-70%,Potential Power Anomaly,Reduce Payload Power,Battery drain reduced,Yes,Medium
SCN-04076,Green,Communication,Calibration,Signal Stable,None,Continue Downlink,Telemetry transmitted successfully,No,Low
SCN-04077,Green,Communication,Idle,Signal Stable,None,Continue Downlink,Telemetry transmitted successfully,No,Low
SCN-04078,Green,Thermal,Downlink,Temperature < 45°C,None,Continue Operation,Subsystem remains stable,No,Low
SCN-04079,Green,Power,Downlink,Battery > 70%,None,Continue Mission,Nominal power operation,No,Low
SCN-04080,Green,Thermal,Idle,Temperature < 45°C,None,Continue Operation,Subsystem remains stable,No,Low
SCN-04081,Red,Thermal,Capturing Earth Images,Temperature > 70°C,Thermal Failure,Shutdown Payload,Prevent hardware damage,Yes,Critical
SCN-04082,Green,Thermal,Orbit Correction,Temperature < 45°C,None,Continue Operation,Subsystem remains stable,No,Low
SCN-04083,Yellow,Power,Calibration,Battery 30-70%,Potential Power Anomaly,Reduce Payload Power,Battery drain reduced,Yes,Medium
SCN-04084,Green,Power,Calibration,Battery > 70%,None,Continue Mission,Nominal power operation,No,Low
SCN-04085,Green,Storage,Idle,Storage < 70%,None,Continue Capturing Images,Store additional payload data,No,Low
SCN-04086,Red,Communication,Orbit Correction,Communication Lost,Communication Failure,Queue Commands,Resume during next communication window,Yes,Critical
SCN-04087,Green,Payload,Calibration,Camera Operational,None,Capture Earth Images,Mission objective achieved,No,Low
SCN-04088,Green,Power,Idle,Battery > 70%,None,Continue Mission,Nominal power operation,No,Low
SCN-04089,Green,Power,Orbit Correction,Solar Output Normal,None,Continue Charging,Battery remains healthy,No,Low
SCN-04090,Yellow,Storage,Calibration,Storage 70-90%,Potential Storage Anomaly,Schedule Downlink,Avoid storage overflow,Yes,Medium
SCN-04091,Green,Storage,Orbit Correction,Storage < 70%,None,Continue Capturing Images,Store additional payload data,No,Low
SCN-04092,Green,Thermal,Orbit Correction,Temperature < 45°C,None,Continue Operation,Subsystem remains stable,No,Low
SCN-04093,Green,Thermal,Downlink,Temperature < 45°C,None,Continue Operation,Subsystem remains stable,No,Low
SCN-04094,Green,Communication,Calibration,Signal Stable,None,Continue Downlink,Telemetry transmitted successfully,No,Low
SCN-04095,Red,Power,Idle,Solar Panel Failure,Power Failure,Disable Payload,Reduce power consumption,Yes,Critical
SCN-04096,Red,Thermal,Capturing Earth Images,Temperature > 70°C,Thermal Failure,Shutdown Payload,Prevent hardware damage,Yes,Critical
SCN-04097,Green,Storage,Capturing Earth Images,Storage < 70%,None,Continue Capturing Images,Store additional payload data,No,Low
SCN-04098,Yellow,Payload,Calibration,Camera Temperature Rising,Potential Payload Anomaly,Reduce Image Capture Rate,Prevent camera shutdown,Yes,Medium
SCN-04099,Green,Power,Idle,Solar Output Normal,None,Continue Charging,Battery remains healthy,No,Low
SCN-04100,Red,Power,Calibration,Solar Panel Failure,Power Failure,Disable Payload,Reduce power consumption,Yes,Critical
SCN-04101,Green,Thermal,Capturing Earth Images,Temperature < 45°C,None,Continue Operation,Subsystem remains stable,No,Low
SCN-04102,Green,Thermal,Orbit Correction,Temperature < 45°C,None,Continue Operation,Subsystem remains stable,No,Low
SCN-04103,Green,Storage,Calibration,Storage < 70%,None,Continue Capturing Images,Store additional payload data,No,Low
SCN-04104,Green,Power,Idle,Battery > 70%,None,Continue Mission,Nominal power operation,No,Low
SCN-04105,Green,Storage,Orbit Correction,Storage < 70%,None,Continue Capturing Images,Store additional payload data,No,Low
SCN-04106,Green,Thermal,Orbit Correction,Temperature < 45°C,None,Continue Operation,Subsystem remains stable,No,Low
SCN-04107,Red,Storage,Idle,Storage > 95%,Storage Failure,Stop Image Capture and Downlink,Free storage space,Yes,Critical
SCN-04108,Green,Communication,Calibration,Signal Stable,None,Continue Downlink,Telemetry transmitted successfully,No,Low
SCN-04109,Green,Storage,Calibration,Storage < 70%,None,Continue Capturing Images,Store additional payload data,No,Low
SCN-04110,Green,Payload,Idle,Camera Operational,None,Capture Earth Images,Mission objective achieved,No,Low
SCN-04111,Green,Power,Orbit Correction,Solar Output Normal,None,Continue Charging,Battery remains healthy,No,Low
SCN-04112,Green,Communication,Capturing Earth Images,Signal Stable,None,Continue Downlink,Telemetry transmitted successfully,No,Low
SCN-04113,Red,Payload,Downlink,Camera Failure,Payload Failure,Restart Camera Module,Restore payload functionality,Yes,Critical
SCN-04114,Green,Communication,Downlink,Signal Stable,None,Continue Downlink,Telemetry transmitted successfully,No,Low
SCN-04115,Green,Payload,Capturing Earth Images,Camera Operational,None,Capture Earth Images,Mission objective achieved,No,Low
SCN-04116,Green,Payload,Calibration,Camera Operational,None,Capture Earth Images,Mission objective achieved,No,Low
SCN-04117,Green,Thermal,Orbit Correction,Temperature < 45°C,None,Continue Operation,Subsystem remains stable,No,Low
SCN-04118,Green,Payload,Calibration,Camera Operational,None,Capture Earth Images,Mission objective achieved,No,Low
SCN-04119,Green,Thermal,Orbit Correction,Temperature < 45°C,None,Continue Operation,Subsystem remains stable,No,Low
SCN-04120,Green,Power,Calibration,Solar Output Normal,None,Continue Charging,Battery remains healthy,No,Low
SCN-04121,Yellow,Communication,Orbit Correction,Weak Signal,Potential Communication Anomaly,Prepare Next Ground Pass,Avoid communication failure,Yes,Medium
SCN-04122,Green,Payload,Orbit Correction,Camera Operational,None,Capture Earth Images,Mission objective achieved,No,Low
SCN-04123,Red,Power,Capturing Earth Images,Solar Panel Failure,Power Failure,Disable Payload,Reduce power consumption,Yes,Critical
SCN-04124,Yellow,Power,Calibration,Battery 30-70%,Potential Power Anomaly,Reduce Payload Power,Battery drain reduced,Yes,Medium
SCN-04125,Red,Storage,Calibration,Storage > 95%,Storage Failure,Stop Image Capture and Downlink,Free storage space,Yes,Critical
SCN-04126,Green,Communication,Orbit Correction,Signal Stable,None,Continue Downlink,Telemetry transmitted successfully,No,Low
SCN-04127,Green,Power,Capturing Earth Images,Battery > 70%,None,Continue Mission,Nominal power operation,No,Low
SCN-04128,Green,Payload,Calibration,Camera Operational,None,Capture Earth Images,Mission objective achieved,No,Low
SCN-04129,Green,Communication,Downlink,Signal Stable,None,Continue Downlink,Telemetry transmitted successfully,No,Low
SCN-04130,Red,Power,Calibration,Solar Panel Failure,Power Failure,Disable Payload,Reduce power consumption,Yes,Critical
SCN-04131,Red,Power,Capturing Earth Images,Solar Panel Failure,Power Failure,Disable Payload,Reduce power consumption,Yes,Critical
SCN-04132,Green,Storage,Capturing Earth Images,Storage < 70%,None,Continue Capturing Images,Store additional payload data,No,Low
SCN-04133,Green,Communication,Capturing Earth Images,Signal Stable,None,Continue Downlink,Telemetry transmitted successfully,No,Low
SCN-04134,Green,Payload,Calibration,Camera Operational,None,Capture Earth Images,Mission objective achieved,No,Low
SCN-04135,Green,Storage,Downlink,Storage < 70%,None,Continue Capturing Images,Store additional payload data,No,Low
SCN-04136,Green,Thermal,Orbit Correction,Temperature < 45°C,None,Continue Operation,Subsystem remains stable,No,Low
SCN-04137,Yellow,Power,Downlink,Battery 30-70%,Potential Power Anomaly,Reduce Payload Power,Battery drain reduced,Yes,Medium
SCN-04138,Yellow,Communication,Calibration,Weak Signal,Potential Communication Anomaly,Prepare Next Ground Pass,Avoid communication failure,Yes,Medium
SCN-04139,Yellow,Thermal,Idle,Temperature 45-65°C,Potential Thermal Anomaly,Reduce CPU Load,Prevent overheating,Yes,Medium
SCN-04140,Red,Power,Capturing Earth Images,Solar Panel Failure,Power Failure,Disable Payload,Reduce power consumption,Yes,Critical
SCN-04141,Green,Storage,Calibration,Storage < 70%,None,Continue Capturing Images,Store additional payload data,No,Low
SCN-04142,Yellow,Power,Downlink,Battery 30-70%,Potential Power Anomaly,Reduce Payload Power,Battery drain reduced,Yes,Medium
SCN-04143,Red,Payload,Orbit Correction,Camera Failure,Payload Failure,Restart Camera Module,Restore payload functionality,Yes,Critical
SCN-04144,Green,Thermal,Idle,Temperature < 45°C,None,Continue Operation,Subsystem remains stable,No,Low
SCN-04145,Yellow,Payload,Idle,Camera Temperature Rising,Potential Payload Anomaly,Reduce Image Capture Rate,Prevent camera shutdown,Yes,Medium
SCN-04146,Red,Communication,Idle,Communication Lost,Communication Failure,Queue Commands,Resume during next communication window,Yes,Critical
SCN-04147,Red,Thermal,Idle,Temperature > 70°C,Thermal Failure,Shutdown Payload,Prevent hardware damage,Yes,Critical
SCN-04148,Green,Storage,Orbit Correction,Storage < 70%,None,Continue Capturing Images,Store additional payload data,No,Low
SCN-04149,Green,Payload,Downlink,Camera Operational,None,Capture Earth Images,Mission objective achieved,No,Low
SCN-04150,Green,Payload,Idle,Camera Operational,None,Capture Earth Images,Mission objective achieved,No,Low
SCN-04151,Green,Power,Orbit Correction,Battery > 70%,None,Continue Mission,Nominal power operation,No,Low
SCN-04152,Red,Payload,Calibration,Camera Failure,Payload Failure,Restart Camera Module,Restore payload functionality,Yes,Critical
SCN-04153,Green,Power,Downlink,Battery > 70%,None,Continue Mission,Nominal power operation,No,Low
SCN-04154,Green,Power,Capturing Earth Images,Battery > 70%,None,Continue Mission,Nominal power operation,No,Low
SCN-04155,Green,Storage,Orbit Correction,Storage < 70%,None,Continue Capturing Images,Store additional payload data,No,Low
SCN-04156,Green,Thermal,Idle,Temperature < 45°C,None,Continue Operation,Subsystem remains stable,No,Low
SCN-04157,Green,Storage,Downlink,Storage < 70%,None,Continue Capturing Images,Store additional payload data,No,Low
SCN-04158,Red,Storage,Calibration,Storage > 95%,Storage Failure,Stop Image Capture and Downlink,Free storage space,Yes,Critical
SCN-04159,Red,Payload,Orbit Correction,Camera Failure,Payload Failure,Restart Camera Module,Restore payload functionality,Yes,Critical
SCN-04160,Red,Storage,Idle,Storage > 95%,Storage Failure,Stop Image Capture and Downlink,Free storage space,Yes,Critical
SCN-04161,Yellow,Communication,Capturing Earth Images,Weak Signal,Potential Communication Anomaly,Prepare Next Ground Pass,Avoid communication failure,Yes,Medium
SCN-04162,Red,Thermal,Capturing Earth Images,Temperature > 70°C,Thermal Failure,Shutdown Payload,Prevent hardware damage,Yes,Critical
SCN-04163,Yellow,Communication,Calibration,Weak Signal,Potential Communication Anomaly,Prepare Next Ground Pass,Avoid communication failure,Yes,Medium
SCN-04164,Yellow,Thermal,Calibration,Temperature 45-65°C,Potential Thermal Anomaly,Reduce CPU Load,Prevent overheating,Yes,Medium
SCN-04165,Yellow,Thermal,Calibration,Temperature 45-65°C,Potential Thermal Anomaly,Reduce CPU Load,Prevent overheating,Yes,Medium
SCN-04166,Red,Payload,Orbit Correction,Camera Failure,Payload Failure,Restart Camera Module,Restore payload functionality,Yes,Critical
SCN-04167,Green,Storage,Idle,Storage < 70%,None,Continue Capturing Images,Store additional payload data,No,Low
SCN-04168,Red,Thermal,Capturing Earth Images,Temperature > 70°C,Thermal Failure,Shutdown Payload,Prevent hardware damage,Yes,Critical
SCN-04169,Green,Payload,Capturing Earth Images,Camera Operational,None,Capture Earth Images,Mission objective achieved,No,Low
SCN-04170,Green,Thermal,Calibration,Temperature < 45°C,None,Continue Operation,Subsystem remains stable,No,Low
SCN-04171,Green,Storage,Idle,Storage < 70%,None,Continue Capturing Images,Store additional payload data,No,Low
SCN-04172,Green,Thermal,Capturing Earth Images,Temperature < 45°C,None,Continue Operation,Subsystem remains stable,No,Low
SCN-04173,Yellow,Power,Calibration,Solar Output Low,Potential Power Anomaly,Rotate Solar Panels,Increase charging efficiency,Yes,Medium
SCN-04174,Green,Payload,Idle,Camera Operational,None,Capture Earth Images,Mission objective achieved,No,Low
SCN-04175,Yellow,Power,Orbit Correction,Battery 30-70%,Potential Power Anomaly,Reduce Payload Power,Battery drain reduced,Yes,Medium
SCN-04176,Green,Payload,Downlink,Camera Operational,None,Capture Earth Images,Mission objective achieved,No,Low
SCN-04177,Red,Thermal,Downlink,Temperature > 70°C,Thermal Failure,Shutdown Payload,Prevent hardware damage,Yes,Critical
SCN-04178,Green,Power,Orbit Correction,Battery > 70%,None,Continue Mission,Nominal power operation,No,Low
SCN-04179,Yellow,Power,Orbit Correction,Solar Output Low,Potential Power Anomaly,Rotate Solar Panels,Increase charging efficiency,Yes,Medium
SCN-04180,Yellow,Power,Orbit Correction,Solar Output Low,Potential Power Anomaly,Rotate Solar Panels,Increase charging efficiency,Yes,Medium
SCN-04181,Green,Communication,Capturing Earth Images,Signal Stable,None,Continue Downlink,Telemetry transmitted successfully,No,Low
SCN-04182,Green,Power,Idle,Battery > 70%,None,Continue Mission,Nominal power operation,No,Low
SCN-04183,Yellow,Thermal,Capturing Earth Images,Temperature 45-65°C,Potential Thermal Anomaly,Reduce CPU Load,Prevent overheating,Yes,Medium
SCN-04184,Yellow,Thermal,Downlink,Temperature 45-65°C,Potential Thermal Anomaly,Reduce CPU Load,Prevent overheating,Yes,Medium
SCN-04185,Green,Payload,Capturing Earth Images,Camera Operational,None,Capture Earth Images,Mission objective achieved,No,Low
SCN-04186,Yellow,Communication,Downlink,Weak Signal,Potential Communication Anomaly,Prepare Next Ground Pass,Avoid communication failure,Yes,Medium
SCN-04187,Green,Payload,Orbit Correction,Camera Operational,None,Capture Earth Images,Mission objective achieved,No,Low
SCN-04188,Yellow,Thermal,Orbit Correction,Temperature 45-65°C,Potential Thermal Anomaly,Reduce CPU Load,Prevent overheating,Yes,Medium
SCN-04189,Yellow,Payload,Orbit Correction,Camera Temperature Rising,Potential Payload Anomaly,Reduce Image Capture Rate,Prevent camera shutdown,Yes,Medium
SCN-04190,Green,Communication,Capturing Earth Images,Signal Stable,None,Continue Downlink,Telemetry transmitted successfully,No,Low
SCN-04191,Green,Storage,Downlink,Storage < 70%,None,Continue Capturing Images,Store additional payload data,No,Low
SCN-04192,Green,Thermal,Calibration,Temperature < 45°C,None,Continue Operation,Subsystem remains stable,No,Low
SCN-04193,Green,Storage,Capturing Earth Images,Storage < 70%,None,Continue Capturing Images,Store additional payload data,No,Low
SCN-04194,Green,Thermal,Idle,Temperature < 45°C,None,Continue Operation,Subsystem remains stable,No,Low
SCN-04195,Green,Power,Capturing Earth Images,Battery > 70%,None,Continue Mission,Nominal power operation,No,Low
SCN-04196,Green,Storage,Capturing Earth Images,Storage < 70%,None,Continue Capturing Images,Store additional payload data,No,Low
SCN-04197,Yellow,Communication,Idle,Weak Signal,Potential Communication Anomaly,Prepare Next Ground Pass,Avoid communication failure,Yes,Medium
SCN-04198,Green,Payload,Capturing Earth Images,Camera Operational,None,Capture Earth Images,Mission objective achieved,No,Low
SCN-04199,Red,Thermal,Idle,Temperature > 70°C,Thermal Failure,Shutdown Payload,Prevent hardware damage,Yes,Critical
SCN-04200,Green,Thermal,Idle,Temperature < 45°C,None,Continue Operation,Subsystem remains stable,No,Low
SCN-04201,Red,Power,Idle,Battery < 20%,Power Failure,Enter Safe Mode,Prevent complete battery depletion,Yes,Critical
SCN-04202,Red,Communication,Orbit Correction,Communication Lost,Communication Failure,Queue Commands,Resume during next communication window,Yes,Critical
SCN-04203,Green,Power,Capturing Earth Images,Battery > 70%,None,Continue Mission,Nominal power operation,No,Low
SCN-04204,Yellow,Storage,Orbit Correction,Storage 70-90%,Potential Storage Anomaly,Schedule Downlink,Avoid storage overflow,Yes,Medium
SCN-04205,Green,Communication,Calibration,Signal Stable,None,Continue Downlink,Telemetry transmitted successfully,No,Low
SCN-04206,Yellow,Storage,Capturing Earth Images,Storage 70-90%,Potential Storage Anomaly,Schedule Downlink,Avoid storage overflow,Yes,Medium
SCN-04207,Yellow,Thermal,Orbit Correction,Temperature 45-65°C,Potential Thermal Anomaly,Reduce CPU Load,Prevent overheating,Yes,Medium
SCN-04208,Green,Payload,Idle,Camera Operational,None,Capture Earth Images,Mission objective achieved,No,Low
SCN-04209,Yellow,Payload,Idle,Camera Temperature Rising,Potential Payload Anomaly,Reduce Image Capture Rate,Prevent camera shutdown,Yes,Medium
SCN-04210,Green,Communication,Capturing Earth Images,Signal Stable,None,Continue Downlink,Telemetry transmitted successfully,No,Low
SCN-04211,Red,Payload,Capturing Earth Images,Camera Failure,Payload Failure,Restart Camera Module,Restore payload functionality,Yes,Critical
SCN-04212,Green,Power,Idle,Solar Output Normal,None,Continue Charging,Battery remains healthy,No,Low
SCN-04213,Red,Payload,Idle,Camera Failure,Payload Failure,Restart Camera Module,Restore payload functionality,Yes,Critical
SCN-04214,Green,Communication,Downlink,Signal Stable,None,Continue Downlink,Telemetry transmitted successfully,No,Low
SCN-04215,Green,Power,Capturing Earth Images,Battery > 70%,None,Continue Mission,Nominal power operation,No,Low
SCN-04216,Green,Storage,Orbit Correction,Storage < 70%,None,Continue Capturing Images,Store additional payload data,No,Low
SCN-04217,Green,Power,Idle,Battery > 70%,None,Continue Mission,Nominal power operation,No,Low
SCN-04218,Red,Power,Idle,Solar Panel Failure,Power Failure,Disable Payload,Reduce power consumption,Yes,Critical
SCN-04219,Green,Thermal,Capturing Earth Images,Temperature < 45°C,None,Continue Operation,Subsystem remains stable,No,Low
SCN-04220,Green,Storage,Idle,Storage < 70%,None,Continue Capturing Images,Store additional payload data,No,Low
SCN-04221,Yellow,Payload,Calibration,Camera Temperature Rising,Potential Payload Anomaly,Reduce Image Capture Rate,Prevent camera shutdown,Yes,Medium
SCN-04222,Green,Thermal,Capturing Earth Images,Temperature < 45°C,None,Continue Operation,Subsystem remains stable,No,Low
SCN-04223,Green,Communication,Capturing Earth Images,Signal Stable,None,Continue Downlink,Telemetry transmitted successfully,No,Low
SCN-04224,Yellow,Thermal,Calibration,Temperature 45-65°C,Potential Thermal Anomaly,Reduce CPU Load,Prevent overheating,Yes,Medium
SCN-04225,Green,Thermal,Orbit Correction,Temperature < 45°C,None,Continue Operation,Subsystem remains stable,No,Low
SCN-04226,Green,Thermal,Idle,Temperature < 45°C,None,Continue Operation,Subsystem remains stable,No,Low
SCN-04227,Green,Power,Capturing Earth Images,Solar Output Normal,None,Continue Charging,Battery remains healthy,No,Low
SCN-04228,Green,Communication,Calibration,Signal Stable,None,Continue Downlink,Telemetry transmitted successfully,No,Low
SCN-04229,Yellow,Thermal,Downlink,Temperature 45-65°C,Potential Thermal Anomaly,Reduce CPU Load,Prevent overheating,Yes,Medium
SCN-04230,Green,Storage,Orbit Correction,Storage < 70%,None,Continue Capturing Images,Store additional payload data,No,Low
SCN-04231,Green,Storage,Capturing Earth Images,Storage < 70%,None,Continue Capturing Images,Store additional payload data,No,Low
SCN-04232,Green,Communication,Capturing Earth Images,Signal Stable,None,Continue Downlink,Telemetry transmitted successfully,No,Low
SCN-04233,Green,Payload,Calibration,Camera Operational,None,Capture Earth Images,Mission objective achieved,No,Low
SCN-04234,Green,Power,Capturing Earth Images,Solar Output Normal,None,Continue Charging,Battery remains healthy,No,Low
SCN-04235,Green,Storage,Capturing Earth Images,Storage < 70%,None,Continue Capturing Images,Store additional payload data,No,Low
SCN-04236,Red,Storage,Capturing Earth Images,Storage > 95%,Storage Failure,Stop Image Capture and Downlink,Free storage space,Yes,Critical
SCN-04237,Green,Storage,Downlink,Storage < 70%,None,Continue Capturing Images,Store additional payload data,No,Low
SCN-04238,Green,Power,Downlink,Battery > 70%,None,Continue Mission,Nominal power operation,No,Low
SCN-04239,Red,Communication,Capturing Earth Images,Communication Lost,Communication Failure,Queue Commands,Resume during next communication window,Yes,Critical
SCN-04240,Green,Power,Calibration,Solar Output Normal,None,Continue Charging,Battery remains healthy,No,Low
SCN-04241,Green,Storage,Calibration,Storage < 70%,None,Continue Capturing Images,Store additional payload data,No,Low
SCN-04242,Red,Communication,Downlink,Communication Lost,Communication Failure,Queue Commands,Resume during next communication window,Yes,Critical
SCN-04243,Green,Power,Idle,Battery > 70%,None,Continue Mission,Nominal power operation,No,Low
SCN-04244,Yellow,Storage,Orbit Correction,Storage 70-90%,Potential Storage Anomaly,Schedule Downlink,Avoid storage overflow,Yes,Medium
SCN-04245,Green,Thermal,Orbit Correction,Temperature < 45°C,None,Continue Operation,Subsystem remains stable,No,Low
SCN-04246,Red,Storage,Downlink,Storage > 95%,Storage Failure,Stop Image Capture and Downlink,Free storage space,Yes,Critical
SCN-04247,Green,Communication,Capturing Earth Images,Signal Stable,None,Continue Downlink,Telemetry transmitted successfully,No,Low
SCN-04248,Green,Power,Orbit Correction,Solar Output Normal,None,Continue Charging,Battery remains healthy,No,Low
SCN-04249,Red,Payload,Orbit Correction,Camera Failure,Payload Failure,Restart Camera Module,Restore payload functionality,Yes,Critical
SCN-04250,Green,Storage,Orbit Correction,Storage < 70%,None,Continue Capturing Images,Store additional payload data,No,Low
SCN-04251,Green,Payload,Downlink,Camera Operational,None,Capture Earth Images,Mission objective achieved,No,Low
SCN-04252,Green,Thermal,Downlink,Temperature < 45°C,None,Continue Operation,Subsystem remains stable,No,Low
SCN-04253,Red,Thermal,Downlink,Temperature > 70°C,Thermal Failure,Shutdown Payload,Prevent hardware damage,Yes,Critical
SCN-04254,Red,Storage,Downlink,Storage > 95%,Storage Failure,Stop Image Capture and Downlink,Free storage space,Yes,Critical
SCN-04255,Yellow,Payload,Calibration,Camera Temperature Rising,Potential Payload Anomaly,Reduce Image Capture Rate,Prevent camera shutdown,Yes,Medium
SCN-04256,Red,Communication,Downlink,Communication Lost,Communication Failure,Queue Commands,Resume during next communication window,Yes,Critical
SCN-04257,Green,Thermal,Downlink,Temperature < 45°C,None,Continue Operation,Subsystem remains stable,No,Low
SCN-04258,Green,Payload,Orbit Correction,Camera Operational,None,Capture Earth Images,Mission objective achieved,No,Low
SCN-04259,Yellow,Power,Downlink,Battery 30-70%,Potential Power Anomaly,Reduce Payload Power,Battery drain reduced,Yes,Medium
SCN-04260,Green,Power,Orbit Correction,Solar Output Normal,None,Continue Charging,Battery remains healthy,No,Low
SCN-04261,Red,Communication,Calibration,Communication Lost,Communication Failure,Queue Commands,Resume during next communication window,Yes,Critical
SCN-04262,Green,Power,Downlink,Battery > 70%,None,Continue Mission,Nominal power operation,No,Low
SCN-04263,Green,Power,Downlink,Solar Output Normal,None,Continue Charging,Battery remains healthy,No,Low
SCN-04264,Green,Thermal,Downlink,Temperature < 45°C,None,Continue Operation,Subsystem remains stable,No,Low
SCN-04265,Yellow,Payload,Orbit Correction,Camera Temperature Rising,Potential Payload Anomaly,Reduce Image Capture Rate,Prevent camera shutdown,Yes,Medium
SCN-04266,Red,Payload,Calibration,Camera Failure,Payload Failure,Restart Camera Module,Restore payload functionality,Yes,Critical
SCN-04267,Green,Power,Orbit Correction,Solar Output Normal,None,Continue Charging,Battery remains healthy,No,Low
SCN-04268,Green,Power,Capturing Earth Images,Solar Output Normal,None,Continue Charging,Battery remains healthy,No,Low
SCN-04269,Green,Communication,Capturing Earth Images,Signal Stable,None,Continue Downlink,Telemetry transmitted successfully,No,Low
SCN-04270,Green,Thermal,Calibration,Temperature < 45°C,None,Continue Operation,Subsystem remains stable,No,Low
SCN-04271,Red,Payload,Downlink,Camera Failure,Payload Failure,Restart Camera Module,Restore payload functionality,Yes,Critical
SCN-04272,Yellow,Communication,Idle,Weak Signal,Potential Communication Anomaly,Prepare Next Ground Pass,Avoid communication failure,Yes,Medium
SCN-04273,Yellow,Communication,Capturing Earth Images,Weak Signal,Potential Communication Anomaly,Prepare Next Ground Pass,Avoid communication failure,Yes,Medium
SCN-04274,Green,Thermal,Capturing Earth Images,Temperature < 45°C,None,Continue Operation,Subsystem remains stable,No,Low
SCN-04275,Green,Payload,Orbit Correction,Camera Operational,None,Capture Earth Images,Mission objective achieved,No,Low
SCN-04276,Yellow,Communication,Orbit Correction,Weak Signal,Potential Communication Anomaly,Prepare Next Ground Pass,Avoid communication failure,Yes,Medium
SCN-04277,Yellow,Thermal,Orbit Correction,Temperature 45-65°C,Potential Thermal Anomaly,Reduce CPU Load,Prevent overheating,Yes,Medium
SCN-04278,Green,Payload,Idle,Camera Operational,None,Capture Earth Images,Mission objective achieved,No,Low
SCN-04279,Green,Power,Downlink,Solar Output Normal,None,Continue Charging,Battery remains healthy,No,Low
SCN-04280,Yellow,Payload,Downlink,Camera Temperature Rising,Potential Payload Anomaly,Reduce Image Capture Rate,Prevent camera shutdown,Yes,Medium
SCN-04281,Green,Communication,Idle,Signal Stable,None,Continue Downlink,Telemetry transmitted successfully,No,Low
SCN-04282,Green,Power,Orbit Correction,Solar Output Normal,None,Continue Charging,Battery remains healthy,No,Low
SCN-04283,Yellow,Thermal,Calibration,Temperature 45-65°C,Potential Thermal Anomaly,Reduce CPU Load,Prevent overheating,Yes,Medium
SCN-04284,Green,Communication,Capturing Earth Images,Signal Stable,None,Continue Downlink,Telemetry transmitted successfully,No,Low
SCN-04285,Yellow,Power,Orbit Correction,Solar Output Low,Potential Power Anomaly,Rotate Solar Panels,Increase charging efficiency,Yes,Medium
SCN-04286,Green,Communication,Idle,Signal Stable,None,Continue Downlink,Telemetry transmitted successfully,No,Low
SCN-04287,Red,Power,Capturing Earth Images,Solar Panel Failure,Power Failure,Disable Payload,Reduce power consumption,Yes,Critical
SCN-04288,Red,Payload,Orbit Correction,Camera Failure,Payload Failure,Restart Camera Module,Restore payload functionality,Yes,Critical
SCN-04289,Yellow,Storage,Downlink,Storage 70-90%,Potential Storage Anomaly,Schedule Downlink,Avoid storage overflow,Yes,Medium
SCN-04290,Yellow,Communication,Downlink,Weak Signal,Potential Communication Anomaly,Prepare Next Ground Pass,Avoid communication failure,Yes,Medium
SCN-04291,Green,Communication,Downlink,Signal Stable,None,Continue Downlink,Telemetry transmitted successfully,No,Low
SCN-04292,Green,Communication,Idle,Signal Stable,None,Continue Downlink,Telemetry transmitted successfully,No,Low
SCN-04293,Green,Power,Calibration,Solar Output Normal,None,Continue Charging,Battery remains healthy,No,Low
SCN-04294,Green,Thermal,Downlink,Temperature < 45°C,None,Continue Operation,Subsystem remains stable,No,Low
SCN-04295,Yellow,Communication,Idle,Weak Signal,Potential Communication Anomaly,Prepare Next Ground Pass,Avoid communication failure,Yes,Medium
SCN-04296,Red,Power,Calibration,Battery < 20%,Power Failure,Enter Safe Mode,Prevent complete battery depletion,Yes,Critical
SCN-04297,Green,Payload,Orbit Correction,Camera Operational,None,Capture Earth Images,Mission objective achieved,No,Low
SCN-04298,Green,Storage,Idle,Storage < 70%,None,Continue Capturing Images,Store additional payload data,No,Low
SCN-04299,Green,Power,Capturing Earth Images,Solar Output Normal,None,Continue Charging,Battery remains healthy,No,Low
SCN-04300,Red,Communication,Downlink,Communication Lost,Communication Failure,Queue Commands,Resume during next communication window,Yes,Critical
SCN-04301,Yellow,Thermal,Downlink,Temperature 45-65°C,Potential Thermal Anomaly,Reduce CPU Load,Prevent overheating,Yes,Medium
SCN-04302,Yellow,Storage,Downlink,Storage 70-90%,Potential Storage Anomaly,Schedule Downlink,Avoid storage overflow,Yes,Medium
SCN-04303,Red,Thermal,Idle,Temperature > 70°C,Thermal Failure,Shutdown Payload,Prevent hardware damage,Yes,Critical
SCN-04304,Green,Thermal,Capturing Earth Images,Temperature < 45°C,None,Continue Operation,Subsystem remains stable,No,Low
SCN-04305,Green,Payload,Idle,Camera Operational,None,Capture Earth Images,Mission objective achieved,No,Low
SCN-04306,Green,Storage,Capturing Earth Images,Storage < 70%,None,Continue Capturing Images,Store additional payload data,No,Low
SCN-04307,Green,Communication,Downlink,Signal Stable,None,Continue Downlink,Telemetry transmitted successfully,No,Low
SCN-04308,Green,Storage,Downlink,Storage < 70%,None,Continue Capturing Images,Store additional payload data,No,Low
SCN-04309,Green,Communication,Capturing Earth Images,Signal Stable,None,Continue Downlink,Telemetry transmitted successfully,No,Low
SCN-04310,Green,Storage,Capturing Earth Images,Storage < 70%,None,Continue Capturing Images,Store additional payload data,No,Low
SCN-04311,Green,Storage,Idle,Storage < 70%,None,Continue Capturing Images,Store additional payload data,No,Low
SCN-04312,Red,Storage,Idle,Storage > 95%,Storage Failure,Stop Image Capture and Downlink,Free storage space,Yes,Critical
SCN-04313,Green,Thermal,Orbit Correction,Temperature < 45°C,None,Continue Operation,Subsystem remains stable,No,Low
SCN-04314,Yellow,Power,Orbit Correction,Solar Output Low,Potential Power Anomaly,Rotate Solar Panels,Increase charging efficiency,Yes,Medium
SCN-04315,Green,Communication,Capturing Earth Images,Signal Stable,None,Continue Downlink,Telemetry transmitted successfully,No,Low
SCN-04316,Yellow,Payload,Orbit Correction,Camera Temperature Rising,Potential Payload Anomaly,Reduce Image Capture Rate,Prevent camera shutdown,Yes,Medium
SCN-04317,Red,Payload,Orbit Correction,Camera Failure,Payload Failure,Restart Camera Module,Restore payload functionality,Yes,Critical
SCN-04318,Green,Payload,Orbit Correction,Camera Operational,None,Capture Earth Images,Mission objective achieved,No,Low
SCN-04319,Green,Thermal,Downlink,Temperature < 45°C,None,Continue Operation,Subsystem remains stable,No,Low
SCN-04320,Red,Communication,Orbit Correction,Communication Lost,Communication Failure,Queue Commands,Resume during next communication window,Yes,Critical
SCN-04321,Green,Payload,Capturing Earth Images,Camera Operational,None,Capture Earth Images,Mission objective achieved,No,Low
SCN-04322,Green,Storage,Idle,Storage < 70%,None,Continue Capturing Images,Store additional payload data,No,Low
SCN-04323,Red,Communication,Calibration,Communication Lost,Communication Failure,Queue Commands,Resume during next communication window,Yes,Critical
SCN-04324,Green,Thermal,Idle,Temperature < 45°C,None,Continue Operation,Subsystem remains stable,No,Low
SCN-04325,Green,Storage,Capturing Earth Images,Storage < 70%,None,Continue Capturing Images,Store additional payload data,No,Low
SCN-04326,Yellow,Communication,Capturing Earth Images,Weak Signal,Potential Communication Anomaly,Prepare Next Ground Pass,Avoid communication failure,Yes,Medium
SCN-04327,Green,Storage,Downlink,Storage < 70%,None,Continue Capturing Images,Store additional payload data,No,Low
SCN-04328,Red,Communication,Calibration,Communication Lost,Communication Failure,Queue Commands,Resume during next communication window,Yes,Critical
SCN-04329,Green,Storage,Idle,Storage < 70%,None,Continue Capturing Images,Store additional payload data,No,Low
SCN-04330,Yellow,Storage,Idle,Storage 70-90%,Potential Storage Anomaly,Schedule Downlink,Avoid storage overflow,Yes,Medium
SCN-04331,Green,Communication,Orbit Correction,Signal Stable,None,Continue Downlink,Telemetry transmitted successfully,No,Low
SCN-04332,Green,Power,Orbit Correction,Solar Output Normal,None,Continue Charging,Battery remains healthy,No,Low
SCN-04333,Yellow,Power,Calibration,Battery 30-70%,Potential Power Anomaly,Reduce Payload Power,Battery drain reduced,Yes,Medium
SCN-04334,Yellow,Thermal,Orbit Correction,Temperature 45-65°C,Potential Thermal Anomaly,Reduce CPU Load,Prevent overheating,Yes,Medium
SCN-04335,Yellow,Thermal,Idle,Temperature 45-65°C,Potential Thermal Anomaly,Reduce CPU Load,Prevent overheating,Yes,Medium
SCN-04336,Red,Storage,Calibration,Storage > 95%,Storage Failure,Stop Image Capture and Downlink,Free storage space,Yes,Critical
SCN-04337,Yellow,Storage,Downlink,Storage 70-90%,Potential Storage Anomaly,Schedule Downlink,Avoid storage overflow,Yes,Medium
SCN-04338,Yellow,Storage,Idle,Storage 70-90%,Potential Storage Anomaly,Schedule Downlink,Avoid storage overflow,Yes,Medium
SCN-04339,Green,Power,Capturing Earth Images,Battery > 70%,None,Continue Mission,Nominal power operation,No,Low
SCN-04340,Green,Communication,Idle,Signal Stable,None,Continue Downlink,Telemetry transmitted successfully,No,Low
SCN-04341,Green,Payload,Downlink,Camera Operational,None,Capture Earth Images,Mission objective achieved,No,Low
SCN-04342,Red,Thermal,Calibration,Temperature > 70°C,Thermal Failure,Shutdown Payload,Prevent hardware damage,Yes,Critical
SCN-04343,Yellow,Payload,Orbit Correction,Camera Temperature Rising,Potential Payload Anomaly,Reduce Image Capture Rate,Prevent camera shutdown,Yes,Medium
SCN-04344,Green,Thermal,Capturing Earth Images,Temperature < 45°C,None,Continue Operation,Subsystem remains stable,No,Low
SCN-04345,Green,Storage,Calibration,Storage < 70%,None,Continue Capturing Images,Store additional payload data,No,Low
SCN-04346,Green,Storage,Orbit Correction,Storage < 70%,None,Continue Capturing Images,Store additional payload data,No,Low
SCN-04347,Red,Storage,Orbit Correction,Storage > 95%,Storage Failure,Stop Image Capture and Downlink,Free storage space,Yes,Critical
SCN-04348,Yellow,Thermal,Orbit Correction,Temperature 45-65°C,Potential Thermal Anomaly,Reduce CPU Load,Prevent overheating,Yes,Medium
SCN-04349,Red,Payload,Idle,Camera Failure,Payload Failure,Restart Camera Module,Restore payload functionality,Yes,Critical
SCN-04350,Green,Thermal,Orbit Correction,Temperature < 45°C,None,Continue Operation,Subsystem remains stable,No,Low
SCN-04351,Green,Payload,Capturing Earth Images,Camera Operational,None,Capture Earth Images,Mission objective achieved,No,Low
SCN-04352,Yellow,Communication,Idle,Weak Signal,Potential Communication Anomaly,Prepare Next Ground Pass,Avoid communication failure,Yes,Medium
SCN-04353,Green,Payload,Calibration,Camera Operational,None,Capture Earth Images,Mission objective achieved,No,Low
SCN-04354,Green,Storage,Calibration,Storage < 70%,None,Continue Capturing Images,Store additional payload data,No,Low
SCN-04355,Green,Payload,Capturing Earth Images,Camera Operational,None,Capture Earth Images,Mission objective achieved,No,Low
SCN-04356,Green,Power,Downlink,Battery > 70%,None,Continue Mission,Nominal power operation,No,Low
SCN-04357,Green,Power,Orbit Correction,Solar Output Normal,None,Continue Charging,Battery remains healthy,No,Low
SCN-04358,Green,Thermal,Calibration,Temperature < 45°C,None,Continue Operation,Subsystem remains stable,No,Low
SCN-04359,Green,Communication,Capturing Earth Images,Signal Stable,None,Continue Downlink,Telemetry transmitted successfully,No,Low
SCN-04360,Green,Storage,Orbit Correction,Storage < 70%,None,Continue Capturing Images,Store additional payload data,No,Low
SCN-04361,Green,Payload,Orbit Correction,Camera Operational,None,Capture Earth Images,Mission objective achieved,No,Low
SCN-04362,Green,Power,Orbit Correction,Battery > 70%,None,Continue Mission,Nominal power operation,No,Low
SCN-04363,Green,Power,Orbit Correction,Battery > 70%,None,Continue Mission,Nominal power operation,No,Low
SCN-04364,Green,Thermal,Orbit Correction,Temperature < 45°C,None,Continue Operation,Subsystem remains stable,No,Low
SCN-04365,Yellow,Communication,Downlink,Weak Signal,Potential Communication Anomaly,Prepare Next Ground Pass,Avoid communication failure,Yes,Medium
SCN-04366,Yellow,Communication,Idle,Weak Signal,Potential Communication Anomaly,Prepare Next Ground Pass,Avoid communication failure,Yes,Medium
SCN-04367,Green,Power,Orbit Correction,Solar Output Normal,None,Continue Charging,Battery remains healthy,No,Low
SCN-04368,Yellow,Payload,Capturing Earth Images,Camera Temperature Rising,Potential Payload Anomaly,Reduce Image Capture Rate,Prevent camera shutdown,Yes,Medium
SCN-04369,Yellow,Payload,Calibration,Camera Temperature Rising,Potential Payload Anomaly,Reduce Image Capture Rate,Prevent camera shutdown,Yes,Medium
SCN-04370,Green,Storage,Idle,Storage < 70%,None,Continue Capturing Images,Store additional payload data,No,Low
SCN-04371,Green,Communication,Idle,Signal Stable,None,Continue Downlink,Telemetry transmitted successfully,No,Low
SCN-04372,Green,Power,Capturing Earth Images,Battery > 70%,None,Continue Mission,Nominal power operation,No,Low
SCN-04373,Red,Storage,Idle,Storage > 95%,Storage Failure,Stop Image Capture and Downlink,Free storage space,Yes,Critical
SCN-04374,Green,Power,Capturing Earth Images,Solar Output Normal,None,Continue Charging,Battery remains healthy,No,Low
SCN-04375,Green,Thermal,Calibration,Temperature < 45°C,None,Continue Operation,Subsystem remains stable,No,Low
SCN-04376,Yellow,Payload,Idle,Camera Temperature Rising,Potential Payload Anomaly,Reduce Image Capture Rate,Prevent camera shutdown,Yes,Medium
SCN-04377,Green,Communication,Capturing Earth Images,Signal Stable,None,Continue Downlink,Telemetry transmitted successfully,No,Low
SCN-04378,Green,Thermal,Idle,Temperature < 45°C,None,Continue Operation,Subsystem remains stable,No,Low
SCN-04379,Yellow,Payload,Orbit Correction,Camera Temperature Rising,Potential Payload Anomaly,Reduce Image Capture Rate,Prevent camera shutdown,Yes,Medium
SCN-04380,Yellow,Communication,Orbit Correction,Weak Signal,Potential Communication Anomaly,Prepare Next Ground Pass,Avoid communication failure,Yes,Medium
SCN-04381,Yellow,Thermal,Orbit Correction,Temperature 45-65°C,Potential Thermal Anomaly,Reduce CPU Load,Prevent overheating,Yes,Medium
SCN-04382,Yellow,Power,Calibration,Battery 30-70%,Potential Power Anomaly,Reduce Payload Power,Battery drain reduced,Yes,Medium
SCN-04383,Green,Communication,Downlink,Signal Stable,None,Continue Downlink,Telemetry transmitted successfully,No,Low
SCN-04384,Yellow,Power,Capturing Earth Images,Battery 30-70%,Potential Power Anomaly,Reduce Payload Power,Battery drain reduced,Yes,Medium
SCN-04385,Yellow,Thermal,Downlink,Temperature 45-65°C,Potential Thermal Anomaly,Reduce CPU Load,Prevent overheating,Yes,Medium
SCN-04386,Green,Payload,Orbit Correction,Camera Operational,None,Capture Earth Images,Mission objective achieved,No,Low
SCN-04387,Green,Thermal,Calibration,Temperature < 45°C,None,Continue Operation,Subsystem remains stable,No,Low
SCN-04388,Yellow,Power,Calibration,Battery 30-70%,Potential Power Anomaly,Reduce Payload Power,Battery drain reduced,Yes,Medium
SCN-04389,Green,Communication,Calibration,Signal Stable,None,Continue Downlink,Telemetry transmitted successfully,No,Low
SCN-04390,Green,Communication,Orbit Correction,Signal Stable,None,Continue Downlink,Telemetry transmitted successfully,No,Low
SCN-04391,Yellow,Thermal,Capturing Earth Images,Temperature 45-65°C,Potential Thermal Anomaly,Reduce CPU Load,Prevent overheating,Yes,Medium
SCN-04392,Yellow,Storage,Capturing Earth Images,Storage 70-90%,Potential Storage Anomaly,Schedule Downlink,Avoid storage overflow,Yes,Medium
SCN-04393,Red,Power,Orbit Correction,Battery < 20%,Power Failure,Enter Safe Mode,Prevent complete battery depletion,Yes,Critical
SCN-04394,Red,Power,Idle,Battery < 20%,Power Failure,Enter Safe Mode,Prevent complete battery depletion,Yes,Critical
SCN-04395,Green,Power,Downlink,Solar Output Normal,None,Continue Charging,Battery remains healthy,No,Low
SCN-04396,Green,Power,Capturing Earth Images,Solar Output Normal,None,Continue Charging,Battery remains healthy,No,Low
SCN-04397,Green,Storage,Downlink,Storage < 70%,None,Continue Capturing Images,Store additional payload data,No,Low
SCN-04398,Green,Communication,Idle,Signal Stable,None,Continue Downlink,Telemetry transmitted successfully,No,Low
SCN-04399,Green,Communication,Orbit Correction,Signal Stable,None,Continue Downlink,Telemetry transmitted successfully,No,Low
SCN-04400,Red,Payload,Orbit Correction,Camera Failure,Payload Failure,Restart Camera Module,Restore payload functionality,Yes,Critical
SCN-04401,Yellow,Storage,Calibration,Storage 70-90%,Potential Storage Anomaly,Schedule Downlink,Avoid storage overflow,Yes,Medium
SCN-04402,Green,Storage,Orbit Correction,Storage < 70%,None,Continue Capturing Images,Store additional payload data,No,Low
SCN-04403,Green,Power,Idle,Battery > 70%,None,Continue Mission,Nominal power operation,No,Low
SCN-04404,Green,Storage,Orbit Correction,Storage < 70%,None,Continue Capturing Images,Store additional payload data,No,Low
SCN-04405,Red,Power,Capturing Earth Images,Battery < 20%,Power Failure,Enter Safe Mode,Prevent complete battery depletion,Yes,Critical
SCN-04406,Red,Communication,Orbit Correction,Communication Lost,Communication Failure,Queue Commands,Resume during next communication window,Yes,Critical
SCN-04407,Red,Communication,Downlink,Communication Lost,Communication Failure,Queue Commands,Resume during next communication window,Yes,Critical
SCN-04408,Yellow,Thermal,Capturing Earth Images,Temperature 45-65°C,Potential Thermal Anomaly,Reduce CPU Load,Prevent overheating,Yes,Medium
SCN-04409,Green,Thermal,Capturing Earth Images,Temperature < 45°C,None,Continue Operation,Subsystem remains stable,No,Low
SCN-04410,Red,Storage,Idle,Storage > 95%,Storage Failure,Stop Image Capture and Downlink,Free storage space,Yes,Critical
SCN-04411,Red,Thermal,Orbit Correction,Temperature > 70°C,Thermal Failure,Shutdown Payload,Prevent hardware damage,Yes,Critical
SCN-04412,Yellow,Communication,Downlink,Weak Signal,Potential Communication Anomaly,Prepare Next Ground Pass,Avoid communication failure,Yes,Medium
SCN-04413,Green,Storage,Idle,Storage < 70%,None,Continue Capturing Images,Store additional payload data,No,Low
SCN-04414,Yellow,Communication,Idle,Weak Signal,Potential Communication Anomaly,Prepare Next Ground Pass,Avoid communication failure,Yes,Medium
SCN-04415,Red,Payload,Capturing Earth Images,Camera Failure,Payload Failure,Restart Camera Module,Restore payload functionality,Yes,Critical
SCN-04416,Green,Storage,Idle,Storage < 70%,None,Continue Capturing Images,Store additional payload data,No,Low
SCN-04417,Yellow,Communication,Capturing Earth Images,Weak Signal,Potential Communication Anomaly,Prepare Next Ground Pass,Avoid communication failure,Yes,Medium
SCN-04418,Yellow,Payload,Orbit Correction,Camera Temperature Rising,Potential Payload Anomaly,Reduce Image Capture Rate,Prevent camera shutdown,Yes,Medium
SCN-04419,Yellow,Thermal,Downlink,Temperature 45-65°C,Potential Thermal Anomaly,Reduce CPU Load,Prevent overheating,Yes,Medium
SCN-04420,Green,Storage,Calibration,Storage < 70%,None,Continue Capturing Images,Store additional payload data,No,Low
SCN-04421,Green,Communication,Downlink,Signal Stable,None,Continue Downlink,Telemetry transmitted successfully,No,Low
SCN-04422,Red,Storage,Orbit Correction,Storage > 95%,Storage Failure,Stop Image Capture and Downlink,Free storage space,Yes,Critical
SCN-04423,Yellow,Communication,Idle,Weak Signal,Potential Communication Anomaly,Prepare Next Ground Pass,Avoid communication failure,Yes,Medium
SCN-04424,Red,Storage,Orbit Correction,Storage > 95%,Storage Failure,Stop Image Capture and Downlink,Free storage space,Yes,Critical
SCN-04425,Yellow,Communication,Idle,Weak Signal,Potential Communication Anomaly,Prepare Next Ground Pass,Avoid communication failure,Yes,Medium
SCN-04426,Green,Storage,Capturing Earth Images,Storage < 70%,None,Continue Capturing Images,Store additional payload data,No,Low
SCN-04427,Yellow,Storage,Idle,Storage 70-90%,Potential Storage Anomaly,Schedule Downlink,Avoid storage overflow,Yes,Medium
SCN-04428,Green,Thermal,Calibration,Temperature < 45°C,None,Continue Operation,Subsystem remains stable,No,Low
SCN-04429,Green,Thermal,Capturing Earth Images,Temperature < 45°C,None,Continue Operation,Subsystem remains stable,No,Low
SCN-04430,Green,Communication,Calibration,Signal Stable,None,Continue Downlink,Telemetry transmitted successfully,No,Low
SCN-04431,Red,Communication,Capturing Earth Images,Communication Lost,Communication Failure,Queue Commands,Resume during next communication window,Yes,Critical
SCN-04432,Green,Payload,Orbit Correction,Camera Operational,None,Capture Earth Images,Mission objective achieved,No,Low
SCN-04433,Green,Communication,Downlink,Signal Stable,None,Continue Downlink,Telemetry transmitted successfully,No,Low
SCN-04434,Red,Payload,Calibration,Camera Failure,Payload Failure,Restart Camera Module,Restore payload functionality,Yes,Critical
SCN-04435,Yellow,Power,Idle,Battery 30-70%,Potential Power Anomaly,Reduce Payload Power,Battery drain reduced,Yes,Medium
SCN-04436,Red,Payload,Orbit Correction,Camera Failure,Payload Failure,Restart Camera Module,Restore payload functionality,Yes,Critical
SCN-04437,Green,Thermal,Orbit Correction,Temperature < 45°C,None,Continue Operation,Subsystem remains stable,No,Low
SCN-04438,Green,Storage,Orbit Correction,Storage < 70%,None,Continue Capturing Images,Store additional payload data,No,Low
SCN-04439,Green,Storage,Downlink,Storage < 70%,None,Continue Capturing Images,Store additional payload data,No,Low
SCN-04440,Yellow,Communication,Calibration,Weak Signal,Potential Communication Anomaly,Prepare Next Ground Pass,Avoid communication failure,Yes,Medium
SCN-04441,Green,Storage,Idle,Storage < 70%,None,Continue Capturing Images,Store additional payload data,No,Low
SCN-04442,Green,Payload,Idle,Camera Operational,None,Capture Earth Images,Mission objective achieved,No,Low
SCN-04443,Green,Thermal,Idle,Temperature < 45°C,None,Continue Operation,Subsystem remains stable,No,Low
SCN-04444,Green,Power,Orbit Correction,Battery > 70%,None,Continue Mission,Nominal power operation,No,Low
SCN-04445,Red,Communication,Idle,Communication Lost,Communication Failure,Queue Commands,Resume during next communication window,Yes,Critical
SCN-04446,Yellow,Storage,Capturing Earth Images,Storage 70-90%,Potential Storage Anomaly,Schedule Downlink,Avoid storage overflow,Yes,Medium
SCN-04447,Green,Payload,Calibration,Camera Operational,None,Capture Earth Images,Mission objective achieved,No,Low
SCN-04448,Green,Storage,Orbit Correction,Storage < 70%,None,Continue Capturing Images,Store additional payload data,No,Low
SCN-04449,Yellow,Power,Capturing Earth Images,Battery 30-70%,Potential Power Anomaly,Reduce Payload Power,Battery drain reduced,Yes,Medium
SCN-04450,Green,Payload,Calibration,Camera Operational,None,Capture Earth Images,Mission objective achieved,No,Low
SCN-04451,Red,Payload,Capturing Earth Images,Camera Failure,Payload Failure,Restart Camera Module,Restore payload functionality,Yes,Critical
SCN-04452,Green,Thermal,Calibration,Temperature < 45°C,None,Continue Operation,Subsystem remains stable,No,Low
SCN-04453,Green,Power,Capturing Earth Images,Battery > 70%,None,Continue Mission,Nominal power operation,No,Low
SCN-04454,Red,Thermal,Calibration,Temperature > 70°C,Thermal Failure,Shutdown Payload,Prevent hardware damage,Yes,Critical
SCN-04455,Green,Storage,Downlink,Storage < 70%,None,Continue Capturing Images,Store additional payload data,No,Low
SCN-04456,Yellow,Thermal,Calibration,Temperature 45-65°C,Potential Thermal Anomaly,Reduce CPU Load,Prevent overheating,Yes,Medium
SCN-04457,Yellow,Communication,Capturing Earth Images,Weak Signal,Potential Communication Anomaly,Prepare Next Ground Pass,Avoid communication failure,Yes,Medium
SCN-04458,Red,Power,Idle,Battery < 20%,Power Failure,Enter Safe Mode,Prevent complete battery depletion,Yes,Critical
SCN-04459,Yellow,Communication,Downlink,Weak Signal,Potential Communication Anomaly,Prepare Next Ground Pass,Avoid communication failure,Yes,Medium
SCN-04460,Green,Power,Capturing Earth Images,Solar Output Normal,None,Continue Charging,Battery remains healthy,No,Low
SCN-04461,Green,Storage,Idle,Storage < 70%,None,Continue Capturing Images,Store additional payload data,No,Low
SCN-04462,Green,Power,Calibration,Solar Output Normal,None,Continue Charging,Battery remains healthy,No,Low
SCN-04463,Green,Thermal,Downlink,Temperature < 45°C,None,Continue Operation,Subsystem remains stable,No,Low
SCN-04464,Green,Payload,Idle,Camera Operational,None,Capture Earth Images,Mission objective achieved,No,Low
SCN-04465,Green,Communication,Capturing Earth Images,Signal Stable,None,Continue Downlink,Telemetry transmitted successfully,No,Low
SCN-04466,Green,Power,Downlink,Solar Output Normal,None,Continue Charging,Battery remains healthy,No,Low
SCN-04467,Green,Thermal,Calibration,Temperature < 45°C,None,Continue Operation,Subsystem remains stable,No,Low
SCN-04468,Red,Power,Capturing Earth Images,Solar Panel Failure,Power Failure,Disable Payload,Reduce power consumption,Yes,Critical
SCN-04469,Green,Thermal,Calibration,Temperature < 45°C,None,Continue Operation,Subsystem remains stable,No,Low
SCN-04470,Green,Payload,Calibration,Camera Operational,None,Capture Earth Images,Mission objective achieved,No,Low
SCN-04471,Red,Payload,Calibration,Camera Failure,Payload Failure,Restart Camera Module,Restore payload functionality,Yes,Critical
SCN-04472,Red,Power,Orbit Correction,Solar Panel Failure,Power Failure,Disable Payload,Reduce power consumption,Yes,Critical
SCN-04473,Green,Payload,Orbit Correction,Camera Operational,None,Capture Earth Images,Mission objective achieved,No,Low
SCN-04474,Green,Thermal,Capturing Earth Images,Temperature < 45°C,None,Continue Operation,Subsystem remains stable,No,Low
SCN-04475,Green,Payload,Calibration,Camera Operational,None,Capture Earth Images,Mission objective achieved,No,Low
SCN-04476,Green,Thermal,Downlink,Temperature < 45°C,None,Continue Operation,Subsystem remains stable,No,Low
SCN-04477,Red,Payload,Calibration,Camera Failure,Payload Failure,Restart Camera Module,Restore payload functionality,Yes,Critical
SCN-04478,Yellow,Payload,Downlink,Camera Temperature Rising,Potential Payload Anomaly,Reduce Image Capture Rate,Prevent camera shutdown,Yes,Medium
SCN-04479,Yellow,Payload,Idle,Camera Temperature Rising,Potential Payload Anomaly,Reduce Image Capture Rate,Prevent camera shutdown,Yes,Medium
SCN-04480,Green,Storage,Capturing Earth Images,Storage < 70%,None,Continue Capturing Images,Store additional payload data,No,Low
SCN-04481,Red,Thermal,Calibration,Temperature > 70°C,Thermal Failure,Shutdown Payload,Prevent hardware damage,Yes,Critical
SCN-04482,Green,Thermal,Downlink,Temperature < 45°C,None,Continue Operation,Subsystem remains stable,No,Low
SCN-04483,Green,Communication,Calibration,Signal Stable,None,Continue Downlink,Telemetry transmitted successfully,No,Low
SCN-04484,Yellow,Power,Idle,Solar Output Low,Potential Power Anomaly,Rotate Solar Panels,Increase charging efficiency,Yes,Medium
SCN-04485,Green,Power,Orbit Correction,Solar Output Normal,None,Continue Charging,Battery remains healthy,No,Low
SCN-04486,Red,Communication,Capturing Earth Images,Communication Lost,Communication Failure,Queue Commands,Resume during next communication window,Yes,Critical
SCN-04487,Green,Power,Orbit Correction,Battery > 70%,None,Continue Mission,Nominal power operation,No,Low
SCN-04488,Green,Payload,Calibration,Camera Operational,None,Capture Earth Images,Mission objective achieved,No,Low
SCN-04489,Yellow,Power,Orbit Correction,Battery 30-70%,Potential Power Anomaly,Reduce Payload Power,Battery drain reduced,Yes,Medium
SCN-04490,Yellow,Power,Downlink,Solar Output Low,Potential Power Anomaly,Rotate Solar Panels,Increase charging efficiency,Yes,Medium
SCN-04491,Red,Power,Calibration,Solar Panel Failure,Power Failure,Disable Payload,Reduce power consumption,Yes,Critical
SCN-04492,Green,Thermal,Calibration,Temperature < 45°C,None,Continue Operation,Subsystem remains stable,No,Low
SCN-04493,Green,Thermal,Idle,Temperature < 45°C,None,Continue Operation,Subsystem remains stable,No,Low
SCN-04494,Green,Power,Orbit Correction,Solar Output Normal,None,Continue Charging,Battery remains healthy,No,Low
SCN-04495,Green,Thermal,Orbit Correction,Temperature < 45°C,None,Continue Operation,Subsystem remains stable,No,Low
SCN-04496,Green,Storage,Downlink,Storage < 70%,None,Continue Capturing Images,Store additional payload data,No,Low
SCN-04497,Yellow,Thermal,Idle,Temperature 45-65°C,Potential Thermal Anomaly,Reduce CPU Load,Prevent overheating,Yes,Medium
SCN-04498,Green,Payload,Calibration,Camera Operational,None,Capture Earth Images,Mission objective achieved,No,Low
SCN-04499,Yellow,Payload,Downlink,Camera Temperature Rising,Potential Payload Anomaly,Reduce Image Capture Rate,Prevent camera shutdown,Yes,Medium
SCN-04500,Yellow,Payload,Orbit Correction,Camera Temperature Rising,Potential Payload Anomaly,Reduce Image Capture Rate,Prevent camera shutdown,Yes,Medium
SCN-04501,Green,Communication,Capturing Earth Images,Signal Stable,None,Continue Downlink,Telemetry transmitted successfully,No,Low
SCN-04502,Green,Communication,Idle,Signal Stable,None,Continue Downlink,Telemetry transmitted successfully,No,Low
SCN-04503,Red,Payload,Calibration,Camera Failure,Payload Failure,Restart Camera Module,Restore payload functionality,Yes,Critical
SCN-04504,Yellow,Power,Orbit Correction,Solar Output Low,Potential Power Anomaly,Rotate Solar Panels,Increase charging efficiency,Yes,Medium
SCN-04505,Green,Storage,Capturing Earth Images,Storage < 70%,None,Continue Capturing Images,Store additional payload data,No,Low
SCN-04506,Yellow,Storage,Idle,Storage 70-90%,Potential Storage Anomaly,Schedule Downlink,Avoid storage overflow,Yes,Medium
SCN-04507,Green,Storage,Calibration,Storage < 70%,None,Continue Capturing Images,Store additional payload data,No,Low
SCN-04508,Green,Thermal,Downlink,Temperature < 45°C,None,Continue Operation,Subsystem remains stable,No,Low
SCN-04509,Green,Storage,Calibration,Storage < 70%,None,Continue Capturing Images,Store additional payload data,No,Low
SCN-04510,Yellow,Thermal,Idle,Temperature 45-65°C,Potential Thermal Anomaly,Reduce CPU Load,Prevent overheating,Yes,Medium
SCN-04511,Green,Communication,Downlink,Signal Stable,None,Continue Downlink,Telemetry transmitted successfully,No,Low
SCN-04512,Green,Thermal,Capturing Earth Images,Temperature < 45°C,None,Continue Operation,Subsystem remains stable,No,Low
SCN-04513,Green,Storage,Capturing Earth Images,Storage < 70%,None,Continue Capturing Images,Store additional payload data,No,Low
SCN-04514,Red,Storage,Orbit Correction,Storage > 95%,Storage Failure,Stop Image Capture and Downlink,Free storage space,Yes,Critical
SCN-04515,Yellow,Power,Orbit Correction,Solar Output Low,Potential Power Anomaly,Rotate Solar Panels,Increase charging efficiency,Yes,Medium
SCN-04516,Green,Storage,Capturing Earth Images,Storage < 70%,None,Continue Capturing Images,Store additional payload data,No,Low
SCN-04517,Green,Communication,Idle,Signal Stable,None,Continue Downlink,Telemetry transmitted successfully,No,Low
SCN-04518,Green,Payload,Orbit Correction,Camera Operational,None,Capture Earth Images,Mission objective achieved,No,Low
SCN-04519,Green,Storage,Downlink,Storage < 70%,None,Continue Capturing Images,Store additional payload data,No,Low
SCN-04520,Yellow,Thermal,Idle,Temperature 45-65°C,Potential Thermal Anomaly,Reduce CPU Load,Prevent overheating,Yes,Medium
SCN-04521,Green,Storage,Orbit Correction,Storage < 70%,None,Continue Capturing Images,Store additional payload data,No,Low
SCN-04522,Green,Payload,Idle,Camera Operational,None,Capture Earth Images,Mission objective achieved,No,Low
SCN-04523,Red,Power,Idle,Solar Panel Failure,Power Failure,Disable Payload,Reduce power consumption,Yes,Critical
SCN-04524,Green,Thermal,Idle,Temperature < 45°C,None,Continue Operation,Subsystem remains stable,No,Low
SCN-04525,Green,Thermal,Orbit Correction,Temperature < 45°C,None,Continue Operation,Subsystem remains stable,No,Low
SCN-04526,Green,Power,Idle,Battery > 70%,None,Continue Mission,Nominal power operation,No,Low
SCN-04527,Red,Payload,Orbit Correction,Camera Failure,Payload Failure,Restart Camera Module,Restore payload functionality,Yes,Critical
SCN-04528,Red,Payload,Capturing Earth Images,Camera Failure,Payload Failure,Restart Camera Module,Restore payload functionality,Yes,Critical
SCN-04529,Green,Payload,Downlink,Camera Operational,None,Capture Earth Images,Mission objective achieved,No,Low
SCN-04530,Yellow,Communication,Capturing Earth Images,Weak Signal,Potential Communication Anomaly,Prepare Next Ground Pass,Avoid communication failure,Yes,Medium
SCN-04531,Red,Power,Orbit Correction,Battery < 20%,Power Failure,Enter Safe Mode,Prevent complete battery depletion,Yes,Critical
SCN-04532,Yellow,Communication,Downlink,Weak Signal,Potential Communication Anomaly,Prepare Next Ground Pass,Avoid communication failure,Yes,Medium
SCN-04533,Green,Thermal,Calibration,Temperature < 45°C,None,Continue Operation,Subsystem remains stable,No,Low
SCN-04534,Red,Thermal,Calibration,Temperature > 70°C,Thermal Failure,Shutdown Payload,Prevent hardware damage,Yes,Critical
SCN-04535,Yellow,Payload,Downlink,Camera Temperature Rising,Potential Payload Anomaly,Reduce Image Capture Rate,Prevent camera shutdown,Yes,Medium
SCN-04536,Green,Thermal,Idle,Temperature < 45°C,None,Continue Operation,Subsystem remains stable,No,Low
SCN-04537,Green,Storage,Idle,Storage < 70%,None,Continue Capturing Images,Store additional payload data,No,Low
SCN-04538,Green,Storage,Calibration,Storage < 70%,None,Continue Capturing Images,Store additional payload data,No,Low
SCN-04539,Green,Storage,Downlink,Storage < 70%,None,Continue Capturing Images,Store additional payload data,No,Low
SCN-04540,Yellow,Payload,Idle,Camera Temperature Rising,Potential Payload Anomaly,Reduce Image Capture Rate,Prevent camera shutdown,Yes,Medium
SCN-04541,Yellow,Payload,Orbit Correction,Camera Temperature Rising,Potential Payload Anomaly,Reduce Image Capture Rate,Prevent camera shutdown,Yes,Medium
SCN-04542,Green,Storage,Idle,Storage < 70%,None,Continue Capturing Images,Store additional payload data,No,Low
SCN-04543,Green,Thermal,Capturing Earth Images,Temperature < 45°C,None,Continue Operation,Subsystem remains stable,No,Low
SCN-04544,Green,Payload,Calibration,Camera Operational,None,Capture Earth Images,Mission objective achieved,No,Low
SCN-04545,Yellow,Payload,Calibration,Camera Temperature Rising,Potential Payload Anomaly,Reduce Image Capture Rate,Prevent camera shutdown,Yes,Medium
SCN-04546,Green,Communication,Orbit Correction,Signal Stable,None,Continue Downlink,Telemetry transmitted successfully,No,Low
SCN-04547,Red,Payload,Orbit Correction,Camera Failure,Payload Failure,Restart Camera Module,Restore payload functionality,Yes,Critical
SCN-04548,Green,Communication,Capturing Earth Images,Signal Stable,None,Continue Downlink,Telemetry transmitted successfully,No,Low
SCN-04549,Green,Communication,Orbit Correction,Signal Stable,None,Continue Downlink,Telemetry transmitted successfully,No,Low
SCN-04550,Green,Communication,Capturing Earth Images,Signal Stable,None,Continue Downlink,Telemetry transmitted successfully,No,Low
SCN-04551,Green,Storage,Capturing Earth Images,Storage < 70%,None,Continue Capturing Images,Store additional payload data,No,Low
SCN-04552,Red,Payload,Calibration,Camera Failure,Payload Failure,Restart Camera Module,Restore payload functionality,Yes,Critical
SCN-04553,Yellow,Power,Downlink,Solar Output Low,Potential Power Anomaly,Rotate Solar Panels,Increase charging efficiency,Yes,Medium
SCN-04554,Green,Power,Downlink,Battery > 70%,None,Continue Mission,Nominal power operation,No,Low
SCN-04555,Yellow,Communication,Downlink,Weak Signal,Potential Communication Anomaly,Prepare Next Ground Pass,Avoid communication failure,Yes,Medium
SCN-04556,Green,Thermal,Calibration,Temperature < 45°C,None,Continue Operation,Subsystem remains stable,No,Low
SCN-04557,Yellow,Communication,Idle,Weak Signal,Potential Communication Anomaly,Prepare Next Ground Pass,Avoid communication failure,Yes,Medium
SCN-04558,Green,Thermal,Idle,Temperature < 45°C,None,Continue Operation,Subsystem remains stable,No,Low
SCN-04559,Green,Storage,Idle,Storage < 70%,None,Continue Capturing Images,Store additional payload data,No,Low
SCN-04560,Green,Communication,Calibration,Signal Stable,None,Continue Downlink,Telemetry transmitted successfully,No,Low
SCN-04561,Yellow,Power,Capturing Earth Images,Solar Output Low,Potential Power Anomaly,Rotate Solar Panels,Increase charging efficiency,Yes,Medium
SCN-04562,Green,Payload,Capturing Earth Images,Camera Operational,None,Capture Earth Images,Mission objective achieved,No,Low
SCN-04563,Red,Payload,Downlink,Camera Failure,Payload Failure,Restart Camera Module,Restore payload functionality,Yes,Critical
SCN-04564,Green,Power,Calibration,Solar Output Normal,None,Continue Charging,Battery remains healthy,No,Low
SCN-04565,Yellow,Thermal,Capturing Earth Images,Temperature 45-65°C,Potential Thermal Anomaly,Reduce CPU Load,Prevent overheating,Yes,Medium
SCN-04566,Green,Power,Capturing Earth Images,Battery > 70%,None,Continue Mission,Nominal power operation,No,Low
SCN-04567,Green,Communication,Calibration,Signal Stable,None,Continue Downlink,Telemetry transmitted successfully,No,Low
SCN-04568,Green,Communication,Capturing Earth Images,Signal Stable,None,Continue Downlink,Telemetry transmitted successfully,No,Low
SCN-04569,Green,Payload,Orbit Correction,Camera Operational,None,Capture Earth Images,Mission objective achieved,No,Low
SCN-04570,Yellow,Storage,Calibration,Storage 70-90%,Potential Storage Anomaly,Schedule Downlink,Avoid storage overflow,Yes,Medium
SCN-04571,Green,Power,Capturing Earth Images,Solar Output Normal,None,Continue Charging,Battery remains healthy,No,Low
SCN-04572,Red,Storage,Downlink,Storage > 95%,Storage Failure,Stop Image Capture and Downlink,Free storage space,Yes,Critical
SCN-04573,Yellow,Communication,Capturing Earth Images,Weak Signal,Potential Communication Anomaly,Prepare Next Ground Pass,Avoid communication failure,Yes,Medium
SCN-04574,Green,Power,Calibration,Battery > 70%,None,Continue Mission,Nominal power operation,No,Low
SCN-04575,Yellow,Storage,Calibration,Storage 70-90%,Potential Storage Anomaly,Schedule Downlink,Avoid storage overflow,Yes,Medium
SCN-04576,Green,Payload,Calibration,Camera Operational,None,Capture Earth Images,Mission objective achieved,No,Low
SCN-04577,Yellow,Thermal,Idle,Temperature 45-65°C,Potential Thermal Anomaly,Reduce CPU Load,Prevent overheating,Yes,Medium
SCN-04578,Green,Communication,Capturing Earth Images,Signal Stable,None,Continue Downlink,Telemetry transmitted successfully,No,Low
SCN-04579,Green,Payload,Downlink,Camera Operational,None,Capture Earth Images,Mission objective achieved,No,Low
SCN-04580,Yellow,Storage,Orbit Correction,Storage 70-90%,Potential Storage Anomaly,Schedule Downlink,Avoid storage overflow,Yes,Medium
SCN-04581,Yellow,Power,Calibration,Solar Output Low,Potential Power Anomaly,Rotate Solar Panels,Increase charging efficiency,Yes,Medium
SCN-04582,Green,Communication,Capturing Earth Images,Signal Stable,None,Continue Downlink,Telemetry transmitted successfully,No,Low
SCN-04583,Green,Storage,Calibration,Storage < 70%,None,Continue Capturing Images,Store additional payload data,No,Low
SCN-04584,Green,Storage,Calibration,Storage < 70%,None,Continue Capturing Images,Store additional payload data,No,Low
SCN-04585,Yellow,Power,Downlink,Solar Output Low,Potential Power Anomaly,Rotate Solar Panels,Increase charging efficiency,Yes,Medium
SCN-04586,Green,Payload,Calibration,Camera Operational,None,Capture Earth Images,Mission objective achieved,No,Low
SCN-04587,Green,Power,Orbit Correction,Battery > 70%,None,Continue Mission,Nominal power operation,No,Low
SCN-04588,Red,Storage,Capturing Earth Images,Storage > 95%,Storage Failure,Stop Image Capture and Downlink,Free storage space,Yes,Critical
SCN-04589,Green,Communication,Capturing Earth Images,Signal Stable,None,Continue Downlink,Telemetry transmitted successfully,No,Low
SCN-04590,Green,Storage,Orbit Correction,Storage < 70%,None,Continue Capturing Images,Store additional payload data,No,Low
SCN-04591,Yellow,Storage,Orbit Correction,Storage 70-90%,Potential Storage Anomaly,Schedule Downlink,Avoid storage overflow,Yes,Medium
SCN-04592,Red,Power,Orbit Correction,Solar Panel Failure,Power Failure,Disable Payload,Reduce power consumption,Yes,Critical
SCN-04593,Green,Payload,Idle,Camera Operational,None,Capture Earth Images,Mission objective achieved,No,Low
SCN-04594,Yellow,Storage,Downlink,Storage 70-90%,Potential Storage Anomaly,Schedule Downlink,Avoid storage overflow,Yes,Medium
SCN-04595,Green,Thermal,Orbit Correction,Temperature < 45°C,None,Continue Operation,Subsystem remains stable,No,Low
SCN-04596,Green,Payload,Downlink,Camera Operational,None,Capture Earth Images,Mission objective achieved,No,Low
SCN-04597,Green,Communication,Idle,Signal Stable,None,Continue Downlink,Telemetry transmitted successfully,No,Low
SCN-04598,Green,Thermal,Downlink,Temperature < 45°C,None,Continue Operation,Subsystem remains stable,No,Low
SCN-04599,Green,Storage,Downlink,Storage < 70%,None,Continue Capturing Images,Store additional payload data,No,Low
SCN-04600,Green,Thermal,Calibration,Temperature < 45°C,None,Continue Operation,Subsystem remains stable,No,Low
SCN-04601,Yellow,Payload,Orbit Correction,Camera Temperature Rising,Potential Payload Anomaly,Reduce Image Capture Rate,Prevent camera shutdown,Yes,Medium
SCN-04602,Green,Power,Orbit Correction,Battery > 70%,None,Continue Mission,Nominal power operation,No,Low
SCN-04603,Green,Communication,Idle,Signal Stable,None,Continue Downlink,Telemetry transmitted successfully,No,Low
SCN-04604,Green,Storage,Downlink,Storage < 70%,None,Continue Capturing Images,Store additional payload data,No,Low
SCN-04605,Green,Thermal,Downlink,Temperature < 45°C,None,Continue Operation,Subsystem remains stable,No,Low
SCN-04606,Green,Thermal,Capturing Earth Images,Temperature < 45°C,None,Continue Operation,Subsystem remains stable,No,Low
SCN-04607,Red,Storage,Orbit Correction,Storage > 95%,Storage Failure,Stop Image Capture and Downlink,Free storage space,Yes,Critical
SCN-04608,Green,Payload,Calibration,Camera Operational,None,Capture Earth Images,Mission objective achieved,No,Low
SCN-04609,Green,Thermal,Calibration,Temperature < 45°C,None,Continue Operation,Subsystem remains stable,No,Low
SCN-04610,Green,Payload,Downlink,Camera Operational,None,Capture Earth Images,Mission objective achieved,No,Low
SCN-04611,Green,Thermal,Calibration,Temperature < 45°C,None,Continue Operation,Subsystem remains stable,No,Low
SCN-04612,Yellow,Storage,Calibration,Storage 70-90%,Potential Storage Anomaly,Schedule Downlink,Avoid storage overflow,Yes,Medium
SCN-04613,Green,Payload,Orbit Correction,Camera Operational,None,Capture Earth Images,Mission objective achieved,No,Low
SCN-04614,Yellow,Power,Calibration,Solar Output Low,Potential Power Anomaly,Rotate Solar Panels,Increase charging efficiency,Yes,Medium
SCN-04615,Red,Payload,Idle,Camera Failure,Payload Failure,Restart Camera Module,Restore payload functionality,Yes,Critical
SCN-04616,Green,Thermal,Orbit Correction,Temperature < 45°C,None,Continue Operation,Subsystem remains stable,No,Low
SCN-04617,Green,Storage,Capturing Earth Images,Storage < 70%,None,Continue Capturing Images,Store additional payload data,No,Low
SCN-04618,Red,Storage,Downlink,Storage > 95%,Storage Failure,Stop Image Capture and Downlink,Free storage space,Yes,Critical
SCN-04619,Yellow,Communication,Calibration,Weak Signal,Potential Communication Anomaly,Prepare Next Ground Pass,Avoid communication failure,Yes,Medium
SCN-04620,Green,Communication,Orbit Correction,Signal Stable,None,Continue Downlink,Telemetry transmitted successfully,No,Low
SCN-04621,Green,Power,Orbit Correction,Battery > 70%,None,Continue Mission,Nominal power operation,No,Low
SCN-04622,Green,Communication,Orbit Correction,Signal Stable,None,Continue Downlink,Telemetry transmitted successfully,No,Low
SCN-04623,Red,Payload,Calibration,Camera Failure,Payload Failure,Restart Camera Module,Restore payload functionality,Yes,Critical
SCN-04624,Yellow,Thermal,Orbit Correction,Temperature 45-65°C,Potential Thermal Anomaly,Reduce CPU Load,Prevent overheating,Yes,Medium
SCN-04625,Green,Power,Downlink,Solar Output Normal,None,Continue Charging,Battery remains healthy,No,Low
SCN-04626,Green,Communication,Downlink,Signal Stable,None,Continue Downlink,Telemetry transmitted successfully,No,Low
SCN-04627,Yellow,Payload,Downlink,Camera Temperature Rising,Potential Payload Anomaly,Reduce Image Capture Rate,Prevent camera shutdown,Yes,Medium
SCN-04628,Yellow,Power,Idle,Battery 30-70%,Potential Power Anomaly,Reduce Payload Power,Battery drain reduced,Yes,Medium
SCN-04629,Green,Power,Downlink,Solar Output Normal,None,Continue Charging,Battery remains healthy,No,Low
SCN-04630,Yellow,Storage,Orbit Correction,Storage 70-90%,Potential Storage Anomaly,Schedule Downlink,Avoid storage overflow,Yes,Medium
SCN-04631,Red,Power,Idle,Battery < 20%,Power Failure,Enter Safe Mode,Prevent complete battery depletion,Yes,Critical
SCN-04632,Yellow,Thermal,Orbit Correction,Temperature 45-65°C,Potential Thermal Anomaly,Reduce CPU Load,Prevent overheating,Yes,Medium
SCN-04633,Green,Power,Capturing Earth Images,Battery > 70%,None,Continue Mission,Nominal power operation,No,Low
SCN-04634,Green,Storage,Downlink,Storage < 70%,None,Continue Capturing Images,Store additional payload data,No,Low
SCN-04635,Green,Communication,Idle,Signal Stable,None,Continue Downlink,Telemetry transmitted successfully,No,Low
SCN-04636,Green,Thermal,Idle,Temperature < 45°C,None,Continue Operation,Subsystem remains stable,No,Low
SCN-04637,Green,Power,Capturing Earth Images,Solar Output Normal,None,Continue Charging,Battery remains healthy,No,Low
SCN-04638,Green,Communication,Idle,Signal Stable,None,Continue Downlink,Telemetry transmitted successfully,No,Low
SCN-04639,Green,Power,Idle,Solar Output Normal,None,Continue Charging,Battery remains healthy,No,Low
SCN-04640,Green,Thermal,Orbit Correction,Temperature < 45°C,None,Continue Operation,Subsystem remains stable,No,Low
SCN-04641,Green,Thermal,Downlink,Temperature < 45°C,None,Continue Operation,Subsystem remains stable,No,Low
SCN-04642,Green,Thermal,Capturing Earth Images,Temperature < 45°C,None,Continue Operation,Subsystem remains stable,No,Low
SCN-04643,Green,Payload,Idle,Camera Operational,None,Capture Earth Images,Mission objective achieved,No,Low
SCN-04644,Green,Power,Calibration,Solar Output Normal,None,Continue Charging,Battery remains healthy,No,Low
SCN-04645,Yellow,Payload,Capturing Earth Images,Camera Temperature Rising,Potential Payload Anomaly,Reduce Image Capture Rate,Prevent camera shutdown,Yes,Medium
SCN-04646,Red,Power,Capturing Earth Images,Battery < 20%,Power Failure,Enter Safe Mode,Prevent complete battery depletion,Yes,Critical
SCN-04647,Green,Storage,Calibration,Storage < 70%,None,Continue Capturing Images,Store additional payload data,No,Low
SCN-04648,Yellow,Power,Calibration,Solar Output Low,Potential Power Anomaly,Rotate Solar Panels,Increase charging efficiency,Yes,Medium
SCN-04649,Green,Power,Idle,Solar Output Normal,None,Continue Charging,Battery remains healthy,No,Low
SCN-04650,Red,Power,Capturing Earth Images,Battery < 20%,Power Failure,Enter Safe Mode,Prevent complete battery depletion,Yes,Critical
SCN-04651,Green,Storage,Orbit Correction,Storage < 70%,None,Continue Capturing Images,Store additional payload data,No,Low
SCN-04652,Yellow,Communication,Orbit Correction,Weak Signal,Potential Communication Anomaly,Prepare Next Ground Pass,Avoid communication failure,Yes,Medium
SCN-04653,Red,Storage,Orbit Correction,Storage > 95%,Storage Failure,Stop Image Capture and Downlink,Free storage space,Yes,Critical
SCN-04654,Red,Storage,Downlink,Storage > 95%,Storage Failure,Stop Image Capture and Downlink,Free storage space,Yes,Critical
SCN-04655,Yellow,Storage,Downlink,Storage 70-90%,Potential Storage Anomaly,Schedule Downlink,Avoid storage overflow,Yes,Medium
SCN-04656,Green,Thermal,Orbit Correction,Temperature < 45°C,None,Continue Operation,Subsystem remains stable,No,Low
SCN-04657,Green,Storage,Calibration,Storage < 70%,None,Continue Capturing Images,Store additional payload data,No,Low
SCN-04658,Green,Payload,Calibration,Camera Operational,None,Capture Earth Images,Mission objective achieved,No,Low
SCN-04659,Yellow,Storage,Idle,Storage 70-90%,Potential Storage Anomaly,Schedule Downlink,Avoid storage overflow,Yes,Medium
SCN-04660,Yellow,Power,Capturing Earth Images,Battery 30-70%,Potential Power Anomaly,Reduce Payload Power,Battery drain reduced,Yes,Medium
SCN-04661,Yellow,Power,Idle,Solar Output Low,Potential Power Anomaly,Rotate Solar Panels,Increase charging efficiency,Yes,Medium
SCN-04662,Green,Power,Capturing Earth Images,Battery > 70%,None,Continue Mission,Nominal power operation,No,Low
SCN-04663,Green,Communication,Orbit Correction,Signal Stable,None,Continue Downlink,Telemetry transmitted successfully,No,Low
SCN-04664,Green,Payload,Idle,Camera Operational,None,Capture Earth Images,Mission objective achieved,No,Low
SCN-04665,Red,Communication,Idle,Communication Lost,Communication Failure,Queue Commands,Resume during next communication window,Yes,Critical
SCN-04666,Red,Power,Orbit Correction,Solar Panel Failure,Power Failure,Disable Payload,Reduce power consumption,Yes,Critical
SCN-04667,Green,Thermal,Idle,Temperature < 45°C,None,Continue Operation,Subsystem remains stable,No,Low
SCN-04668,Yellow,Payload,Idle,Camera Temperature Rising,Potential Payload Anomaly,Reduce Image Capture Rate,Prevent camera shutdown,Yes,Medium
SCN-04669,Green,Thermal,Idle,Temperature < 45°C,None,Continue Operation,Subsystem remains stable,No,Low
SCN-04670,Green,Payload,Capturing Earth Images,Camera Operational,None,Capture Earth Images,Mission objective achieved,No,Low
SCN-04671,Red,Payload,Idle,Camera Failure,Payload Failure,Restart Camera Module,Restore payload functionality,Yes,Critical
SCN-04672,Green,Communication,Capturing Earth Images,Signal Stable,None,Continue Downlink,Telemetry transmitted successfully,No,Low
SCN-04673,Green,Power,Capturing Earth Images,Battery > 70%,None,Continue Mission,Nominal power operation,No,Low
SCN-04674,Green,Thermal,Downlink,Temperature < 45°C,None,Continue Operation,Subsystem remains stable,No,Low
SCN-04675,Green,Thermal,Orbit Correction,Temperature < 45°C,None,Continue Operation,Subsystem remains stable,No,Low
SCN-04676,Green,Payload,Calibration,Camera Operational,None,Capture Earth Images,Mission objective achieved,No,Low
SCN-04677,Yellow,Power,Downlink,Solar Output Low,Potential Power Anomaly,Rotate Solar Panels,Increase charging efficiency,Yes,Medium
SCN-04678,Green,Storage,Idle,Storage < 70%,None,Continue Capturing Images,Store additional payload data,No,Low
SCN-04679,Green,Thermal,Orbit Correction,Temperature < 45°C,None,Continue Operation,Subsystem remains stable,No,Low
SCN-04680,Red,Power,Orbit Correction,Battery < 20%,Power Failure,Enter Safe Mode,Prevent complete battery depletion,Yes,Critical
SCN-04681,Green,Storage,Calibration,Storage < 70%,None,Continue Capturing Images,Store additional payload data,No,Low
SCN-04682,Green,Thermal,Idle,Temperature < 45°C,None,Continue Operation,Subsystem remains stable,No,Low
SCN-04683,Green,Thermal,Idle,Temperature < 45°C,None,Continue Operation,Subsystem remains stable,No,Low
SCN-04684,Yellow,Payload,Idle,Camera Temperature Rising,Potential Payload Anomaly,Reduce Image Capture Rate,Prevent camera shutdown,Yes,Medium
SCN-04685,Green,Communication,Idle,Signal Stable,None,Continue Downlink,Telemetry transmitted successfully,No,Low
SCN-04686,Green,Payload,Capturing Earth Images,Camera Operational,None,Capture Earth Images,Mission objective achieved,No,Low
SCN-04687,Green,Storage,Idle,Storage < 70%,None,Continue Capturing Images,Store additional payload data,No,Low
SCN-04688,Green,Storage,Orbit Correction,Storage < 70%,None,Continue Capturing Images,Store additional payload data,No,Low
SCN-04689,Green,Power,Capturing Earth Images,Battery > 70%,None,Continue Mission,Nominal power operation,No,Low
SCN-04690,Green,Communication,Idle,Signal Stable,None,Continue Downlink,Telemetry transmitted successfully,No,Low
SCN-04691,Green,Power,Calibration,Solar Output Normal,None,Continue Charging,Battery remains healthy,No,Low
SCN-04692,Red,Communication,Orbit Correction,Communication Lost,Communication Failure,Queue Commands,Resume during next communication window,Yes,Critical
SCN-04693,Yellow,Storage,Calibration,Storage 70-90%,Potential Storage Anomaly,Schedule Downlink,Avoid storage overflow,Yes,Medium
SCN-04694,Red,Payload,Capturing Earth Images,Camera Failure,Payload Failure,Restart Camera Module,Restore payload functionality,Yes,Critical
SCN-04695,Red,Storage,Capturing Earth Images,Storage > 95%,Storage Failure,Stop Image Capture and Downlink,Free storage space,Yes,Critical
SCN-04696,Green,Power,Calibration,Solar Output Normal,None,Continue Charging,Battery remains healthy,No,Low
SCN-04697,Green,Payload,Downlink,Camera Operational,None,Capture Earth Images,Mission objective achieved,No,Low
SCN-04698,Yellow,Communication,Orbit Correction,Weak Signal,Potential Communication Anomaly,Prepare Next Ground Pass,Avoid communication failure,Yes,Medium
SCN-04699,Red,Thermal,Idle,Temperature > 70°C,Thermal Failure,Shutdown Payload,Prevent hardware damage,Yes,Critical
SCN-04700,Yellow,Payload,Capturing Earth Images,Camera Temperature Rising,Potential Payload Anomaly,Reduce Image Capture Rate,Prevent camera shutdown,Yes,Medium
SCN-04701,Red,Thermal,Orbit Correction,Temperature > 70°C,Thermal Failure,Shutdown Payload,Prevent hardware damage,Yes,Critical
SCN-04702,Yellow,Power,Orbit Correction,Solar Output Low,Potential Power Anomaly,Rotate Solar Panels,Increase charging efficiency,Yes,Medium
SCN-04703,Green,Thermal,Capturing Earth Images,Temperature < 45°C,None,Continue Operation,Subsystem remains stable,No,Low
SCN-04704,Yellow,Communication,Idle,Weak Signal,Potential Communication Anomaly,Prepare Next Ground Pass,Avoid communication failure,Yes,Medium
SCN-04705,Green,Storage,Idle,Storage < 70%,None,Continue Capturing Images,Store additional payload data,No,Low
SCN-04706,Red,Payload,Calibration,Camera Failure,Payload Failure,Restart Camera Module,Restore payload functionality,Yes,Critical
SCN-04707,Red,Payload,Calibration,Camera Failure,Payload Failure,Restart Camera Module,Restore payload functionality,Yes,Critical
SCN-04708,Red,Payload,Downlink,Camera Failure,Payload Failure,Restart Camera Module,Restore payload functionality,Yes,Critical
SCN-04709,Yellow,Payload,Calibration,Camera Temperature Rising,Potential Payload Anomaly,Reduce Image Capture Rate,Prevent camera shutdown,Yes,Medium
SCN-04710,Green,Communication,Calibration,Signal Stable,None,Continue Downlink,Telemetry transmitted successfully,No,Low
SCN-04711,Green,Power,Downlink,Solar Output Normal,None,Continue Charging,Battery remains healthy,No,Low
SCN-04712,Yellow,Communication,Downlink,Weak Signal,Potential Communication Anomaly,Prepare Next Ground Pass,Avoid communication failure,Yes,Medium
SCN-04713,Red,Thermal,Orbit Correction,Temperature > 70°C,Thermal Failure,Shutdown Payload,Prevent hardware damage,Yes,Critical
SCN-04714,Yellow,Communication,Calibration,Weak Signal,Potential Communication Anomaly,Prepare Next Ground Pass,Avoid communication failure,Yes,Medium
SCN-04715,Yellow,Storage,Capturing Earth Images,Storage 70-90%,Potential Storage Anomaly,Schedule Downlink,Avoid storage overflow,Yes,Medium
SCN-04716,Yellow,Thermal,Calibration,Temperature 45-65°C,Potential Thermal Anomaly,Reduce CPU Load,Prevent overheating,Yes,Medium
SCN-04717,Red,Power,Orbit Correction,Solar Panel Failure,Power Failure,Disable Payload,Reduce power consumption,Yes,Critical
SCN-04718,Yellow,Payload,Downlink,Camera Temperature Rising,Potential Payload Anomaly,Reduce Image Capture Rate,Prevent camera shutdown,Yes,Medium
SCN-04719,Green,Power,Downlink,Battery > 70%,None,Continue Mission,Nominal power operation,No,Low
SCN-04720,Green,Thermal,Downlink,Temperature < 45°C,None,Continue Operation,Subsystem remains stable,No,Low
SCN-04721,Green,Payload,Capturing Earth Images,Camera Operational,None,Capture Earth Images,Mission objective achieved,No,Low
SCN-04722,Red,Communication,Orbit Correction,Communication Lost,Communication Failure,Queue Commands,Resume during next communication window,Yes,Critical
SCN-04723,Yellow,Communication,Orbit Correction,Weak Signal,Potential Communication Anomaly,Prepare Next Ground Pass,Avoid communication failure,Yes,Medium
SCN-04724,Green,Thermal,Calibration,Temperature < 45°C,None,Continue Operation,Subsystem remains stable,No,Low
SCN-04725,Red,Storage,Calibration,Storage > 95%,Storage Failure,Stop Image Capture and Downlink,Free storage space,Yes,Critical
SCN-04726,Green,Payload,Capturing Earth Images,Camera Operational,None,Capture Earth Images,Mission objective achieved,No,Low
SCN-04727,Green,Thermal,Downlink,Temperature < 45°C,None,Continue Operation,Subsystem remains stable,No,Low
SCN-04728,Green,Storage,Calibration,Storage < 70%,None,Continue Capturing Images,Store additional payload data,No,Low
SCN-04729,Green,Communication,Idle,Signal Stable,None,Continue Downlink,Telemetry transmitted successfully,No,Low
SCN-04730,Green,Payload,Downlink,Camera Operational,None,Capture Earth Images,Mission objective achieved,No,Low
SCN-04731,Green,Thermal,Capturing Earth Images,Temperature < 45°C,None,Continue Operation,Subsystem remains stable,No,Low
SCN-04732,Yellow,Communication,Capturing Earth Images,Weak Signal,Potential Communication Anomaly,Prepare Next Ground Pass,Avoid communication failure,Yes,Medium
SCN-04733,Green,Communication,Downlink,Signal Stable,None,Continue Downlink,Telemetry transmitted successfully,No,Low
SCN-04734,Green,Storage,Downlink,Storage < 70%,None,Continue Capturing Images,Store additional payload data,No,Low
SCN-04735,Green,Payload,Downlink,Camera Operational,None,Capture Earth Images,Mission objective achieved,No,Low
SCN-04736,Green,Power,Calibration,Solar Output Normal,None,Continue Charging,Battery remains healthy,No,Low
SCN-04737,Green,Payload,Orbit Correction,Camera Operational,None,Capture Earth Images,Mission objective achieved,No,Low
SCN-04738,Red,Payload,Downlink,Camera Failure,Payload Failure,Restart Camera Module,Restore payload functionality,Yes,Critical
SCN-04739,Green,Payload,Downlink,Camera Operational,None,Capture Earth Images,Mission objective achieved,No,Low
SCN-04740,Green,Storage,Idle,Storage < 70%,None,Continue Capturing Images,Store additional payload data,No,Low
SCN-04741,Green,Payload,Downlink,Camera Operational,None,Capture Earth Images,Mission objective achieved,No,Low
SCN-04742,Green,Communication,Orbit Correction,Signal Stable,None,Continue Downlink,Telemetry transmitted successfully,No,Low
SCN-04743,Green,Thermal,Idle,Temperature < 45°C,None,Continue Operation,Subsystem remains stable,No,Low
SCN-04744,Green,Storage,Idle,Storage < 70%,None,Continue Capturing Images,Store additional payload data,No,Low
SCN-04745,Green,Storage,Capturing Earth Images,Storage < 70%,None,Continue Capturing Images,Store additional payload data,No,Low
SCN-04746,Green,Storage,Calibration,Storage < 70%,None,Continue Capturing Images,Store additional payload data,No,Low
SCN-04747,Red,Storage,Capturing Earth Images,Storage > 95%,Storage Failure,Stop Image Capture and Downlink,Free storage space,Yes,Critical
SCN-04748,Yellow,Communication,Idle,Weak Signal,Potential Communication Anomaly,Prepare Next Ground Pass,Avoid communication failure,Yes,Medium
SCN-04749,Yellow,Storage,Calibration,Storage 70-90%,Potential Storage Anomaly,Schedule Downlink,Avoid storage overflow,Yes,Medium
SCN-04750,Green,Thermal,Orbit Correction,Temperature < 45°C,None,Continue Operation,Subsystem remains stable,No,Low
SCN-04751,Yellow,Power,Orbit Correction,Battery 30-70%,Potential Power Anomaly,Reduce Payload Power,Battery drain reduced,Yes,Medium
SCN-04752,Green,Payload,Capturing Earth Images,Camera Operational,None,Capture Earth Images,Mission objective achieved,No,Low
SCN-04753,Green,Communication,Calibration,Signal Stable,None,Continue Downlink,Telemetry transmitted successfully,No,Low
SCN-04754,Green,Storage,Orbit Correction,Storage < 70%,None,Continue Capturing Images,Store additional payload data,No,Low
SCN-04755,Green,Payload,Orbit Correction,Camera Operational,None,Capture Earth Images,Mission objective achieved,No,Low
SCN-04756,Green,Payload,Idle,Camera Operational,None,Capture Earth Images,Mission objective achieved,No,Low
SCN-04757,Green,Power,Calibration,Battery > 70%,None,Continue Mission,Nominal power operation,No,Low
SCN-04758,Green,Power,Downlink,Solar Output Normal,None,Continue Charging,Battery remains healthy,No,Low
SCN-04759,Green,Communication,Downlink,Signal Stable,None,Continue Downlink,Telemetry transmitted successfully,No,Low
SCN-04760,Green,Power,Calibration,Battery > 70%,None,Continue Mission,Nominal power operation,No,Low
SCN-04761,Green,Payload,Orbit Correction,Camera Operational,None,Capture Earth Images,Mission objective achieved,No,Low
SCN-04762,Yellow,Storage,Calibration,Storage 70-90%,Potential Storage Anomaly,Schedule Downlink,Avoid storage overflow,Yes,Medium
SCN-04763,Green,Thermal,Downlink,Temperature < 45°C,None,Continue Operation,Subsystem remains stable,No,Low
SCN-04764,Green,Payload,Downlink,Camera Operational,None,Capture Earth Images,Mission objective achieved,No,Low
SCN-04765,Green,Power,Idle,Battery > 70%,None,Continue Mission,Nominal power operation,No,Low
SCN-04766,Red,Thermal,Capturing Earth Images,Temperature > 70°C,Thermal Failure,Shutdown Payload,Prevent hardware damage,Yes,Critical
SCN-04767,Red,Power,Downlink,Solar Panel Failure,Power Failure,Disable Payload,Reduce power consumption,Yes,Critical
SCN-04768,Green,Storage,Idle,Storage < 70%,None,Continue Capturing Images,Store additional payload data,No,Low
SCN-04769,Red,Storage,Orbit Correction,Storage > 95%,Storage Failure,Stop Image Capture and Downlink,Free storage space,Yes,Critical
SCN-04770,Yellow,Power,Idle,Solar Output Low,Potential Power Anomaly,Rotate Solar Panels,Increase charging efficiency,Yes,Medium
SCN-04771,Yellow,Power,Idle,Solar Output Low,Potential Power Anomaly,Rotate Solar Panels,Increase charging efficiency,Yes,Medium
SCN-04772,Green,Payload,Orbit Correction,Camera Operational,None,Capture Earth Images,Mission objective achieved,No,Low
SCN-04773,Green,Payload,Downlink,Camera Operational,None,Capture Earth Images,Mission objective achieved,No,Low
SCN-04774,Green,Communication,Downlink,Signal Stable,None,Continue Downlink,Telemetry transmitted successfully,No,Low
SCN-04775,Green,Communication,Orbit Correction,Signal Stable,None,Continue Downlink,Telemetry transmitted successfully,No,Low
SCN-04776,Yellow,Power,Downlink,Solar Output Low,Potential Power Anomaly,Rotate Solar Panels,Increase charging efficiency,Yes,Medium
SCN-04777,Green,Payload,Calibration,Camera Operational,None,Capture Earth Images,Mission objective achieved,No,Low
SCN-04778,Yellow,Storage,Capturing Earth Images,Storage 70-90%,Potential Storage Anomaly,Schedule Downlink,Avoid storage overflow,Yes,Medium
SCN-04779,Yellow,Storage,Downlink,Storage 70-90%,Potential Storage Anomaly,Schedule Downlink,Avoid storage overflow,Yes,Medium
SCN-04780,Red,Communication,Idle,Communication Lost,Communication Failure,Queue Commands,Resume during next communication window,Yes,Critical
SCN-04781,Red,Thermal,Idle,Temperature > 70°C,Thermal Failure,Shutdown Payload,Prevent hardware damage,Yes,Critical
SCN-04782,Green,Power,Idle,Battery > 70%,None,Continue Mission,Nominal power operation,No,Low
SCN-04783,Red,Payload,Capturing Earth Images,Camera Failure,Payload Failure,Restart Camera Module,Restore payload functionality,Yes,Critical
SCN-04784,Green,Payload,Capturing Earth Images,Camera Operational,None,Capture Earth Images,Mission objective achieved,No,Low
SCN-04785,Green,Communication,Idle,Signal Stable,None,Continue Downlink,Telemetry transmitted successfully,No,Low
SCN-04786,Green,Power,Calibration,Battery > 70%,None,Continue Mission,Nominal power operation,No,Low
SCN-04787,Green,Storage,Orbit Correction,Storage < 70%,None,Continue Capturing Images,Store additional payload data,No,Low
SCN-04788,Green,Communication,Orbit Correction,Signal Stable,None,Continue Downlink,Telemetry transmitted successfully,No,Low
SCN-04789,Green,Communication,Orbit Correction,Signal Stable,None,Continue Downlink,Telemetry transmitted successfully,No,Low
SCN-04790,Red,Storage,Orbit Correction,Storage > 95%,Storage Failure,Stop Image Capture and Downlink,Free storage space,Yes,Critical
SCN-04791,Green,Communication,Orbit Correction,Signal Stable,None,Continue Downlink,Telemetry transmitted successfully,No,Low
SCN-04792,Green,Storage,Downlink,Storage < 70%,None,Continue Capturing Images,Store additional payload data,No,Low
SCN-04793,Green,Storage,Capturing Earth Images,Storage < 70%,None,Continue Capturing Images,Store additional payload data,No,Low
SCN-04794,Green,Thermal,Orbit Correction,Temperature < 45°C,None,Continue Operation,Subsystem remains stable,No,Low
SCN-04795,Green,Communication,Calibration,Signal Stable,None,Continue Downlink,Telemetry transmitted successfully,No,Low
SCN-04796,Green,Communication,Capturing Earth Images,Signal Stable,None,Continue Downlink,Telemetry transmitted successfully,No,Low
SCN-04797,Red,Storage,Downlink,Storage > 95%,Storage Failure,Stop Image Capture and Downlink,Free storage space,Yes,Critical
SCN-04798,Yellow,Payload,Orbit Correction,Camera Temperature Rising,Potential Payload Anomaly,Reduce Image Capture Rate,Prevent camera shutdown,Yes,Medium
SCN-04799,Yellow,Storage,Capturing Earth Images,Storage 70-90%,Potential Storage Anomaly,Schedule Downlink,Avoid storage overflow,Yes,Medium
SCN-04800,Green,Storage,Downlink,Storage < 70%,None,Continue Capturing Images,Store additional payload data,No,Low
SCN-04801,Green,Thermal,Downlink,Temperature < 45°C,None,Continue Operation,Subsystem remains stable,No,Low
SCN-04802,Green,Thermal,Calibration,Temperature < 45°C,None,Continue Operation,Subsystem remains stable,No,Low
SCN-04803,Yellow,Thermal,Downlink,Temperature 45-65°C,Potential Thermal Anomaly,Reduce CPU Load,Prevent overheating,Yes,Medium
SCN-04804,Red,Thermal,Idle,Temperature > 70°C,Thermal Failure,Shutdown Payload,Prevent hardware damage,Yes,Critical
SCN-04805,Green,Thermal,Calibration,Temperature < 45°C,None,Continue Operation,Subsystem remains stable,No,Low
SCN-04806,Green,Communication,Calibration,Signal Stable,None,Continue Downlink,Telemetry transmitted successfully,No,Low
SCN-04807,Green,Power,Orbit Correction,Battery > 70%,None,Continue Mission,Nominal power operation,No,Low
SCN-04808,Green,Storage,Capturing Earth Images,Storage < 70%,None,Continue Capturing Images,Store additional payload data,No,Low
SCN-04809,Yellow,Communication,Idle,Weak Signal,Potential Communication Anomaly,Prepare Next Ground Pass,Avoid communication failure,Yes,Medium
SCN-04810,Green,Payload,Orbit Correction,Camera Operational,None,Capture Earth Images,Mission objective achieved,No,Low
SCN-04811,Green,Thermal,Orbit Correction,Temperature < 45°C,None,Continue Operation,Subsystem remains stable,No,Low
SCN-04812,Green,Thermal,Idle,Temperature < 45°C,None,Continue Operation,Subsystem remains stable,No,Low
SCN-04813,Green,Power,Calibration,Battery > 70%,None,Continue Mission,Nominal power operation,No,Low
SCN-04814,Yellow,Communication,Calibration,Weak Signal,Potential Communication Anomaly,Prepare Next Ground Pass,Avoid communication failure,Yes,Medium
SCN-04815,Red,Storage,Calibration,Storage > 95%,Storage Failure,Stop Image Capture and Downlink,Free storage space,Yes,Critical
SCN-04816,Green,Communication,Orbit Correction,Signal Stable,None,Continue Downlink,Telemetry transmitted successfully,No,Low
SCN-04817,Green,Power,Orbit Correction,Solar Output Normal,None,Continue Charging,Battery remains healthy,No,Low
SCN-04818,Green,Power,Calibration,Battery > 70%,None,Continue Mission,Nominal power operation,No,Low
SCN-04819,Green,Communication,Capturing Earth Images,Signal Stable,None,Continue Downlink,Telemetry transmitted successfully,No,Low
SCN-04820,Green,Payload,Downlink,Camera Operational,None,Capture Earth Images,Mission objective achieved,No,Low
SCN-04821,Yellow,Communication,Orbit Correction,Weak Signal,Potential Communication Anomaly,Prepare Next Ground Pass,Avoid communication failure,Yes,Medium
SCN-04822,Green,Storage,Calibration,Storage < 70%,None,Continue Capturing Images,Store additional payload data,No,Low
SCN-04823,Yellow,Storage,Capturing Earth Images,Storage 70-90%,Potential Storage Anomaly,Schedule Downlink,Avoid storage overflow,Yes,Medium
SCN-04824,Green,Thermal,Idle,Temperature < 45°C,None,Continue Operation,Subsystem remains stable,No,Low
SCN-04825,Green,Payload,Downlink,Camera Operational,None,Capture Earth Images,Mission objective achieved,No,Low
SCN-04826,Green,Communication,Calibration,Signal Stable,None,Continue Downlink,Telemetry transmitted successfully,No,Low
SCN-04827,Red,Thermal,Orbit Correction,Temperature > 70°C,Thermal Failure,Shutdown Payload,Prevent hardware damage,Yes,Critical
SCN-04828,Green,Communication,Calibration,Signal Stable,None,Continue Downlink,Telemetry transmitted successfully,No,Low
SCN-04829,Yellow,Payload,Idle,Camera Temperature Rising,Potential Payload Anomaly,Reduce Image Capture Rate,Prevent camera shutdown,Yes,Medium
SCN-04830,Green,Communication,Orbit Correction,Signal Stable,None,Continue Downlink,Telemetry transmitted successfully,No,Low
SCN-04831,Yellow,Communication,Capturing Earth Images,Weak Signal,Potential Communication Anomaly,Prepare Next Ground Pass,Avoid communication failure,Yes,Medium
SCN-04832,Green,Thermal,Orbit Correction,Temperature < 45°C,None,Continue Operation,Subsystem remains stable,No,Low
SCN-04833,Red,Power,Idle,Solar Panel Failure,Power Failure,Disable Payload,Reduce power consumption,Yes,Critical
SCN-04834,Green,Power,Downlink,Solar Output Normal,None,Continue Charging,Battery remains healthy,No,Low
SCN-04835,Yellow,Payload,Calibration,Camera Temperature Rising,Potential Payload Anomaly,Reduce Image Capture Rate,Prevent camera shutdown,Yes,Medium
SCN-04836,Green,Thermal,Orbit Correction,Temperature < 45°C,None,Continue Operation,Subsystem remains stable,No,Low
SCN-04837,Green,Power,Idle,Solar Output Normal,None,Continue Charging,Battery remains healthy,No,Low
SCN-04838,Red,Payload,Capturing Earth Images,Camera Failure,Payload Failure,Restart Camera Module,Restore payload functionality,Yes,Critical
SCN-04839,Green,Payload,Orbit Correction,Camera Operational,None,Capture Earth Images,Mission objective achieved,No,Low
SCN-04840,Green,Storage,Capturing Earth Images,Storage < 70%,None,Continue Capturing Images,Store additional payload data,No,Low
SCN-04841,Green,Communication,Orbit Correction,Signal Stable,None,Continue Downlink,Telemetry transmitted successfully,No,Low
SCN-04842,Green,Thermal,Capturing Earth Images,Temperature < 45°C,None,Continue Operation,Subsystem remains stable,No,Low
SCN-04843,Yellow,Communication,Orbit Correction,Weak Signal,Potential Communication Anomaly,Prepare Next Ground Pass,Avoid communication failure,Yes,Medium
SCN-04844,Yellow,Power,Downlink,Battery 30-70%,Potential Power Anomaly,Reduce Payload Power,Battery drain reduced,Yes,Medium
SCN-04845,Green,Communication,Capturing Earth Images,Signal Stable,None,Continue Downlink,Telemetry transmitted successfully,No,Low
SCN-04846,Yellow,Communication,Idle,Weak Signal,Potential Communication Anomaly,Prepare Next Ground Pass,Avoid communication failure,Yes,Medium
SCN-04847,Green,Storage,Orbit Correction,Storage < 70%,None,Continue Capturing Images,Store additional payload data,No,Low
SCN-04848,Green,Thermal,Capturing Earth Images,Temperature < 45°C,None,Continue Operation,Subsystem remains stable,No,Low
SCN-04849,Yellow,Payload,Calibration,Camera Temperature Rising,Potential Payload Anomaly,Reduce Image Capture Rate,Prevent camera shutdown,Yes,Medium
SCN-04850,Red,Power,Capturing Earth Images,Solar Panel Failure,Power Failure,Disable Payload,Reduce power consumption,Yes,Critical
SCN-04851,Green,Storage,Downlink,Storage < 70%,None,Continue Capturing Images,Store additional payload data,No,Low
SCN-04852,Red,Payload,Capturing Earth Images,Camera Failure,Payload Failure,Restart Camera Module,Restore payload functionality,Yes,Critical
SCN-04853,Red,Power,Downlink,Battery < 20%,Power Failure,Enter Safe Mode,Prevent complete battery depletion,Yes,Critical
SCN-04854,Yellow,Thermal,Orbit Correction,Temperature 45-65°C,Potential Thermal Anomaly,Reduce CPU Load,Prevent overheating,Yes,Medium
SCN-04855,Yellow,Power,Capturing Earth Images,Solar Output Low,Potential Power Anomaly,Rotate Solar Panels,Increase charging efficiency,Yes,Medium
SCN-04856,Green,Storage,Calibration,Storage < 70%,None,Continue Capturing Images,Store additional payload data,No,Low
SCN-04857,Yellow,Thermal,Idle,Temperature 45-65°C,Potential Thermal Anomaly,Reduce CPU Load,Prevent overheating,Yes,Medium
SCN-04858,Green,Communication,Idle,Signal Stable,None,Continue Downlink,Telemetry transmitted successfully,No,Low
SCN-04859,Green,Thermal,Capturing Earth Images,Temperature < 45°C,None,Continue Operation,Subsystem remains stable,No,Low
SCN-04860,Yellow,Storage,Downlink,Storage 70-90%,Potential Storage Anomaly,Schedule Downlink,Avoid storage overflow,Yes,Medium
SCN-04861,Yellow,Payload,Capturing Earth Images,Camera Temperature Rising,Potential Payload Anomaly,Reduce Image Capture Rate,Prevent camera shutdown,Yes,Medium
SCN-04862,Yellow,Thermal,Calibration,Temperature 45-65°C,Potential Thermal Anomaly,Reduce CPU Load,Prevent overheating,Yes,Medium
SCN-04863,Red,Communication,Calibration,Communication Lost,Communication Failure,Queue Commands,Resume during next communication window,Yes,Critical
SCN-04864,Red,Power,Calibration,Battery < 20%,Power Failure,Enter Safe Mode,Prevent complete battery depletion,Yes,Critical
SCN-04865,Green,Power,Capturing Earth Images,Battery > 70%,None,Continue Mission,Nominal power operation,No,Low
SCN-04866,Yellow,Storage,Calibration,Storage 70-90%,Potential Storage Anomaly,Schedule Downlink,Avoid storage overflow,Yes,Medium
SCN-04867,Green,Storage,Calibration,Storage < 70%,None,Continue Capturing Images,Store additional payload data,No,Low
SCN-04868,Green,Communication,Downlink,Signal Stable,None,Continue Downlink,Telemetry transmitted successfully,No,Low
SCN-04869,Green,Payload,Idle,Camera Operational,None,Capture Earth Images,Mission objective achieved,No,Low
SCN-04870,Green,Payload,Downlink,Camera Operational,None,Capture Earth Images,Mission objective achieved,No,Low
SCN-04871,Green,Thermal,Idle,Temperature < 45°C,None,Continue Operation,Subsystem remains stable,No,Low
SCN-04872,Green,Storage,Calibration,Storage < 70%,None,Continue Capturing Images,Store additional payload data,No,Low
SCN-04873,Green,Payload,Idle,Camera Operational,None,Capture Earth Images,Mission objective achieved,No,Low
SCN-04874,Yellow,Storage,Downlink,Storage 70-90%,Potential Storage Anomaly,Schedule Downlink,Avoid storage overflow,Yes,Medium
SCN-04875,Yellow,Thermal,Idle,Temperature 45-65°C,Potential Thermal Anomaly,Reduce CPU Load,Prevent overheating,Yes,Medium
SCN-04876,Yellow,Power,Calibration,Battery 30-70%,Potential Power Anomaly,Reduce Payload Power,Battery drain reduced,Yes,Medium
SCN-04877,Yellow,Storage,Capturing Earth Images,Storage 70-90%,Potential Storage Anomaly,Schedule Downlink,Avoid storage overflow,Yes,Medium
SCN-04878,Green,Communication,Orbit Correction,Signal Stable,None,Continue Downlink,Telemetry transmitted successfully,No,Low
SCN-04879,Red,Communication,Calibration,Communication Lost,Communication Failure,Queue Commands,Resume during next communication window,Yes,Critical
SCN-04880,Green,Storage,Calibration,Storage < 70%,None,Continue Capturing Images,Store additional payload data,No,Low
SCN-04881,Green,Storage,Idle,Storage < 70%,None,Continue Capturing Images,Store additional payload data,No,Low
SCN-04882,Yellow,Power,Orbit Correction,Solar Output Low,Potential Power Anomaly,Rotate Solar Panels,Increase charging efficiency,Yes,Medium
SCN-04883,Green,Thermal,Capturing Earth Images,Temperature < 45°C,None,Continue Operation,Subsystem remains stable,No,Low
SCN-04884,Green,Storage,Capturing Earth Images,Storage < 70%,None,Continue Capturing Images,Store additional payload data,No,Low
SCN-04885,Yellow,Payload,Capturing Earth Images,Camera Temperature Rising,Potential Payload Anomaly,Reduce Image Capture Rate,Prevent camera shutdown,Yes,Medium
SCN-04886,Yellow,Communication,Downlink,Weak Signal,Potential Communication Anomaly,Prepare Next Ground Pass,Avoid communication failure,Yes,Medium
SCN-04887,Yellow,Storage,Downlink,Storage 70-90%,Potential Storage Anomaly,Schedule Downlink,Avoid storage overflow,Yes,Medium
SCN-04888,Yellow,Storage,Orbit Correction,Storage 70-90%,Potential Storage Anomaly,Schedule Downlink,Avoid storage overflow,Yes,Medium
SCN-04889,Green,Thermal,Downlink,Temperature < 45°C,None,Continue Operation,Subsystem remains stable,No,Low
SCN-04890,Red,Payload,Idle,Camera Failure,Payload Failure,Restart Camera Module,Restore payload functionality,Yes,Critical
SCN-04891,Yellow,Communication,Calibration,Weak Signal,Potential Communication Anomaly,Prepare Next Ground Pass,Avoid communication failure,Yes,Medium
SCN-04892,Red,Thermal,Idle,Temperature > 70°C,Thermal Failure,Shutdown Payload,Prevent hardware damage,Yes,Critical
SCN-04893,Green,Thermal,Calibration,Temperature < 45°C,None,Continue Operation,Subsystem remains stable,No,Low
SCN-04894,Yellow,Thermal,Idle,Temperature 45-65°C,Potential Thermal Anomaly,Reduce CPU Load,Prevent overheating,Yes,Medium
SCN-04895,Green,Payload,Calibration,Camera Operational,None,Capture Earth Images,Mission objective achieved,No,Low
SCN-04896,Yellow,Communication,Downlink,Weak Signal,Potential Communication Anomaly,Prepare Next Ground Pass,Avoid communication failure,Yes,Medium
SCN-04897,Green,Storage,Capturing Earth Images,Storage < 70%,None,Continue Capturing Images,Store additional payload data,No,Low
SCN-04898,Green,Payload,Calibration,Camera Operational,None,Capture Earth Images,Mission objective achieved,No,Low
SCN-04899,Green,Storage,Idle,Storage < 70%,None,Continue Capturing Images,Store additional payload data,No,Low
SCN-04900,Yellow,Power,Downlink,Battery 30-70%,Potential Power Anomaly,Reduce Payload Power,Battery drain reduced,Yes,Medium
SCN-04901,Green,Storage,Downlink,Storage < 70%,None,Continue Capturing Images,Store additional payload data,No,Low
SCN-04902,Yellow,Storage,Downlink,Storage 70-90%,Potential Storage Anomaly,Schedule Downlink,Avoid storage overflow,Yes,Medium
SCN-04903,Green,Communication,Orbit Correction,Signal Stable,None,Continue Downlink,Telemetry transmitted successfully,No,Low
SCN-04904,Red,Power,Downlink,Battery < 20%,Power Failure,Enter Safe Mode,Prevent complete battery depletion,Yes,Critical
SCN-04905,Green,Thermal,Capturing Earth Images,Temperature < 45°C,None,Continue Operation,Subsystem remains stable,No,Low
SCN-04906,Green,Storage,Calibration,Storage < 70%,None,Continue Capturing Images,Store additional payload data,No,Low
SCN-04907,Green,Thermal,Idle,Temperature < 45°C,None,Continue Operation,Subsystem remains stable,No,Low
SCN-04908,Red,Thermal,Capturing Earth Images,Temperature > 70°C,Thermal Failure,Shutdown Payload,Prevent hardware damage,Yes,Critical
SCN-04909,Green,Storage,Idle,Storage < 70%,None,Continue Capturing Images,Store additional payload data,No,Low
SCN-04910,Yellow,Power,Calibration,Battery 30-70%,Potential Power Anomaly,Reduce Payload Power,Battery drain reduced,Yes,Medium
SCN-04911,Green,Storage,Orbit Correction,Storage < 70%,None,Continue Capturing Images,Store additional payload data,No,Low
SCN-04912,Yellow,Power,Downlink,Solar Output Low,Potential Power Anomaly,Rotate Solar Panels,Increase charging efficiency,Yes,Medium
SCN-04913,Green,Power,Calibration,Battery > 70%,None,Continue Mission,Nominal power operation,No,Low
SCN-04914,Yellow,Payload,Downlink,Camera Temperature Rising,Potential Payload Anomaly,Reduce Image Capture Rate,Prevent camera shutdown,Yes,Medium
SCN-04915,Red,Power,Capturing Earth Images,Battery < 20%,Power Failure,Enter Safe Mode,Prevent complete battery depletion,Yes,Critical
SCN-04916,Green,Storage,Orbit Correction,Storage < 70%,None,Continue Capturing Images,Store additional payload data,No,Low
SCN-04917,Green,Communication,Idle,Signal Stable,None,Continue Downlink,Telemetry transmitted successfully,No,Low
SCN-04918,Green,Communication,Calibration,Signal Stable,None,Continue Downlink,Telemetry transmitted successfully,No,Low
SCN-04919,Yellow,Thermal,Downlink,Temperature 45-65°C,Potential Thermal Anomaly,Reduce CPU Load,Prevent overheating,Yes,Medium
SCN-04920,Red,Communication,Orbit Correction,Communication Lost,Communication Failure,Queue Commands,Resume during next communication window,Yes,Critical
SCN-04921,Green,Communication,Orbit Correction,Signal Stable,None,Continue Downlink,Telemetry transmitted successfully,No,Low
SCN-04922,Green,Communication,Downlink,Signal Stable,None,Continue Downlink,Telemetry transmitted successfully,No,Low
SCN-04923,Yellow,Communication,Orbit Correction,Weak Signal,Potential Communication Anomaly,Prepare Next Ground Pass,Avoid communication failure,Yes,Medium
SCN-04924,Green,Communication,Orbit Correction,Signal Stable,None,Continue Downlink,Telemetry transmitted successfully,No,Low
SCN-04925,Yellow,Thermal,Calibration,Temperature 45-65°C,Potential Thermal Anomaly,Reduce CPU Load,Prevent overheating,Yes,Medium
SCN-04926,Green,Communication,Capturing Earth Images,Signal Stable,None,Continue Downlink,Telemetry transmitted successfully,No,Low
SCN-04927,Red,Power,Capturing Earth Images,Battery < 20%,Power Failure,Enter Safe Mode,Prevent complete battery depletion,Yes,Critical
SCN-04928,Yellow,Power,Idle,Solar Output Low,Potential Power Anomaly,Rotate Solar Panels,Increase charging efficiency,Yes,Medium
SCN-04929,Yellow,Storage,Calibration,Storage 70-90%,Potential Storage Anomaly,Schedule Downlink,Avoid storage overflow,Yes,Medium
SCN-04930,Green,Payload,Downlink,Camera Operational,None,Capture Earth Images,Mission objective achieved,No,Low
SCN-04931,Red,Payload,Idle,Camera Failure,Payload Failure,Restart Camera Module,Restore payload functionality,Yes,Critical
SCN-04932,Yellow,Power,Downlink,Solar Output Low,Potential Power Anomaly,Rotate Solar Panels,Increase charging efficiency,Yes,Medium
SCN-04933,Red,Payload,Downlink,Camera Failure,Payload Failure,Restart Camera Module,Restore payload functionality,Yes,Critical
SCN-04934,Green,Thermal,Orbit Correction,Temperature < 45°C,None,Continue Operation,Subsystem remains stable,No,Low
SCN-04935,Green,Power,Calibration,Solar Output Normal,None,Continue Charging,Battery remains healthy,No,Low
SCN-04936,Green,Storage,Downlink,Storage < 70%,None,Continue Capturing Images,Store additional payload data,No,Low
SCN-04937,Green,Payload,Downlink,Camera Operational,None,Capture Earth Images,Mission objective achieved,No,Low
SCN-04938,Green,Power,Calibration,Solar Output Normal,None,Continue Charging,Battery remains healthy,No,Low
SCN-04939,Green,Power,Downlink,Battery > 70%,None,Continue Mission,Nominal power operation,No,Low
SCN-04940,Yellow,Power,Calibration,Solar Output Low,Potential Power Anomaly,Rotate Solar Panels,Increase charging efficiency,Yes,Medium
SCN-04941,Green,Communication,Idle,Signal Stable,None,Continue Downlink,Telemetry transmitted successfully,No,Low
SCN-04942,Green,Payload,Orbit Correction,Camera Operational,None,Capture Earth Images,Mission objective achieved,No,Low
SCN-04943,Green,Communication,Capturing Earth Images,Signal Stable,None,Continue Downlink,Telemetry transmitted successfully,No,Low
SCN-04944,Yellow,Thermal,Capturing Earth Images,Temperature 45-65°C,Potential Thermal Anomaly,Reduce CPU Load,Prevent overheating,Yes,Medium
SCN-04945,Red,Storage,Downlink,Storage > 95%,Storage Failure,Stop Image Capture and Downlink,Free storage space,Yes,Critical
SCN-04946,Green,Thermal,Idle,Temperature < 45°C,None,Continue Operation,Subsystem remains stable,No,Low
SCN-04947,Yellow,Thermal,Idle,Temperature 45-65°C,Potential Thermal Anomaly,Reduce CPU Load,Prevent overheating,Yes,Medium
SCN-04948,Yellow,Storage,Capturing Earth Images,Storage 70-90%,Potential Storage Anomaly,Schedule Downlink,Avoid storage overflow,Yes,Medium
SCN-04949,Yellow,Storage,Downlink,Storage 70-90%,Potential Storage Anomaly,Schedule Downlink,Avoid storage overflow,Yes,Medium
SCN-04950,Green,Power,Capturing Earth Images,Battery > 70%,None,Continue Mission,Nominal power operation,No,Low
SCN-04951,Green,Payload,Downlink,Camera Operational,None,Capture Earth Images,Mission objective achieved,No,Low
SCN-04952,Green,Power,Calibration,Battery > 70%,None,Continue Mission,Nominal power operation,No,Low
SCN-04953,Red,Power,Orbit Correction,Solar Panel Failure,Power Failure,Disable Payload,Reduce power consumption,Yes,Critical
SCN-04954,Green,Payload,Calibration,Camera Operational,None,Capture Earth Images,Mission objective achieved,No,Low
SCN-04955,Green,Communication,Capturing Earth Images,Signal Stable,None,Continue Downlink,Telemetry transmitted successfully,No,Low
SCN-04956,Green,Storage,Orbit Correction,Storage < 70%,None,Continue Capturing Images,Store additional payload data,No,Low
SCN-04957,Yellow,Power,Idle,Battery 30-70%,Potential Power Anomaly,Reduce Payload Power,Battery drain reduced,Yes,Medium
SCN-04958,Green,Payload,Downlink,Camera Operational,None,Capture Earth Images,Mission objective achieved,No,Low
SCN-04959,Green,Thermal,Downlink,Temperature < 45°C,None,Continue Operation,Subsystem remains stable,No,Low
SCN-04960,Green,Storage,Capturing Earth Images,Storage < 70%,None,Continue Capturing Images,Store additional payload data,No,Low
SCN-04961,Yellow,Payload,Calibration,Camera Temperature Rising,Potential Payload Anomaly,Reduce Image Capture Rate,Prevent camera shutdown,Yes,Medium
SCN-04962,Green,Payload,Capturing Earth Images,Camera Operational,None,Capture Earth Images,Mission objective achieved,No,Low
SCN-04963,Yellow,Power,Capturing Earth Images,Battery 30-70%,Potential Power Anomaly,Reduce Payload Power,Battery drain reduced,Yes,Medium
SCN-04964,Red,Payload,Downlink,Camera Failure,Payload Failure,Restart Camera Module,Restore payload functionality,Yes,Critical
SCN-04965,Green,Communication,Orbit Correction,Signal Stable,None,Continue Downlink,Telemetry transmitted successfully,No,Low
SCN-04966,Green,Power,Downlink,Solar Output Normal,None,Continue Charging,Battery remains healthy,No,Low
SCN-04967,Yellow,Storage,Calibration,Storage 70-90%,Potential Storage Anomaly,Schedule Downlink,Avoid storage overflow,Yes,Medium
SCN-04968,Green,Thermal,Downlink,Temperature < 45°C,None,Continue Operation,Subsystem remains stable,No,Low
SCN-04969,Green,Power,Capturing Earth Images,Solar Output Normal,None,Continue Charging,Battery remains healthy,No,Low
SCN-04970,Green,Thermal,Capturing Earth Images,Temperature < 45°C,None,Continue Operation,Subsystem remains stable,No,Low
SCN-04971,Green,Communication,Calibration,Signal Stable,None,Continue Downlink,Telemetry transmitted successfully,No,Low
SCN-04972,Green,Payload,Downlink,Camera Operational,None,Capture Earth Images,Mission objective achieved,No,Low
SCN-04973,Yellow,Payload,Capturing Earth Images,Camera Temperature Rising,Potential Payload Anomaly,Reduce Image Capture Rate,Prevent camera shutdown,Yes,Medium
SCN-04974,Red,Storage,Idle,Storage > 95%,Storage Failure,Stop Image Capture and Downlink,Free storage space,Yes,Critical
SCN-04975,Green,Thermal,Downlink,Temperature < 45°C,None,Continue Operation,Subsystem remains stable,No,Low
SCN-04976,Green,Power,Idle,Solar Output Normal,None,Continue Charging,Battery remains healthy,No,Low
SCN-04977,Green,Power,Calibration,Solar Output Normal,None,Continue Charging,Battery remains healthy,No,Low
SCN-04978,Green,Thermal,Idle,Temperature < 45°C,None,Continue Operation,Subsystem remains stable,No,Low
SCN-04979,Green,Thermal,Orbit Correction,Temperature < 45°C,None,Continue Operation,Subsystem remains stable,No,Low
SCN-04980,Red,Power,Capturing Earth Images,Solar Panel Failure,Power Failure,Disable Payload,Reduce power consumption,Yes,Critical
SCN-04981,Green,Storage,Capturing Earth Images,Storage < 70%,None,Continue Capturing Images,Store additional payload data,No,Low
SCN-04982,Green,Power,Orbit Correction,Solar Output Normal,None,Continue Charging,Battery remains healthy,No,Low
SCN-04983,Green,Communication,Idle,Signal Stable,None,Continue Downlink,Telemetry transmitted successfully,No,Low
SCN-04984,Yellow,Communication,Capturing Earth Images,Weak Signal,Potential Communication Anomaly,Prepare Next Ground Pass,Avoid communication failure,Yes,Medium
SCN-04985,Yellow,Storage,Idle,Storage 70-90%,Potential Storage Anomaly,Schedule Downlink,Avoid storage overflow,Yes,Medium
SCN-04986,Green,Communication,Idle,Signal Stable,None,Continue Downlink,Telemetry transmitted successfully,No,Low
SCN-04987,Green,Power,Capturing Earth Images,Solar Output Normal,None,Continue Charging,Battery remains healthy,No,Low
SCN-04988,Yellow,Thermal,Idle,Temperature 45-65°C,Potential Thermal Anomaly,Reduce CPU Load,Prevent overheating,Yes,Medium
SCN-04989,Green,Thermal,Calibration,Temperature < 45°C,None,Continue Operation,Subsystem remains stable,No,Low
SCN-04990,Red,Payload,Idle,Camera Failure,Payload Failure,Restart Camera Module,Restore payload functionality,Yes,Critical
SCN-04991,Green,Communication,Idle,Signal Stable,None,Continue Downlink,Telemetry transmitted successfully,No,Low
SCN-04992,Green,Thermal,Capturing Earth Images,Temperature < 45°C,None,Continue Operation,Subsystem remains stable,No,Low
SCN-04993,Green,Power,Orbit Correction,Solar Output Normal,None,Continue Charging,Battery remains healthy,No,Low
SCN-04994,Green,Thermal,Calibration,Temperature < 45°C,None,Continue Operation,Subsystem remains stable,No,Low
SCN-04995,Yellow,Storage,Downlink,Storage 70-90%,Potential Storage Anomaly,Schedule Downlink,Avoid storage overflow,Yes,Medium
SCN-04996,Yellow,Thermal,Idle,Temperature 45-65°C,Potential Thermal Anomaly,Reduce CPU Load,Prevent overheating,Yes,Medium
SCN-04997,Green,Communication,Idle,Signal Stable,None,Continue Downlink,Telemetry transmitted successfully,No,Low
SCN-04998,Green,Power,Downlink,Battery > 70%,None,Continue Mission,Nominal power operation,No,Low
SCN-04999,Green,Thermal,Capturing Earth Images,Temperature < 45°C,None,Continue Operation,Subsystem remains stable,No,Low
SCN-05000,Yellow,Thermal,Calibration,Temperature 45-65°C,Potential Thermal Anomaly,Reduce CPU Load,Prevent overheating,Yes,Medium
